a,b,L,chroma,hue_deg,metal,scope,morph
-0.10102619998178158,-0.01633062046306214,0.14396179575049972,-0.11076028424933279,-0.012209067959965535,Chromium,baseline,circ
-0.026593667316876023,0.11934095366132785,0.19434768086761592,0.020888158755786184,0.1638588302304422,Chromium,baseline,solid
-0.010588256234837612,-0.08396579542801264,-0.07961347619092493,-0.025224563045702076,-0.05721905144820785,Chromium,baseline,ecc
0.10187848728427133,0.016395117880547854,-0.14430438592909267,0.11131144399875616,0.012152109201666464,Chromium,baseline,compact
-0.10142407366107654,-0.0011192814820166334,0.10810583858683646,-0.09970149003692898,0.030042185080365255,Chromium,baseline,extent
-0.02638509774604561,-0.0873234304668629,-0.07494411445359904,-0.03680101185558861,-0.056888188072794145,Chromium,baseline,aspect
-0.013810614222727594,0.1290289683449607,0.1899182997810648,0.03384962678401846,0.17019674853441139,Chromium,baseline,lnA
0.24248739755152435,0.19500874455608522,0.27321079524021813,0.2653518397860156,0.007650629265114364,Chromium,change,circ
-0.008490792496827956,0.08828486677411612,0.11113044820136485,0.01984842769452351,0.071723363396317,Chromium,change,solid
-0.0452685093103803,-0.07388292582558897,-0.09258255889715718,-0.0707357429443435,-0.010009944789273346,Chromium,change,ecc
-0.24746922259181786,-0.20770206783032133,-0.2675054010493468,-0.2723834916498063,-0.020869483213881556,Chromium,change,compact
0.15062154932958405,0.1334213504337986,0.17403295497410928,0.17380919721545904,0.006560131682726931,Chromium,change,extent
-0.10246905112993382,-0.13565035492609992,-0.0954562600733857,-0.13130722540379275,-0.05457031651863791,Chromium,change,aspect
-0.09253883611673126,-0.07460820959500704,0.04993055793697061,-0.08114176468571038,0.045535132540036355,Chromium,change,lnA
-0.10983911989116933,-0.004448601171112557,-0.0985246495534394,-0.08098383805524338,0.0956264417105341,Copper,baseline,circ
0.15295624593363696,0.05738044892648016,0.2681197137280416,0.1400115336842728,-0.059174454368013246,Copper,baseline,solid
-0.02942642100904951,-0.04734022889927249,-0.02418377003607973,-0.06115440350150825,-0.016361196545809427,Copper,baseline,ecc
0.10893084225468741,0.004820118885668658,0.09779677056840362,0.08067368545572841,-0.09468822085526704,Copper,baseline,compact
-0.04039709883480216,-0.1019821671497013,-0.016678003193943337,-0.07620475246939137,-0.039566451765540904,Copper,baseline,extent
-0.05367931921689242,-0.04488599396699592,-0.011433503874134974,-0.07471017921570947,0.009065401904536583,Copper,baseline,aspect
0.1558082451055776,0.053169545158809964,0.2688424173419294,0.13837648607085823,-0.06687725498314306,Copper,baseline,lnA
0.10657803029960775,0.4082618940150328,-0.1394392268494922,0.3092022932318938,0.17267581095417028,Copper,change,circ
0.2081844343948642,0.5773115597599326,-0.121246073113503,0.4710280074436806,0.28250911670158374,Copper,change,solid
-0.10325375582641323,-0.3755218564680631,0.15474140356338895,-0.298713209247348,-0.20488726668164384,Copper,change,ecc
-0.10854080614682746,-0.4075148152818056,0.13725343629521233,-0.3090174744138882,-0.17078080200688595,Copper,change,compact
0.1629194309058956,0.3532860991195642,-0.17568917910463086,0.2937723861793309,0.10816007938173587,Copper,change,extent
-0.1401785021215147,-0.38454676470551996,0.14523062718881954,-0.3147443935211558,-0.17086540795468408,Copper,change,aspect
0.23954572355951187,0.6103037723163589,-0.15055340914738152,0.4993356790263909,0.2342516911948619,Copper,change,lnA
-0.11631239108364139,-0.009082806258756022,-0.03361443333956884,-0.11624752630643162,0.018341094905856305,Iron,baseline,circ
-0.044726001335519426,0.10202592390319162,0.15109612786237547,-0.03682639811104502,0.12337106880357497,Iron,baseline,solid
-0.02150556939401819,0.047055341817105655,-0.03606423697883033,-0.0004175670032878334,0.05464683734983369,Iron,baseline,ecc
0.11620698582067551,0.009175470226198535,0.032851113907761124,0.116040190679279,-0.01826464713271623,Iron,baseline,compact
-0.002707525298710986,-0.14176023314254207,-0.02085228842354846,-0.04405534587115423,-0.17362968814520907,Iron,baseline,extent
0.006651535412983032,0.04655379809332304,-0.03367582321799951,0.02599166371782895,0.0499568822976494,Iron,baseline,aspect
-0.045703606192037956,0.09922399718764859,0.15454322745123703,-0.03757813454692242,0.1206502230595441,Iron,baseline,lnA
0.17281096661621667,0.15456026529648234,-0.37610210829726326,0.21469541997242922,-0.09418989135569203,Iron,change,circ
0.18183798791127223,-0.10969508256774603,-0.1021217934504931,0.09575930513915534,-0.15814639507196362,Iron,change,solid
-0.2917972101452768,-0.05542884135231797,0.3579555204226235,-0.2967522389210762,0.2650014942207398,Iron,change,ecc
-0.17494722026741732,-0.1538121909132099,0.3774401588694052,-0.21640750773620743,0.0964611068801635,Iron,change,compact
-0.039900513819131816,-0.10134672669256652,-0.11005369554529418,-0.027287362748594952,-0.15831991748045462,Iron,change,extent
-0.34007114418748136,-0.08471171179855977,0.41231430692258014,-0.3398937657254683,0.2740053791946633,Iron,change,aspect
0.17268757290351194,-0.19514908466929523,-0.0560728022904958,0.07141218320110283,-0.21709002920960546,Iron,change,lnA
0.16291703540025687,0.04532170975123996,-0.025063806943001577,0.16663002233472035,-0.03983467909642407,Lead,baseline,circ
0.14071927326960884,0.2524647893775411,0.15157744687946034,0.15520294547140187,0.18663370509008095,Lead,baseline,solid
-0.2009355297945902,-0.18155938122381077,-0.03667639573679843,-0.2113988607277198,-0.10435343824605571,Lead,baseline,ecc
-0.16325049882096865,-0.045315296993149345,0.02540414117595326,-0.16689157125398738,0.04007469947067263,Lead,baseline,compact
0.19170390646900717,-0.02556995677801047,0.0931292793708901,0.1737523063026419,-0.13748220459629856,Lead,baseline,extent
-0.22734051928682802,-0.18666531082638466,-0.07593484271336622,-0.23376243846042508,-0.10295270865740665,Lead,baseline,aspect
0.15340416682698563,0.2477482058018971,0.15104198157889434,0.16713571411557993,0.1768226432655963,Lead,baseline,lnA
0.029514800292788905,-0.025453053536545,0.04331131200201409,0.035667097147173046,-0.09196835268941529,Lead,change,circ
0.002833711752117824,0.12642979360246911,0.051552294057037894,9.044752877769953e-05,0.17993743268885581,Lead,change,solid
-0.098135568723804,-0.08368634288937894,-0.01892404738704549,-0.09981584137181859,-0.04617952435789247,Lead,change,ecc
-0.03460597046934808,0.02309209330082195,-0.044823743874977263,-0.040487857186149404,0.0903794600189287,Lead,change,compact
0.021872450335448435,-0.1582262959872068,-0.06190993477520992,-0.03612772682981411,-0.18264712875718567,Lead,change,extent
-0.050927553394346556,-0.057165635533756975,-0.008842411498957987,-0.050580682459240335,-0.012508799985080818,Lead,change,aspect
-0.012363337980036273,0.043255365076996954,0.05795448717649856,-0.025031586701415923,0.09046897509895613,Lead,change,lnA
