zn_set,zinc_measure,other,n_strains,spearman
A,Zn a at dose 15,Chromium d_a,80,-0.2906469760900141
A,Zn a at dose 15,Chromium d_lnA,80,0.00546179090482888
A,Zn a at dose 15,Chromium a_top,80,0.019831223628691986
A,Zn a at dose 15,Chromium a_0,80,0.3858884200656353
A,Zn a at dose 15,Copper d_a,80,-0.05089076418190343
A,Zn a at dose 15,Copper d_lnA,80,0.24109235818096578
A,Zn a at dose 15,Copper a_top,80,0.4262306610407876
A,Zn a at dose 15,Copper a_0,80,0.3022034692920769
A,Zn a at dose 15,Iron d_a,76,-0.4192481203007519
A,Zn a at dose 15,Iron d_lnA,76,0.09391660970608338
A,Zn a at dose 15,Iron a_top,76,0.01755297334244703
A,Zn a at dose 15,Iron a_0,76,0.34129870129870127
A,Zn a at dose 15,Lead d_a,80,-0.4350210970464135
A,Zn a at dose 15,Lead d_lnA,80,-0.17243319268635726
A,Zn a at dose 15,Lead a_top,80,0.13112986404125648
A,Zn a at dose 15,Lead a_0,80,0.44627285513361464
A,Zn d_a (15 vs 0),Chromium d_a,80,-0.12517580872011252
A,Zn d_a (15 vs 0),Chromium d_lnA,80,-0.009915611814345993
A,Zn d_a (15 vs 0),Chromium a_top,80,-0.04479606188466948
A,Zn d_a (15 vs 0),Chromium a_0,80,0.15128926394749181
A,Zn d_a (15 vs 0),Copper d_a,80,0.20398499765588374
A,Zn d_a (15 vs 0),Copper d_lnA,80,0.3533052039381153
A,Zn d_a (15 vs 0),Copper a_top,80,0.4164791373652133
A,Zn d_a (15 vs 0),Copper a_0,80,0.014908579465541492
A,Zn d_a (15 vs 0),Iron d_a,76,-0.4806835269993165
A,Zn d_a (15 vs 0),Iron d_lnA,76,0.17230348598769651
A,Zn d_a (15 vs 0),Iron a_top,76,-0.2925222146274778
A,Zn d_a (15 vs 0),Iron a_0,76,-0.01747095010252905
A,Zn d_a (15 vs 0),Lead d_a,80,-0.10911861228316926
A,Zn d_a (15 vs 0),Lead d_lnA,80,-0.2247304266291608
A,Zn d_a (15 vs 0),Lead a_top,80,0.09371776840131271
A,Zn d_a (15 vs 0),Lead a_0,80,0.12140178152836381
A,Zn d_lnA (15 vs 0),Chromium d_a,80,-0.12076887013595874
A,Zn d_lnA (15 vs 0),Chromium d_lnA,80,-0.016807313642756685
A,Zn d_lnA (15 vs 0),Chromium a_top,80,-0.035443037974683546
A,Zn d_lnA (15 vs 0),Chromium a_0,80,0.12264416315049227
A,Zn d_lnA (15 vs 0),Copper d_a,80,0.08300515705578998
A,Zn d_lnA (15 vs 0),Copper d_lnA,80,0.4503047351148617
A,Zn d_lnA (15 vs 0),Copper a_top,80,0.26690107829348336
A,Zn d_lnA (15 vs 0),Copper a_0,80,0.07172995780590717
A,Zn d_lnA (15 vs 0),Iron d_a,76,-0.5277648667122351
A,Zn d_lnA (15 vs 0),Iron d_lnA,76,-0.05818181818181818
A,Zn d_lnA (15 vs 0),Iron a_top,76,-0.3271086807928913
A,Zn d_lnA (15 vs 0),Iron a_0,76,0.06345864661654135
A,Zn d_lnA (15 vs 0),Lead d_a,80,-0.16734646038443507
A,Zn d_lnA (15 vs 0),Lead d_lnA,80,-0.16985466479137368
A,Zn d_lnA (15 vs 0),Lead a_top,80,0.13232536333802158
A,Zn d_lnA (15 vs 0),Lead a_0,80,0.19664791373652132
A,Zn lnA at dose 15,Chromium d_a,80,-0.08492733239568684
A,Zn lnA at dose 15,Chromium d_lnA,80,0.023839662447257385
A,Zn lnA at dose 15,Chromium a_top,80,-0.03450539146741679
A,Zn lnA at dose 15,Chromium a_0,80,0.08764650726676043
A,Zn lnA at dose 15,Copper d_a,80,0.14081106422878578
A,Zn lnA at dose 15,Copper d_lnA,80,0.4369198312236287
A,Zn lnA at dose 15,Copper a_top,80,0.3275199249882794
A,Zn lnA at dose 15,Copper a_0,80,0.04817158931082982
A,Zn lnA at dose 15,Iron d_a,76,-0.5400956937799043
A,Zn lnA at dose 15,Iron d_lnA,76,0.009295967190704031
A,Zn lnA at dose 15,Iron a_top,76,-0.3807518796992481
A,Zn lnA at dose 15,Iron a_0,76,0.0004647983595352017
A,Zn lnA at dose 15,Lead d_a,80,-0.13513830285982187
A,Zn lnA at dose 15,Lead d_lnA,80,-0.1842709798406001
A,Zn lnA at dose 15,Lead a_top,80,0.11043131739334272
A,Zn lnA at dose 15,Lead a_0,80,0.1637130801687764
B,Zn a at dose 30,Chromium d_a,65,-0.16302447552447552
B,Zn a at dose 30,Chromium d_lnA,65,0.3462412587412588
B,Zn a at dose 30,Chromium a_top,65,0.39737762237762236
B,Zn a at dose 30,Chromium a_0,65,0.4470716783216783
B,Zn a at dose 30,Copper d_a,67,-0.08396520073429643
B,Zn a at dose 30,Copper d_lnA,67,0.12036076302977093
B,Zn a at dose 30,Copper a_top,67,0.11098252055231864
B,Zn a at dose 30,Copper a_0,67,0.18692633091228353
B,Zn a at dose 30,Lead d_a,66,-0.27994990084542326
B,Zn a at dose 30,Lead d_lnA,66,0.03442229412378667
B,Zn a at dose 30,Lead a_top,66,-0.09625300073061269
B,Zn a at dose 30,Lead a_0,66,0.26183070660682606
B,Zn d_a (30 vs 15),Chromium d_a,64,0.4329212454212454
B,Zn d_a (30 vs 15),Chromium d_lnA,64,0.12152014652014652
B,Zn d_a (30 vs 15),Chromium a_top,64,0.11927655677655676
B,Zn d_a (30 vs 15),Chromium a_0,64,-0.24995421245421243
B,Zn d_a (30 vs 15),Copper d_a,65,-0.11433566433566433
B,Zn d_a (30 vs 15),Copper d_lnA,65,-0.17425699300699302
B,Zn d_a (30 vs 15),Copper a_top,65,0.054283216783216785
B,Zn d_a (30 vs 15),Copper a_0,65,0.127229020979021
B,Zn d_a (30 vs 15),Lead d_a,64,0.17280219780219777
B,Zn d_a (30 vs 15),Lead d_lnA,64,-0.012316849816849816
B,Zn d_a (30 vs 15),Lead a_top,64,0.11112637362637359
B,Zn d_a (30 vs 15),Lead a_0,64,-0.12664835164835164
B,Zn d_lnA (30 vs 15),Chromium d_a,64,0.08072344322344321
B,Zn d_lnA (30 vs 15),Chromium d_lnA,64,-0.016254578754578752
B,Zn d_lnA (30 vs 15),Chromium a_top,64,-0.11968864468864467
B,Zn d_lnA (30 vs 15),Chromium a_0,64,-0.12028388278388276
B,Zn d_lnA (30 vs 15),Copper d_a,65,-0.0045017482517482514
B,Zn d_lnA (30 vs 15),Copper d_lnA,65,0.15367132867132868
B,Zn d_lnA (30 vs 15),Copper a_top,65,-0.001048951048951049
B,Zn d_lnA (30 vs 15),Copper a_0,65,0.01958041958041958
B,Zn d_lnA (30 vs 15),Lead d_a,64,0.0951007326007326
B,Zn d_lnA (30 vs 15),Lead d_lnA,64,-0.2877289377289377
B,Zn d_lnA (30 vs 15),Lead a_top,64,0.2607600732600732
B,Zn d_lnA (30 vs 15),Lead a_0,64,0.010393772893772893
B,Zn lnA at dose 30,Chromium d_a,65,-0.17613636363636362
B,Zn lnA at dose 30,Chromium d_lnA,65,0.16481643356643355
B,Zn lnA at dose 30,Chromium a_top,65,0.006643356643356644
B,Zn lnA at dose 30,Chromium a_0,65,0.23907342657342656
B,Zn lnA at dose 30,Copper d_a,67,0.14366669327160989
B,Zn lnA at dose 30,Copper d_lnA,67,0.35186367627105125
B,Zn lnA at dose 30,Copper a_top,67,0.11732779950514806
B,Zn lnA at dose 30,Copper a_0,67,-0.08228908931279433
B,Zn lnA at dose 30,Lead d_a,66,-0.042020665901262924
B,Zn lnA at dose 30,Lead d_lnA,66,-0.26049472915144556
B,Zn lnA at dose 30,Lead a_top,66,0.28099363323243925
B,Zn lnA at dose 30,Lead a_0,66,0.17449118046132972
