"Metal","conc","size_adjusted","effect_vs_0","se"
"Chromium",0.2,FALSE,2.19937604657604,0.546300897779517
"Chromium",0.4,FALSE,3.00118676119251,0.546324992904459
"Chromium",0.6,FALSE,-0.210053382104563,0.546455122868783
"Chromium",0.8,FALSE,-0.553800927353996,0.546396674753697
"Chromium",1,FALSE,-6.96164955694504,0.546835287404584
"Chromium",1.2,FALSE,-14.0798794514211,0.55006610910403
"Chromium",0.2,TRUE,2.17234081923239,0.516022201892574
"Chromium",0.4,TRUE,3.10302108434751,0.516057990312535
"Chromium",0.6,TRUE,1.17984252360827,0.518666823681837
"Chromium",0.8,TRUE,0.939684818833759,0.518995783141637
"Chromium",1,TRUE,-3.31715795040768,0.533461972506896
"Chromium",1.2,TRUE,-9.14469260624635,0.55013406160871
"Copper",5,FALSE,0.684062963466862,0.268998328714868
"Copper",10,FALSE,-2.80951222648036,0.269450501298504
"Copper",15,FALSE,-5.58788690348614,0.26944421246976
"Copper",20,FALSE,-9.0498182819714,0.270206186808339
"Copper",25,FALSE,-11.4918906555507,0.270721360100513
"Copper",30,FALSE,-14.6655880269051,0.271401992307333
"Copper",5,TRUE,0.0503481137284176,0.209281539477651
"Copper",10,TRUE,-3.21110393657072,0.20950713356826
"Copper",15,TRUE,-5.55850890754522,0.209362772019049
"Copper",20,TRUE,-8.61355806800186,0.210230961369229
"Copper",25,TRUE,-10.5618481354803,0.211271201175214
"Copper",30,TRUE,-12.30136113984,0.215784308970364
"Lead",5,FALSE,3.65278053557835,0.659369675122068
"Lead",10,FALSE,6.93082717485442,0.659618622577192
"Lead",15,FALSE,4.03203821259822,0.659820927562212
"Lead",20,FALSE,-11.4366011671588,0.662330029389538
"Lead",25,FALSE,-10.8424232427515,0.661506650838291
"Lead",30,FALSE,-11.6358568674432,0.662951921175685
"Lead",5,TRUE,4.43782816441205,0.486611182266593
"Lead",10,TRUE,7.49238993011682,0.486724674129852
"Lead",15,TRUE,7.56111331635438,0.492402213290943
"Lead",20,TRUE,-0.904912704609337,0.537199680878497
"Lead",25,TRUE,-0.649628329634823,0.533576250635603
"Lead",30,TRUE,-1.40776063219358,0.535179693693837
