Metal,conc,effect_at_fixed_size,se,min_area
Chromium,0.2,2.17229756135661,0.530391023618688,0
Chromium,0.4,3.10306684990533,0.530425877249287,0
Chromium,0.6,1.18278347509284,0.532965882658657,0
Chromium,0.8,0.94281504021525,0.533286002951973,0
Chromium,1.0,-3.30807675174972,0.547378448637009,0
Chromium,1.2,-9.11747565291618,0.563670048076301,0
Copper,5.0,0.050800463449329,0.211298752504743,0
Copper,10.0,-3.21078536687748,0.211522696366059,0
Copper,15.0,-5.55820689763386,0.2113800227049,0
Copper,20.0,-8.61332087272846,0.212241077646123,0
Copper,25.0,-10.5616582828254,0.213272648598693,0
Copper,30.0,-12.3020054532552,0.217744825536469,0
Iron,5.0,2.52854081615894,0.178638876533377,0
Iron,10.0,3.0876022780166,0.17901906523937,0
Iron,15.0,2.86742960329223,0.179531211001593,0
Iron,20.0,3.58039716594525,0.181871018699492,0
Iron,25.0,4.28182697989087,0.187965882762618,0
Iron,30.0,4.64006117045105,0.188777720315577,0
Lead,5.0,4.4378276137083,0.486609563360379,0
Lead,10.0,7.49238961152579,0.486723055061604,0
Lead,15.0,7.56110972195464,0.492400608538499,0
Lead,20.0,-0.904922695258918,0.537198177905169,0
Lead,25.0,-0.649637801385986,0.533574738238349,0
Lead,30.0,-1.40777074361677,0.535178182714749,0
Chromium,0.2,2.16630483474366,0.528639410928316,1000
Chromium,0.4,3.11113784787943,0.52871151518543,1000
Chromium,0.6,1.1455506116848,0.535093952520554,1000
Chromium,0.8,0.899822683878363,0.535885420238819,1000
Chromium,1.0,-3.18827209232724,0.563664964624183,1000
Chromium,1.2,-9.62152511682763,0.587124539348577,1000
Copper,5.0,0.079328095562012,0.206345086344441,1000
Copper,10.0,-3.21610976706299,0.205800709085952,1000
Copper,15.0,-5.51539860636134,0.206066618991887,1000
Copper,20.0,-8.65093597293911,0.207169746043645,1000
Copper,25.0,-10.5859066319505,0.209310923081699,1000
Copper,30.0,-12.3470308229694,0.220019936315067,1000
Iron,5.0,2.46808870481541,0.181021023849469,1000
Iron,10.0,3.16545126778185,0.182052632146,1000
Iron,15.0,2.99653169763059,0.183689349607941,1000
Iron,20.0,3.8364989389943,0.190700603227543,1000
Iron,25.0,4.52134786098081,0.195901795834062,1000
Iron,30.0,4.91293385268201,0.198218011861791,1000
Lead,5.0,4.7876141794186,0.383643561944683,1000
Lead,10.0,7.79268121339901,0.383574649813537,1000
Lead,15.0,8.87011167874484,0.395538246647047,1000
Lead,20.0,0.587337129775231,0.476420294721714,1000
Lead,25.0,1.23211903743322,0.474825487552255,1000
Lead,30.0,0.449895537693172,0.475546556919166,1000
Chromium,0.2,2.15141488490464,0.54708409572518,2000
Chromium,0.4,3.10559574182526,0.547158701304863,2000
Chromium,0.6,1.17087521187419,0.55546443418978,2000
Chromium,0.8,0.92118846919026,0.556525198445104,2000
Chromium,1.0,-2.92551338894426,0.588701237842983,2000
Chromium,1.2,-9.82572142693562,0.612043249720574,2000
Copper,5.0,0.0802616183978926,0.20623311883963,2000
Copper,10.0,-3.2077515393098,0.205632719355538,2000
Copper,15.0,-5.51973884030578,0.205869584065156,2000
Copper,20.0,-8.65443722973642,0.207061818407408,2000
Copper,25.0,-10.5737080187943,0.209410301099584,2000
Copper,30.0,-12.3599411393107,0.22097959839515,2000
Iron,5.0,2.4678627062467,0.181019077096242,2000
Iron,10.0,3.16495834641702,0.182069946794398,2000
Iron,15.0,2.99592001238273,0.18372254052579,2000
Iron,20.0,3.83559337250752,0.190790008137993,2000
Iron,25.0,4.52047730350319,0.195980190833224,2000
Iron,30.0,4.91203829084156,0.198308245453943,2000
Lead,5.0,4.92819526338938,0.350944901780778,2000
Lead,10.0,7.95679175860537,0.350724343830666,2000
Lead,15.0,9.49392165330726,0.38040118397482,2000
Lead,20.0,-0.0125768416621366,0.539098625927911,2000
Lead,25.0,-0.251993501989535,0.539426538576723,2000
Lead,30.0,-0.232640804093958,0.538890945472768,2000
Chromium,0.2,2.15082003385669,0.553903744226384,3000
Chromium,0.4,3.08153975077365,0.553991199748259,3000
Chromium,0.6,0.946137950376725,0.563847525990103,3000
Chromium,0.8,0.686241165602335,0.565091401546256,3000
Chromium,1.0,-3.12042616056789,0.599205161055571,3000
Chromium,1.2,-10.4628574666691,0.624811806376733,3000
Copper,5.0,0.0631427437553004,0.207195100718412,3000
Copper,10.0,-3.21499595038905,0.206556143601359,3000
Copper,15.0,-5.51481144828657,0.206754276890366,3000
Copper,20.0,-8.63733837016924,0.20806387948572,3000
Copper,25.0,-10.5208955058745,0.210536681562834,3000
Copper,30.0,-12.3206586967144,0.222270249285623,3000
Iron,5.0,2.46796155070551,0.181045415322834,3000
Iron,10.0,3.1652283046202,0.182149931027196,3000
Iron,15.0,2.99626605913402,0.183837513870016,3000
Iron,20.0,3.83617000128854,0.191007476720334,3000
Iron,25.0,4.52098813259316,0.196186126862558,3000
Iron,30.0,4.9125811462014,0.19851898399179,3000
Lead,5.0,4.91798375374283,0.359625556050573,3000
Lead,10.0,7.93715347051631,0.359459472684362,3000
Lead,15.0,9.2372832288081,0.397619670838239,3000
Lead,20.0,-1.83306298703453,0.62618285666864,3000
Lead,25.0,-2.20109217543252,0.629751343391564,3000
Lead,30.0,-2.4393287135414,0.639078396390811,3000
Chromium,0.2,2.15468765531566,0.513730839469431,5000
Chromium,0.4,3.05480034306287,0.513856828209311,5000
Chromium,0.6,0.446434519596128,0.527390214057985,5000
Chromium,0.8,0.14606660890534,0.528835545687209,5000
Chromium,1.0,-3.19934272415287,0.571554179592463,5000
Chromium,1.2,-10.6955629906766,0.613465831839321,5000
Copper,5.0,0.0096782526543221,0.205905396941518,5000
Copper,10.0,-3.23996731403311,0.205141084313813,5000
Copper,15.0,-5.54033456418154,0.205459973885173,5000
Copper,20.0,-8.6376056590542,0.206646398697729,5000
Copper,25.0,-10.465909588073,0.209511844830714,5000
Copper,30.0,-12.357383799604,0.221855787368883,5000
Iron,5.0,2.46932268379734,0.180806860184125,5000
Iron,10.0,3.16125065392476,0.181926134417869,5000
Iron,15.0,2.98991207239847,0.183631767704186,5000
Iron,20.0,3.82858854027881,0.190830105322818,5000
Iron,25.0,4.51511713760848,0.195992113243469,5000
Iron,30.0,4.90499468395993,0.198348780667943,5000
Lead,5.0,4.92425103524352,0.347200342929458,5000
Lead,10.0,7.97289087626198,0.347110345083744,5000
Lead,15.0,9.34740305036489,0.390993198625182,5000
Lead,20.0,-1.47160546557277,1.06529254489507,5000
Lead,25.0,-2.56415749703933,0.978101278819994,5000
Lead,30.0,-1.92153247868072,1.30170767983231,5000
