Strain ID,mean_auc_rate_copper,mean_auc_rate_chromium,mean_auc_rate_iron,mean_auc_rate_ph,in_top_quartile_copper,in_top_quartile_chromium,in_top_quartile_iron,in_top_quartile_ph,in_bottom_quartile_copper,in_bottom_quartile_chromium,in_bottom_quartile_iron,in_bottom_quartile_ph,n_top,n_bottom,profile_class
1,24.706606901662617,0.5994583923357876,9.985250247839023,3.2957319967288434,TRUE,FALSE,FALSE,TRUE,FALSE,FALSE,FALSE,FALSE,2,0,Polytolerant (top in ≥2 conditions)
2,24.465316554857857,0.5632477737170953,9.24433112570591,3.4126913917509314,FALSE,FALSE,FALSE,TRUE,FALSE,FALSE,FALSE,FALSE,1,0,Single-condition extreme (top)
3,25.066205256268834,0.5317421894609614,12.741982862614902,3.307237714246216,TRUE,FALSE,TRUE,TRUE,FALSE,FALSE,FALSE,FALSE,3,0,Polytolerant (top in ≥2 conditions)
4,22.4773129939826,0.4276909221399256,10.705538230791118,2.8722264557530615,FALSE,FALSE,FALSE,FALSE,FALSE,TRUE,FALSE,FALSE,0,1,Single-condition extreme (bottom)
5,24.196308314407414,0.43629678918553716,5.971749929388152,3.131502604947876,FALSE,FALSE,FALSE,FALSE,FALSE,TRUE,TRUE,FALSE,0,2,Polysensitive (bottom in ≥2 conditions)
6,25.344540320116494,0.5742133165867167,11.763829137177932,3.393370276226076,TRUE,FALSE,TRUE,TRUE,FALSE,FALSE,FALSE,FALSE,3,0,Polytolerant (top in ≥2 conditions)
7,22.882774791785103,0.588476559199323,5.127297009507243,3.1132426537955693,FALSE,FALSE,FALSE,FALSE,FALSE,FALSE,TRUE,FALSE,0,1,Single-condition extreme (bottom)
8,22.545083412404402,0.34858224229373075,3.0893356158695156,3.1545114436462955,FALSE,FALSE,FALSE,FALSE,FALSE,TRUE,TRUE,FALSE,0,2,Polysensitive (bottom in ≥2 conditions)
9,24.111976933908064,0.6409028087346287,7.050864004053892,3.419393245876547,FALSE,TRUE,FALSE,TRUE,FALSE,FALSE,FALSE,FALSE,2,0,Polytolerant (top in ≥2 conditions)
10,22.12691679878391,0.5391290848011175,6.040647143188181,NA,FALSE,FALSE,FALSE,NA,FALSE,FALSE,FALSE,NA,0,0,Not extreme (middle 50% in all conditions)
11,24.128033613285787,0.578779142175436,12.735797885084427,2.9784080412190646,FALSE,FALSE,TRUE,FALSE,FALSE,FALSE,FALSE,FALSE,1,0,Single-condition extreme (top)
12,23.960679746774204,0.5783170703564597,10.025304748098536,2.2914859989574774,FALSE,FALSE,FALSE,FALSE,FALSE,FALSE,FALSE,TRUE,0,1,Single-condition extreme (bottom)
13,25.008701432503536,0.6065272658083527,6.856206832818757,3.021534125081858,TRUE,FALSE,FALSE,FALSE,FALSE,FALSE,FALSE,FALSE,1,0,Single-condition extreme (top)
14,23.345210889037045,0.4581383094504595,10.693829400081249,3.0621940976341047,FALSE,FALSE,FALSE,FALSE,FALSE,TRUE,FALSE,FALSE,0,1,Single-condition extreme (bottom)
15,23.10906210822475,0.55485520820205525,12.720881052077743,3.733026074433741,FALSE,FALSE,TRUE,TRUE,FALSE,FALSE,FALSE,FALSE,2,0,Polytolerant (top in ≥2 conditions)
16,23.479636719653154,0.5430692476007937,16.67191351855236,4.014840322652471,FALSE,FALSE,TRUE,TRUE,FALSE,FALSE,FALSE,FALSE,2,0,Polytolerant (top in ≥2 conditions)
17,16.998044189764748,0.4843954960713087,7.285507291508095,2.9901266247610767,FALSE,FALSE,FALSE,FALSE,TRUE,TRUE,FALSE,FALSE,0,2,Polysensitive (bottom in ≥2 conditions)
18,22.335549538657755,0.5836695435676271,11.231318461566586,3.5446347764190125,FALSE,FALSE,TRUE,TRUE,FALSE,FALSE,FALSE,FALSE,2,0,Polytolerant (top in ≥2 conditions)
19,26.463538949435648,0.5733929109771185,11.091410160768563,3.045119168864268,TRUE,FALSE,TRUE,FALSE,FALSE,FALSE,FALSE,FALSE,2,0,Polytolerant (top in ≥2 conditions)
20,21.877944406333008,0.6283336543308601,6.112323181662781,2.9733366558079384,FALSE,FALSE,FALSE,FALSE,FALSE,FALSE,FALSE,FALSE,0,0,Not extreme (middle 50% in all conditions)
21,23.432404692217535,0.6186074218993332,21.781464596489855,2.6055145027830013,FALSE,FALSE,TRUE,FALSE,FALSE,FALSE,FALSE,TRUE,1,1,"Mixed (top in some, bottom in others)"
22,22.715366133570253,0.5684426852385213,NA,3.126586995355512,FALSE,FALSE,NA,FALSE,FALSE,FALSE,NA,FALSE,0,0,Not extreme (middle 50% in all conditions)
23,27.95955143915442,0.7611723404918652,8.746603066468165,NA,TRUE,TRUE,FALSE,NA,FALSE,FALSE,FALSE,NA,2,0,Polytolerant (top in ≥2 conditions)
24,25.9420135388411,0.5603569974482443,11.57436364516445,3.2738614110953232,TRUE,FALSE,TRUE,FALSE,FALSE,FALSE,FALSE,FALSE,2,0,Polytolerant (top in ≥2 conditions)
25,24.65058664653585,0.4986329628786744,3.2263705816222945,3.0380780277690063,TRUE,FALSE,FALSE,FALSE,FALSE,TRUE,TRUE,FALSE,1,2,"Mixed (top in some, bottom in others)"
26,24.232087526652503,0.5773771921516584,10.318150787027172,2.8227567740631208,FALSE,FALSE,FALSE,FALSE,FALSE,FALSE,FALSE,TRUE,0,1,Single-condition extreme (bottom)
27,25.889621361388695,0.6362332535952143,10.711243284862727,3.5247695538263484,TRUE,FALSE,FALSE,TRUE,FALSE,FALSE,FALSE,FALSE,2,0,Polytolerant (top in ≥2 conditions)
28,25.031124340623236,0.39984400406916343,9.700973441011156,3.0721107557230254,TRUE,FALSE,FALSE,FALSE,FALSE,TRUE,FALSE,FALSE,1,1,"Mixed (top in some, bottom in others)"
29,24.207166958843484,0.4866098377661835,5.567084362316565,2.9732043025071615,FALSE,FALSE,FALSE,FALSE,FALSE,TRUE,TRUE,FALSE,0,2,Polysensitive (bottom in ≥2 conditions)
30,22.347945765000166,0.5482500841687369,10.771915662170288,3.2173709482037416,FALSE,FALSE,FALSE,FALSE,FALSE,FALSE,FALSE,FALSE,0,0,Not extreme (middle 50% in all conditions)
31,22.67611240701055,0.5746886968114567,20.324084602935713,2.9235185530123573,FALSE,FALSE,TRUE,FALSE,FALSE,FALSE,FALSE,FALSE,1,0,Single-condition extreme (top)
32,21.815491048092397,0.36217218432257225,12.106453100360493,2.9001123873505157,FALSE,FALSE,TRUE,FALSE,FALSE,TRUE,FALSE,FALSE,1,1,"Mixed (top in some, bottom in others)"
33,23.18669012678975,0.6090168469378456,10.650725837841232,2.9417896551142295,FALSE,FALSE,FALSE,FALSE,FALSE,FALSE,FALSE,FALSE,0,0,Not extreme (middle 50% in all conditions)
36,25.264730360363494,0.5671382377785913,11.313381969639217,3.492682496961303,TRUE,FALSE,TRUE,TRUE,FALSE,FALSE,FALSE,FALSE,3,0,Polytolerant (top in ≥2 conditions)
37,20.631847157999047,0.5035659807304489,7.2833763282024915,2.9501981169171154,FALSE,FALSE,FALSE,FALSE,TRUE,TRUE,FALSE,FALSE,0,2,Polysensitive (bottom in ≥2 conditions)
38,23.62762652710506,0.3319573474316876,10.646401357272136,2.9942430912335776,FALSE,FALSE,FALSE,FALSE,FALSE,TRUE,FALSE,FALSE,0,1,Single-condition extreme (bottom)
39,23.218914666306873,0.5335788673689847,11.147563906326754,3.1704873345207605,FALSE,FALSE,TRUE,FALSE,FALSE,FALSE,FALSE,FALSE,1,0,Single-condition extreme (top)
40,24.288777316639464,0.6530546875507562,15.44821263347113,3.3652117119939065,FALSE,TRUE,TRUE,TRUE,FALSE,FALSE,FALSE,FALSE,3,0,Polytolerant (top in ≥2 conditions)
41,24.653351408892,0.5507724572603834,22.041831108676774,3.0717515030498475,TRUE,FALSE,TRUE,FALSE,FALSE,FALSE,FALSE,FALSE,2,0,Polytolerant (top in ≥2 conditions)
42,18.52114955095389,0.6357759708779402,13.271569127902438,3.246295811352779,FALSE,FALSE,TRUE,FALSE,TRUE,FALSE,FALSE,FALSE,1,1,"Mixed (top in some, bottom in others)"
43,21.378870693797975,0.5346368608663207,7.126582861939652,NA,FALSE,FALSE,FALSE,NA,FALSE,FALSE,FALSE,NA,0,0,Not extreme (middle 50% in all conditions)
44,17.87371848122163,0.5724579981927398,7.742653973273486,2.5601737845248627,FALSE,FALSE,FALSE,FALSE,TRUE,FALSE,FALSE,TRUE,0,2,Polysensitive (bottom in ≥2 conditions)
45,24.94435914907396,0.5986309988056342,16.714071334611027,3.5342775555471597,TRUE,FALSE,TRUE,TRUE,FALSE,FALSE,FALSE,FALSE,3,0,Polytolerant (top in ≥2 conditions)
46,23.68053101894728,0.5383825819449604,7.74916885821804,NA,FALSE,FALSE,FALSE,NA,FALSE,FALSE,FALSE,NA,0,0,Not extreme (middle 50% in all conditions)
47,18.43975071470764,0.5744603092527755,23.61221268649235,3.5594234403787857,FALSE,FALSE,TRUE,TRUE,TRUE,FALSE,FALSE,FALSE,2,1,"Mixed (top in some, bottom in others)"
48,17.945390922570652,0.42992889253687133,5.558166812948853,2.6102679047672095,FALSE,FALSE,FALSE,FALSE,TRUE,TRUE,TRUE,TRUE,0,4,Polysensitive (bottom in ≥2 conditions)
49,21.028438453567514,0.3429907526255427,10.43513659533892,2.2315418057028538,FALSE,FALSE,FALSE,FALSE,TRUE,TRUE,FALSE,TRUE,0,3,Polysensitive (bottom in ≥2 conditions)
50,22.495590820714135,0.43305638007795905,10.547199933775362,3.052643545054935,FALSE,FALSE,FALSE,FALSE,FALSE,TRUE,FALSE,FALSE,0,1,Single-condition extreme (bottom)
51,23.501508475061602,0.48889500833164323,11.83108289665751,3.505252452965932,FALSE,FALSE,TRUE,TRUE,FALSE,TRUE,FALSE,FALSE,2,1,"Mixed (top in some, bottom in others)"
52,22.5663719251366,0.5106700244476481,21.860038647496317,3.5436453392859364,FALSE,FALSE,TRUE,TRUE,FALSE,TRUE,FALSE,FALSE,2,1,"Mixed (top in some, bottom in others)"
53,22.284812364311914,0.5017772863793127,5.495745868120439,2.97127781281593,FALSE,FALSE,FALSE,FALSE,FALSE,TRUE,TRUE,FALSE,0,2,Polysensitive (bottom in ≥2 conditions)
54,25.20220552947686,0.5986112455261937,13.332223982837919,3.651761143327485,TRUE,FALSE,TRUE,TRUE,FALSE,FALSE,FALSE,FALSE,3,0,Polytolerant (top in ≥2 conditions)
55,24.782039233379592,0.5343979376012673,10.697436262455847,3.199196044292778,TRUE,FALSE,FALSE,FALSE,FALSE,FALSE,FALSE,FALSE,1,0,Single-condition extreme (top)
56,24.284726859797175,0.5809777720945627,10.330264867960834,3.6705629279661127,FALSE,FALSE,FALSE,TRUE,FALSE,FALSE,FALSE,FALSE,1,0,Single-condition extreme (top)
57,25.042803786362466,0.5344297477544603,9.676180044351277,3.1011547035976887,TRUE,FALSE,FALSE,FALSE,FALSE,FALSE,FALSE,FALSE,1,0,Single-condition extreme (top)
58,23.233428201398823,0.5248580342193618,12.422268832606036,3.4138385743954234,FALSE,FALSE,TRUE,TRUE,FALSE,TRUE,FALSE,FALSE,2,1,"Mixed (top in some, bottom in others)"
59,24.495232142213055,0.5233655298468971,21.414109865509033,3.447217646789962,FALSE,FALSE,TRUE,TRUE,FALSE,TRUE,FALSE,FALSE,2,1,"Mixed (top in some, bottom in others)"
60,25.920150553031483,0.5812830827237712,10.357369887511911,3.086971387754826,TRUE,FALSE,FALSE,FALSE,FALSE,FALSE,FALSE,FALSE,1,0,Single-condition extreme (top)
61,20.986841232701643,0.42319871460507463,6.028865414392318,3.115758308324496,FALSE,FALSE,FALSE,FALSE,TRUE,TRUE,FALSE,FALSE,0,2,Polysensitive (bottom in ≥2 conditions)
62,27.431644578818208,0.5358936212390756,8.284722312031839,3.3329146188364716,TRUE,FALSE,FALSE,TRUE,FALSE,FALSE,FALSE,FALSE,2,0,Polytolerant (top in ≥2 conditions)
63,23.998956987480003,0.5457597603504668,6.652042382431551,3.429371412680384,FALSE,FALSE,FALSE,TRUE,FALSE,FALSE,FALSE,FALSE,1,0,Single-condition extreme (top)
64,21.58755111316251,0.5676395713230064,9.903809745655174,3.0024916973103513,FALSE,FALSE,FALSE,FALSE,FALSE,FALSE,FALSE,FALSE,0,0,Not extreme (middle 50% in all conditions)
66,24.266903583255488,0.3906918404014499,10.866168448782446,3.233674062339965,FALSE,FALSE,FALSE,FALSE,FALSE,TRUE,FALSE,FALSE,0,1,Single-condition extreme (bottom)
67,27.282008165889053,0.6568641539980734,11.636250981910411,3.5837576450916155,TRUE,TRUE,TRUE,TRUE,FALSE,FALSE,FALSE,FALSE,4,0,Polytolerant (top in ≥2 conditions)
68,24.086760846788707,0.4906185988573628,14.06766325561742,3.092238685987066,FALSE,FALSE,TRUE,FALSE,FALSE,TRUE,FALSE,FALSE,1,1,"Mixed (top in some, bottom in others)"
69,25.78418549232116,0.45546467011934705,6.631343207015013,3.1198494707234135,TRUE,FALSE,FALSE,FALSE,FALSE,TRUE,FALSE,FALSE,1,1,"Mixed (top in some, bottom in others)"
71,23.27111074725339,0.6607776859958245,11.324009505893883,3.542309255370777,FALSE,TRUE,TRUE,TRUE,FALSE,FALSE,FALSE,FALSE,3,0,Polytolerant (top in ≥2 conditions)
72,22.640960844319455,0.5063820693560389,2.631714361148502,3.079119838218949,FALSE,FALSE,FALSE,FALSE,FALSE,TRUE,TRUE,FALSE,0,2,Polysensitive (bottom in ≥2 conditions)
73,26.39697942396578,0.5432263029983746,5.813007241673367,3.405865185947877,TRUE,FALSE,FALSE,TRUE,FALSE,FALSE,TRUE,FALSE,2,1,"Mixed (top in some, bottom in others)"
74,25.5077336211356,0.5380583860090773,20.733792182675582,2.4067824362402908,TRUE,FALSE,TRUE,FALSE,FALSE,FALSE,FALSE,TRUE,2,1,"Mixed (top in some, bottom in others)"
75,26.233675203782205,0.6275865534665231,11.721435092511308,3.1161491311554674,TRUE,FALSE,TRUE,FALSE,FALSE,FALSE,FALSE,FALSE,2,0,Polytolerant (top in ≥2 conditions)
76,24.73746177364407,0.5713078515927793,6.129129048707378,3.1605816530302904,TRUE,FALSE,FALSE,FALSE,FALSE,FALSE,FALSE,FALSE,1,0,Single-condition extreme (top)
77,24.63154486793305,0.5693130698350348,10.383832146346062,3.07776109723315,TRUE,FALSE,FALSE,FALSE,FALSE,FALSE,FALSE,FALSE,1,0,Single-condition extreme (top)
78,23.65766434345011,0.583249276277057,4.201403694015486,2.6786902344783936,FALSE,FALSE,FALSE,FALSE,FALSE,FALSE,TRUE,TRUE,0,2,Polysensitive (bottom in ≥2 conditions)
79,22.66448245555797,0.715125190780273,5.350393935556146,2.9764845253893983,FALSE,TRUE,FALSE,FALSE,FALSE,FALSE,TRUE,FALSE,1,1,"Mixed (top in some, bottom in others)"
80,25.44957377770239,0.5361480106400617,8.244880376221662,3.1282146885772555,TRUE,FALSE,FALSE,FALSE,FALSE,FALSE,FALSE,FALSE,1,0,Single-condition extreme (top)
81,23.48785268723297,0.4317865265043243,4.439811566662508,2.995245620125375,FALSE,FALSE,FALSE,FALSE,FALSE,TRUE,TRUE,FALSE,0,2,Polysensitive (bottom in ≥2 conditions)
83,23.477434449053415,0.5382376932739963,7.313532073688947,3.0114959558044005,FALSE,FALSE,FALSE,FALSE,FALSE,FALSE,FALSE,FALSE,0,0,Not extreme (middle 50% in all conditions)
85,26.39747684803524,0.6414986456442071,NA,NA,TRUE,TRUE,NA,NA,FALSE,FALSE,NA,NA,2,0,Polytolerant (top in ≥2 conditions)
86,22.516631044742137,0.5712281546476078,5.160783083442807,2.2015485700940522,FALSE,FALSE,FALSE,FALSE,FALSE,FALSE,TRUE,TRUE,0,2,Polysensitive (bottom in ≥2 conditions)
88,22.997714270784492,0.618142739418221,9.665552964065554,3.2354150243606377,FALSE,FALSE,FALSE,FALSE,FALSE,FALSE,FALSE,FALSE,0,0,Not extreme (middle 50% in all conditions)
89,24.046169181666396,0.6693261467472817,10.958319171699731,2.2502956162318464,FALSE,TRUE,TRUE,FALSE,FALSE,FALSE,FALSE,TRUE,2,1,"Mixed (top in some, bottom in others)"
91,17.143750798418548,0.5741626196026761,8.59258401347274,2.2823638506028248,FALSE,FALSE,FALSE,FALSE,TRUE,FALSE,FALSE,TRUE,0,2,Polysensitive (bottom in ≥2 conditions)
92,15.565652623474936,0.09861426575463468,NA,3.0206072235324117,FALSE,FALSE,NA,FALSE,TRUE,TRUE,NA,FALSE,0,2,Polysensitive (bottom in ≥2 conditions)
93,20.6605665466004,0.6560177798637937,NA,NA,FALSE,TRUE,NA,NA,TRUE,FALSE,NA,NA,1,1,"Mixed (top in some, bottom in others)"
94,23.41713356161932,NA,NA,NA,FALSE,NA,NA,NA,FALSE,NA,NA,NA,0,0,Not extreme (middle 50% in all conditions)
95,24.368162626971333,0.6468098650593835,NA,3.142354695579311,FALSE,TRUE,NA,FALSE,FALSE,FALSE,NA,FALSE,1,0,Single-condition extreme (top)
96,21.726298777068376,0.6300589253749816,9.700861372355224,2.811270133582311,FALSE,FALSE,FALSE,FALSE,FALSE,FALSE,FALSE,TRUE,0,1,Single-condition extreme (bottom)
97,22.75990748588852,0.5695752036851544,7.321463260921902,3.4268146722416755,FALSE,FALSE,FALSE,TRUE,FALSE,FALSE,FALSE,FALSE,1,0,Single-condition extreme (top)
98,22.90995384229788,0.653437935010571,8.4832263675012,3.219809697246764,FALSE,TRUE,FALSE,FALSE,FALSE,FALSE,FALSE,FALSE,1,0,Single-condition extreme (top)
99,26.299443634118127,0.6136007228245922,NA,3.1992646319976012,TRUE,FALSE,NA,FALSE,FALSE,FALSE,NA,FALSE,1,0,Single-condition extreme (top)
100,25.665961490905154,0.741722244669285,11.784864111875198,3.555057383967131,TRUE,TRUE,TRUE,TRUE,FALSE,FALSE,FALSE,FALSE,4,0,Polytolerant (top in ≥2 conditions)
101,20.062763988531454,NA,NA,NA,FALSE,NA,NA,NA,TRUE,NA,NA,NA,0,1,Single-condition extreme (bottom)
102,21.74218340656357,NA,8.184667734544796,NA,FALSE,NA,FALSE,NA,FALSE,NA,FALSE,NA,0,0,Not extreme (middle 50% in all conditions)
103,23.23729546143403,NA,8.347429569581891,-0.07146099777872977,FALSE,NA,FALSE,FALSE,FALSE,NA,FALSE,TRUE,0,1,Single-condition extreme (bottom)
104,24.186984062670376,0.6212682266586702,NA,3.1817549054288827,FALSE,FALSE,NA,FALSE,FALSE,FALSE,NA,FALSE,0,0,Not extreme (middle 50% in all conditions)
105,18.61932604789208,0.2625823689676693,NA,3.0209318108635994,FALSE,FALSE,NA,FALSE,TRUE,TRUE,NA,FALSE,0,2,Polysensitive (bottom in ≥2 conditions)
106,21.211642281830805,0.6279857274846894,0.45956419893864286,3.154185332563066,FALSE,FALSE,FALSE,FALSE,TRUE,FALSE,TRUE,FALSE,0,2,Polysensitive (bottom in ≥2 conditions)
107,25.818952257418314,0.6104827093529637,5.254796488336346,3.1718627026556665,TRUE,FALSE,FALSE,FALSE,FALSE,FALSE,TRUE,FALSE,1,1,"Mixed (top in some, bottom in others)"
108,23.062962749521688,0.5796527267494201,8.863762257141847,3.129377734350294,FALSE,FALSE,FALSE,FALSE,FALSE,FALSE,FALSE,FALSE,0,0,Not extreme (middle 50% in all conditions)
109,23.01017547762458,0.6677705775608457,8.057373469257325,3.137039048214035,FALSE,TRUE,FALSE,FALSE,FALSE,FALSE,FALSE,FALSE,1,0,Single-condition extreme (top)
110,14.790608164183471,0.32323374588908166,7.7554790771578,2.6456342465477043,FALSE,FALSE,FALSE,FALSE,TRUE,TRUE,FALSE,TRUE,0,3,Polysensitive (bottom in ≥2 conditions)
111,19.962276068293168,0.5257992458292896,9.287779071254903,1.3334391917134782,FALSE,FALSE,FALSE,FALSE,TRUE,TRUE,FALSE,TRUE,0,3,Polysensitive (bottom in ≥2 conditions)
112,25.0568056641671,NA,7.40323630805305,NA,TRUE,NA,FALSE,NA,FALSE,NA,FALSE,NA,1,0,Single-condition extreme (top)
113,25.183041202462743,0.925848645510856,7.685172865318818,3.1299293463150812,TRUE,TRUE,FALSE,FALSE,FALSE,FALSE,FALSE,FALSE,2,0,Polytolerant (top in ≥2 conditions)
114,18.630388256754664,0.632881739706429,7.299988978576815,3.146166063081973,FALSE,FALSE,FALSE,FALSE,TRUE,FALSE,FALSE,FALSE,0,1,Single-condition extreme (bottom)
115,23.552625250308893,0.5902940315325134,8.222750046776875,3.1382317941890907,FALSE,FALSE,FALSE,FALSE,FALSE,FALSE,FALSE,FALSE,0,0,Not extreme (middle 50% in all conditions)
116,19.664526794118373,0.28436022427395086,11.336582799450715,2.9821883968840295,FALSE,FALSE,TRUE,FALSE,TRUE,TRUE,FALSE,FALSE,1,2,"Mixed (top in some, bottom in others)"
117,22.392965740912828,0.6604147692630737,9.199963018901983,3.160367274990456,FALSE,TRUE,FALSE,FALSE,FALSE,FALSE,FALSE,FALSE,1,0,Single-condition extreme (top)
118,14.44814911266186,NA,8.852523039496104,2.6259748676157617,FALSE,NA,FALSE,FALSE,TRUE,NA,FALSE,TRUE,0,2,Polysensitive (bottom in ≥2 conditions)
119,22.10189573875455,0.6522910228121906,8.773303620193365,3.160217289998827,FALSE,TRUE,FALSE,FALSE,FALSE,FALSE,FALSE,FALSE,1,0,Single-condition extreme (top)
120,18.91621303249442,0.6001140693404217,9.357830683840753,1.1420166381255976,FALSE,FALSE,FALSE,FALSE,TRUE,FALSE,FALSE,TRUE,0,2,Polysensitive (bottom in ≥2 conditions)
121,22.920534816619124,0.6288470720801437,NA,NA,FALSE,FALSE,NA,NA,FALSE,FALSE,NA,NA,0,0,Not extreme (middle 50% in all conditions)
122,26.556150472843733,0.5628834075638106,7.590229741298648,3.150828116457042,TRUE,FALSE,FALSE,FALSE,FALSE,FALSE,FALSE,FALSE,1,0,Single-condition extreme (top)
123,15.793111677688058,0.3970919611342886,NA,NA,FALSE,FALSE,NA,NA,TRUE,TRUE,NA,NA,0,2,Polysensitive (bottom in ≥2 conditions)
124,21.085141795594506,0.4474063960461014,8.568336063128477,3.0337315086731493,FALSE,FALSE,FALSE,FALSE,TRUE,TRUE,FALSE,FALSE,0,2,Polysensitive (bottom in ≥2 conditions)
125,23.986745048809535,0.6538461311075532,8.604329930263509,3.4691420123759658,FALSE,TRUE,FALSE,TRUE,FALSE,FALSE,FALSE,FALSE,2,0,Polytolerant (top in ≥2 conditions)
126,24.868364709487274,0.6970146233933437,NA,3.252899454936161,TRUE,TRUE,NA,FALSE,FALSE,FALSE,NA,FALSE,2,0,Polytolerant (top in ≥2 conditions)
127,22.71647793180983,0.5015128003545558,10.429107278712948,3.153228696576622,FALSE,FALSE,FALSE,FALSE,FALSE,TRUE,FALSE,FALSE,0,1,Single-condition extreme (bottom)
128,25.856104955368565,NA,9.253514936214655,NA,TRUE,NA,FALSE,NA,FALSE,NA,FALSE,NA,1,0,Single-condition extreme (top)
129,22.82214378944157,0.6428460225470203,10.303096934861754,3.187214299314367,FALSE,TRUE,FALSE,FALSE,FALSE,FALSE,FALSE,FALSE,1,0,Single-condition extreme (top)
130,25.19910619763295,0.6001886004977294,11.010558956726236,3.0747934966973807,TRUE,FALSE,TRUE,FALSE,FALSE,FALSE,FALSE,FALSE,2,0,Polytolerant (top in ≥2 conditions)
131,24.518101330827587,0.6429906478030658,7.66371093504171,3.0701567717327536,FALSE,TRUE,FALSE,FALSE,FALSE,FALSE,FALSE,FALSE,1,0,Single-condition extreme (top)
133,23.965106378631504,0.6570489358094478,9.862940016905654,3.140749833371583,FALSE,TRUE,FALSE,FALSE,FALSE,FALSE,FALSE,FALSE,1,0,Single-condition extreme (top)
134,23.59057670199983,0.6364281888775464,NA,3.203758864888808,FALSE,FALSE,NA,FALSE,FALSE,FALSE,NA,FALSE,0,0,Not extreme (middle 50% in all conditions)
135,24.184998871480616,0.4315443984031742,9.065243978840748,3.019514126359552,FALSE,FALSE,FALSE,FALSE,FALSE,TRUE,FALSE,FALSE,0,1,Single-condition extreme (bottom)
136,20.11131803430966,0.39890703265646704,NA,-0.2177182360741381,FALSE,FALSE,NA,FALSE,TRUE,TRUE,NA,TRUE,0,3,Polysensitive (bottom in ≥2 conditions)
137,19.935821831079878,0.6131599116940303,9.821791219880732,2.996790636353605,FALSE,FALSE,FALSE,FALSE,TRUE,FALSE,FALSE,FALSE,0,1,Single-condition extreme (bottom)
138,23.26903959609732,NA,8.103073150289351,NA,FALSE,NA,FALSE,NA,FALSE,NA,FALSE,NA,0,0,Not extreme (middle 50% in all conditions)
139,21.281613456358762,0.41708170303190784,8.42141374361669,3.4734452829034135,FALSE,FALSE,FALSE,TRUE,FALSE,TRUE,FALSE,FALSE,1,1,"Mixed (top in some, bottom in others)"
140,14.626850694056266,0.1954309236328687,9.23421771177791,NA,FALSE,FALSE,FALSE,NA,TRUE,TRUE,FALSE,NA,0,2,Polysensitive (bottom in ≥2 conditions)
141,23.779639011239972,0.6500353306095974,7.1259525166407,3.34362114027561,FALSE,TRUE,FALSE,TRUE,FALSE,FALSE,FALSE,FALSE,2,0,Polytolerant (top in ≥2 conditions)
142,24.78578374652847,0.5962139056495549,9.701855580747214,3.1530798006144356,TRUE,FALSE,FALSE,FALSE,FALSE,FALSE,FALSE,FALSE,1,0,Single-condition extreme (top)
143,25.392570097339398,0.6095120592128522,NA,3.071136376464965,TRUE,FALSE,NA,FALSE,FALSE,FALSE,NA,FALSE,1,0,Single-condition extreme (top)
144,23.918223407937614,0.5657243047583017,9.18493413848023,2.9394026135137117,FALSE,FALSE,FALSE,FALSE,FALSE,FALSE,FALSE,FALSE,0,0,Not extreme (middle 50% in all conditions)
145,25.7362170317873,0.6837727431905065,5.824152451791123,3.554495442086918,TRUE,TRUE,FALSE,TRUE,FALSE,FALSE,TRUE,FALSE,3,1,"Mixed (top in some, bottom in others)"
146,24.522677640655928,0.5903828429607959,10.367198393599683,3.1353660756571076,FALSE,FALSE,FALSE,FALSE,FALSE,FALSE,FALSE,FALSE,0,0,Not extreme (middle 50% in all conditions)
147,18.196064334803793,NA,6.761083470395163,NA,FALSE,NA,FALSE,NA,TRUE,NA,FALSE,NA,0,1,Single-condition extreme (bottom)
148,23.46499789129401,0.633861982280405,8.87255442048174,3.28007894443629,FALSE,FALSE,FALSE,FALSE,FALSE,FALSE,FALSE,FALSE,0,0,Not extreme (middle 50% in all conditions)
149,22.700861667793447,0.5253423382298742,8.955016461411907,NA,FALSE,FALSE,FALSE,NA,FALSE,TRUE,FALSE,NA,0,1,Single-condition extreme (bottom)
150,22.676386808331216,0.5158212892518146,NA,3.0323146086735444,FALSE,FALSE,NA,FALSE,FALSE,TRUE,NA,FALSE,0,1,Single-condition extreme (bottom)
151,25.000209203418546,0.609071336030557,8.212555957864998,3.1417875734828327,TRUE,FALSE,FALSE,FALSE,FALSE,FALSE,FALSE,FALSE,1,0,Single-condition extreme (top)
152,23.346202283663636,0.601739996463007,8.617949749978127,3.285251645805019,FALSE,FALSE,FALSE,FALSE,FALSE,FALSE,FALSE,FALSE,0,0,Not extreme (middle 50% in all conditions)
153,23.49843204523267,0.21730017628832116,9.649443122305982,3.3227237532310068,FALSE,FALSE,FALSE,TRUE,FALSE,TRUE,FALSE,FALSE,1,1,"Mixed (top in some, bottom in others)"
155,18.40074656431433,0.11321970792058211,NA,3.277809130701688,FALSE,FALSE,NA,FALSE,TRUE,TRUE,NA,FALSE,0,2,Polysensitive (bottom in ≥2 conditions)
156,21.817514235408293,0.6096624773241877,8.679485326086082,3.0364643031270244,FALSE,FALSE,FALSE,FALSE,FALSE,FALSE,FALSE,FALSE,0,0,Not extreme (middle 50% in all conditions)
157,22.872706058631717,0.11568832451941112,4.918183406703351,3.052236624347393,FALSE,FALSE,FALSE,FALSE,FALSE,TRUE,TRUE,FALSE,0,2,Polysensitive (bottom in ≥2 conditions)
158,26.919244182227978,0.7091808641084204,10.052687169107891,3.6092902325660194,TRUE,TRUE,FALSE,TRUE,FALSE,FALSE,FALSE,FALSE,3,0,Polytolerant (top in ≥2 conditions)
159,23.460091547368673,0.5983500316297767,10.09741731150492,2.9376853342936395,FALSE,FALSE,FALSE,FALSE,FALSE,FALSE,FALSE,FALSE,0,0,Not extreme (middle 50% in all conditions)
161,25.302674013342873,0.6318250850517302,8.476728477615753,3.1732016484999015,TRUE,FALSE,FALSE,FALSE,FALSE,FALSE,FALSE,FALSE,1,0,Single-condition extreme (top)
162,24.528237525736905,0.37343074183817904,8.052027225360124,3.3482260697357886,FALSE,FALSE,FALSE,TRUE,FALSE,TRUE,FALSE,FALSE,1,1,"Mixed (top in some, bottom in others)"
163,24.867086162302392,0.6986459556017668,6.6711049353161656,3.5508929918265815,TRUE,TRUE,FALSE,TRUE,FALSE,FALSE,FALSE,FALSE,3,0,Polytolerant (top in ≥2 conditions)
164,24.670666164123144,0.6790694875770531,8.428261602742861,3.1066229747831047,TRUE,TRUE,FALSE,FALSE,FALSE,FALSE,FALSE,FALSE,2,0,Polytolerant (top in ≥2 conditions)
166,19.97167451378875,0.6900343347760634,7.307669642925814,3.495641731294045,FALSE,TRUE,FALSE,TRUE,TRUE,FALSE,FALSE,FALSE,2,1,"Mixed (top in some, bottom in others)"
167,21.315502486726455,0.6220177251167667,9.615949951181165,3.2716794836947134,FALSE,FALSE,FALSE,FALSE,FALSE,FALSE,FALSE,FALSE,0,0,Not extreme (middle 50% in all conditions)
168,22.193524321096245,0.5281756044437382,NA,2.8689517054275555,FALSE,FALSE,NA,FALSE,FALSE,FALSE,NA,FALSE,0,0,Not extreme (middle 50% in all conditions)
169,23.203331670191016,0.5681862366926494,9.156557956810818,2.9885142302445993,FALSE,FALSE,FALSE,FALSE,FALSE,FALSE,FALSE,FALSE,0,0,Not extreme (middle 50% in all conditions)
170,22.46932495012867,0.5401878521155768,NA,3.0019221201102773,FALSE,FALSE,NA,FALSE,FALSE,FALSE,NA,FALSE,0,0,Not extreme (middle 50% in all conditions)
171,16.50590093137675,0.3681528243060824,NA,2.651532135471907,FALSE,FALSE,NA,FALSE,TRUE,TRUE,NA,TRUE,0,3,Polysensitive (bottom in ≥2 conditions)
172,24.04070686617748,0.5976076521171085,7.891244111461103,3.1479682974690757,FALSE,FALSE,FALSE,FALSE,FALSE,FALSE,FALSE,FALSE,0,0,Not extreme (middle 50% in all conditions)
174,24.654637718649404,0.6790783318196837,9.539811884310648,3.5578586654587383,TRUE,TRUE,FALSE,TRUE,FALSE,FALSE,FALSE,FALSE,3,0,Polytolerant (top in ≥2 conditions)
175,16.91168588146004,0.6280744563477711,2.7683745848070447,3.3516983176069175,FALSE,FALSE,FALSE,TRUE,TRUE,FALSE,TRUE,FALSE,1,2,"Mixed (top in some, bottom in others)"
176,27.090639949069505,0.4088569088546193,6.407097314261223,3.518188618594077,TRUE,FALSE,FALSE,TRUE,FALSE,TRUE,FALSE,FALSE,2,1,"Mixed (top in some, bottom in others)"
177,27.476568972590137,0.5671444090434662,8.015888278756808,3.2939388585203173,TRUE,FALSE,FALSE,TRUE,FALSE,FALSE,FALSE,FALSE,2,0,Polytolerant (top in ≥2 conditions)
178,29.254701837553135,0.8245095680884376,7.235698715597209,3.417171385247834,TRUE,TRUE,FALSE,TRUE,FALSE,FALSE,FALSE,FALSE,3,0,Polytolerant (top in ≥2 conditions)
179,19.847181422604624,0.585671795225819,4.328514106324718,3.2853789509652667,FALSE,FALSE,FALSE,FALSE,TRUE,FALSE,TRUE,FALSE,0,2,Polysensitive (bottom in ≥2 conditions)
181,23.057543900148623,0.5937973310703926,6.135337622533118,3.1151715972038945,FALSE,FALSE,FALSE,FALSE,FALSE,FALSE,FALSE,FALSE,0,0,Not extreme (middle 50% in all conditions)
182,21.75975769761053,0.5653317276333087,4.17118115504956,3.1852731765887627,FALSE,FALSE,FALSE,FALSE,FALSE,FALSE,TRUE,FALSE,0,1,Single-condition extreme (bottom)
183,23.60157613777897,0.6285062284543305,4.466207531879963,3.3625378447050185,FALSE,FALSE,FALSE,TRUE,FALSE,FALSE,TRUE,FALSE,1,1,"Mixed (top in some, bottom in others)"
185,17.201352393445447,0.6391608293313682,5.9918473231686535,3.313176261062777,FALSE,FALSE,FALSE,TRUE,TRUE,FALSE,FALSE,FALSE,1,1,"Mixed (top in some, bottom in others)"
186,26.03573513704403,0.5861237412764101,5.48673658651784,3.2663966164564657,TRUE,FALSE,FALSE,FALSE,FALSE,FALSE,TRUE,FALSE,1,1,"Mixed (top in some, bottom in others)"
187,0.8064175657477599,0.40994721312226196,NA,3.2511814977228792,FALSE,FALSE,NA,FALSE,TRUE,TRUE,NA,FALSE,0,2,Polysensitive (bottom in ≥2 conditions)
188,20.386548586661142,0.6313822135035043,8.801583344459715,3.210455440489428,FALSE,FALSE,FALSE,FALSE,TRUE,FALSE,FALSE,FALSE,0,1,Single-condition extreme (bottom)
189,24.003529016616618,0.24659018024829293,6.898945101621591,3.3281063561419497,FALSE,FALSE,FALSE,TRUE,FALSE,TRUE,FALSE,FALSE,1,1,"Mixed (top in some, bottom in others)"
190,22.483555252785166,0.6395059003401525,4.00327307173502,3.3876697547919927,FALSE,FALSE,FALSE,TRUE,FALSE,FALSE,TRUE,FALSE,1,1,"Mixed (top in some, bottom in others)"
192,23.724217829426202,0.6065318213252499,3.659374465965536,3.1800697564583458,FALSE,FALSE,FALSE,FALSE,FALSE,FALSE,TRUE,FALSE,0,1,Single-condition extreme (bottom)
193,29.83526913183314,0.5884294130893435,6.084807954209518,3.3664780855571075,TRUE,FALSE,FALSE,TRUE,FALSE,FALSE,FALSE,FALSE,2,0,Polytolerant (top in ≥2 conditions)
194,27.753264025953357,0.6717982499346844,3.578129168251782,3.083572203048235,TRUE,TRUE,FALSE,FALSE,FALSE,FALSE,TRUE,FALSE,2,1,"Mixed (top in some, bottom in others)"
196,26.74685286601681,0.6145909200921547,3.745636084908421,2.276599482225481,TRUE,FALSE,FALSE,FALSE,FALSE,FALSE,TRUE,TRUE,1,2,"Mixed (top in some, bottom in others)"
197,20.261672242318312,0.586997947694771,7.132932465888824,3.381575440184212,FALSE,FALSE,FALSE,TRUE,TRUE,FALSE,FALSE,FALSE,1,1,"Mixed (top in some, bottom in others)"
198,20.932186387621957,0.4881651660887636,7.708114680789274,2.961048737281014,FALSE,FALSE,FALSE,FALSE,TRUE,TRUE,FALSE,FALSE,0,2,Polysensitive (bottom in ≥2 conditions)
199,22.977057755407493,0.5534314340028206,5.450053605260811,3.1033385699361506,FALSE,FALSE,FALSE,FALSE,FALSE,FALSE,TRUE,FALSE,0,1,Single-condition extreme (bottom)
200,24.584253988172048,0.6027614497409697,6.089793908754604,3.2886642384656817,TRUE,FALSE,FALSE,FALSE,FALSE,FALSE,FALSE,FALSE,1,0,Single-condition extreme (top)
201,13.992727297525281,0.736522929522456,3.6822611183008007,3.1899328839844685,FALSE,TRUE,FALSE,FALSE,TRUE,FALSE,TRUE,FALSE,1,2,"Mixed (top in some, bottom in others)"
202,26.115119332687925,0.606700484596423,5.074189633498584,1.438797479094368,TRUE,FALSE,FALSE,FALSE,FALSE,FALSE,TRUE,TRUE,1,2,"Mixed (top in some, bottom in others)"
203,18.218356660494127,0.6989719965384735,4.344892923410246,3.1303422478250145,FALSE,TRUE,FALSE,FALSE,TRUE,FALSE,TRUE,FALSE,1,2,"Mixed (top in some, bottom in others)"
204,20.44144312505977,0.5773133979921031,3.7682763937800505,3.421833753517829,FALSE,FALSE,FALSE,TRUE,TRUE,FALSE,TRUE,FALSE,1,2,"Mixed (top in some, bottom in others)"
205,25.62148453952416,0.815323849112985,3.8333582419137375,3.2825660897987015,TRUE,TRUE,FALSE,FALSE,FALSE,FALSE,TRUE,FALSE,2,1,"Mixed (top in some, bottom in others)"
206,24.321805071834692,0.7239397046874125,7.801127373951964,3.202290137841838,FALSE,TRUE,FALSE,FALSE,FALSE,FALSE,FALSE,FALSE,1,0,Single-condition extreme (top)
207,25.51658547932709,0.608139847859237,6.657015385396421,3.40626011071288,TRUE,FALSE,FALSE,TRUE,FALSE,FALSE,FALSE,FALSE,2,0,Polytolerant (top in ≥2 conditions)
208,24.669271706209337,0.5869836526402307,4.46946087262824,2.9118957799165184,TRUE,FALSE,FALSE,FALSE,FALSE,FALSE,TRUE,FALSE,1,1,"Mixed (top in some, bottom in others)"
209,22.978681547929263,0.5990397001712149,6.779747355085851,3.1856723284644226,FALSE,FALSE,FALSE,FALSE,FALSE,FALSE,FALSE,FALSE,0,0,Not extreme (middle 50% in all conditions)
210,20.614579699388965,0.6243080333581658,4.120536943827009,3.26505403149784,FALSE,FALSE,FALSE,FALSE,TRUE,FALSE,TRUE,FALSE,0,2,Polysensitive (bottom in ≥2 conditions)
211,25.017417845878374,0.5651771550178879,5.664677698684894,3.0943650928475415,TRUE,FALSE,FALSE,FALSE,FALSE,FALSE,TRUE,FALSE,1,1,"Mixed (top in some, bottom in others)"
213,17.563529712448677,0.5942451786763365,7.1323344969254,3.2064388354067304,FALSE,FALSE,FALSE,FALSE,TRUE,FALSE,FALSE,FALSE,0,1,Single-condition extreme (bottom)
214,25.433597778740243,0.6152511079195984,6.507614138114905,3.276705798737491,TRUE,FALSE,FALSE,FALSE,FALSE,FALSE,FALSE,FALSE,1,0,Single-condition extreme (top)
215,7.73492911186862,0.41110396902296215,7.193286296452166,3.3901607904703233,FALSE,FALSE,FALSE,TRUE,TRUE,TRUE,FALSE,FALSE,1,2,"Mixed (top in some, bottom in others)"
216,25.106785641398666,0.5586989311134254,5.403150074272766,3.1921969849511727,TRUE,FALSE,FALSE,FALSE,FALSE,FALSE,TRUE,FALSE,1,1,"Mixed (top in some, bottom in others)"
217,27.241164491708737,0.7706548360706074,5.269176811081076,3.3351348310873115,TRUE,TRUE,FALSE,TRUE,FALSE,FALSE,TRUE,FALSE,3,1,"Mixed (top in some, bottom in others)"
218,23.67678758486075,0.7256116402245679,3.799125682015797,3.4982795783075784,FALSE,TRUE,FALSE,TRUE,FALSE,FALSE,TRUE,FALSE,2,1,"Mixed (top in some, bottom in others)"
219,25.557866345537978,0.657347555705359,8.014288201422808,3.320946357917798,TRUE,TRUE,FALSE,TRUE,FALSE,FALSE,FALSE,FALSE,3,0,Polytolerant (top in ≥2 conditions)
220,23.707085524836028,0.5853020243819835,3.428302376656312,3.1201413014589305,FALSE,FALSE,FALSE,FALSE,FALSE,FALSE,TRUE,FALSE,0,1,Single-condition extreme (bottom)
221,22.238491168104993,0.5334010870647607,6.171829666865118,3.4245003636611098,FALSE,FALSE,FALSE,TRUE,FALSE,FALSE,FALSE,FALSE,1,0,Single-condition extreme (top)
222,23.002289896198246,0.702233682037025,4.143878904952372,3.469813173480082,FALSE,TRUE,FALSE,TRUE,FALSE,FALSE,TRUE,FALSE,2,1,"Mixed (top in some, bottom in others)"
223,24.97061721624266,0.6176035365886481,5.800246955324643,3.4734465841709534,TRUE,FALSE,FALSE,TRUE,FALSE,FALSE,TRUE,FALSE,2,1,"Mixed (top in some, bottom in others)"
224,9.787060205007192,0.515808610515962,3.4986619514031823,3.4535960647292803,FALSE,FALSE,FALSE,TRUE,TRUE,TRUE,TRUE,FALSE,1,3,"Mixed (top in some, bottom in others)"
225,29.32687081204006,0.7074936042575478,NA,3.455466343063629,TRUE,TRUE,NA,TRUE,FALSE,FALSE,NA,FALSE,3,0,Polytolerant (top in ≥2 conditions)
227,21.592602771844682,NA,4.3459073250478575,3.277214572246574,FALSE,NA,FALSE,FALSE,FALSE,NA,TRUE,FALSE,0,1,Single-condition extreme (bottom)
228,21.319392889060765,0.7240992421756607,7.254897493936848,2.925395898776218,FALSE,TRUE,FALSE,FALSE,FALSE,FALSE,FALSE,FALSE,1,0,Single-condition extreme (top)
229,23.169271495548653,0.607346399735037,10.682686444365723,2.998475067822863,FALSE,FALSE,FALSE,FALSE,FALSE,FALSE,FALSE,FALSE,0,0,Not extreme (middle 50% in all conditions)
230,22.255027923160345,0.5842204888169382,5.792334765944626,3.321751329835726,FALSE,FALSE,FALSE,TRUE,FALSE,FALSE,TRUE,FALSE,1,1,"Mixed (top in some, bottom in others)"
231,19.48660780389597,0.6601761593601754,5.2516544033431245,3.1236845369738386,FALSE,TRUE,FALSE,FALSE,TRUE,FALSE,TRUE,FALSE,1,2,"Mixed (top in some, bottom in others)"
232,21.574037401511646,0.622445409102824,NA,3.3433960484042125,FALSE,FALSE,NA,TRUE,FALSE,FALSE,NA,FALSE,1,0,Single-condition extreme (top)
233,18.280302650193924,0.6828571881242046,3.7645526844682102,3.1439277256218556,FALSE,TRUE,FALSE,FALSE,TRUE,FALSE,TRUE,FALSE,1,2,"Mixed (top in some, bottom in others)"
234,22.359629086002123,0.6619691467217587,4.547701526646916,3.2691174755727297,FALSE,TRUE,FALSE,FALSE,FALSE,FALSE,TRUE,FALSE,1,1,"Mixed (top in some, bottom in others)"
235,22.168218430035452,0.5458417368538817,NA,3.329716766200141,FALSE,FALSE,NA,TRUE,FALSE,FALSE,NA,FALSE,1,0,Single-condition extreme (top)
236,24.46378775707448,0.6230366444319523,3.4047766521637826,3.1566824185498983,FALSE,FALSE,FALSE,FALSE,FALSE,FALSE,TRUE,FALSE,0,1,Single-condition extreme (bottom)
237,24.78611093756694,0.5553507848694539,7.715611464357909,3.1183354907754772,TRUE,FALSE,FALSE,FALSE,FALSE,FALSE,FALSE,FALSE,1,0,Single-condition extreme (top)
238,23.912377630727185,NA,10.551994340606939,2.8407305254133615,FALSE,NA,FALSE,FALSE,FALSE,NA,FALSE,FALSE,0,0,Not extreme (middle 50% in all conditions)
239,25.475087484372274,0.6513750428665028,NA,3.7173149913453156,TRUE,TRUE,NA,TRUE,FALSE,FALSE,NA,FALSE,3,0,Polytolerant (top in ≥2 conditions)
240,29.076341305258616,0.437030621565737,NA,2.515420466266336,TRUE,FALSE,NA,FALSE,FALSE,TRUE,NA,TRUE,1,2,"Mixed (top in some, bottom in others)"
241,22.431889475229976,0.6705472717303939,6.847698501616289,3.469656052595619,FALSE,TRUE,FALSE,TRUE,FALSE,FALSE,FALSE,FALSE,2,0,Polytolerant (top in ≥2 conditions)
243,22.19731575255712,0.5953846422356781,3.903733407730705,3.5074934654055063,FALSE,FALSE,FALSE,TRUE,FALSE,FALSE,TRUE,FALSE,1,1,"Mixed (top in some, bottom in others)"
245,22.56044183302859,0.5282024157689792,8.279847232084812,3.6156366172608,FALSE,FALSE,FALSE,TRUE,FALSE,FALSE,FALSE,FALSE,1,0,Single-condition extreme (top)
246,24.9190026319195,0.6331267225400616,3.458975134701368,3.162855671701603,TRUE,FALSE,FALSE,FALSE,FALSE,FALSE,TRUE,FALSE,1,1,"Mixed (top in some, bottom in others)"
247,21.01335696907005,0.5214693592390066,8.012955634651895,3.2613539470775166,FALSE,FALSE,FALSE,FALSE,TRUE,TRUE,FALSE,FALSE,0,2,Polysensitive (bottom in ≥2 conditions)
248,17.52430690494876,0.30152686709417553,NA,3.456894227115316,FALSE,FALSE,NA,TRUE,TRUE,TRUE,NA,FALSE,1,2,"Mixed (top in some, bottom in others)"
249,2.486686985389436,0.3456166025666561,10.59624900149272,3.230333499951671,FALSE,FALSE,FALSE,FALSE,TRUE,TRUE,FALSE,FALSE,0,2,Polysensitive (bottom in ≥2 conditions)
250,24.35055475443987,0.7502897565122048,4.961431255271016,3.0729350947293024,FALSE,TRUE,FALSE,FALSE,FALSE,FALSE,TRUE,FALSE,1,1,"Mixed (top in some, bottom in others)"
253,24.309474915054032,0.5760668067707584,5.248978720373676,3.1088378656805706,FALSE,FALSE,FALSE,FALSE,FALSE,FALSE,TRUE,FALSE,0,1,Single-condition extreme (bottom)
254,23.423943619281783,0.41903788816336035,3.632424496209916,2.9652400754698487,FALSE,FALSE,FALSE,FALSE,FALSE,TRUE,TRUE,FALSE,0,2,Polysensitive (bottom in ≥2 conditions)
255,18.547279400261292,0.6521849111108762,5.425563508728694,3.037865780212949,FALSE,TRUE,FALSE,FALSE,TRUE,FALSE,TRUE,FALSE,1,2,"Mixed (top in some, bottom in others)"
256,25.118411470795174,0.6166017256373103,4.921043609771133,3.1159040053949734,TRUE,FALSE,FALSE,FALSE,FALSE,FALSE,TRUE,FALSE,1,1,"Mixed (top in some, bottom in others)"
257,25.18338189253655,0.6314054334644965,3.7191321628640432,3.3710005988764715,TRUE,FALSE,FALSE,TRUE,FALSE,FALSE,TRUE,FALSE,2,1,"Mixed (top in some, bottom in others)"
258,23.912593323500026,0.5431951113466036,6.164680152971902,3.2441417793096403,FALSE,FALSE,FALSE,FALSE,FALSE,FALSE,FALSE,FALSE,0,0,Not extreme (middle 50% in all conditions)
261,22.410005122436335,0.45437102212312236,19.87040267874348,3.0236483682114956,FALSE,FALSE,TRUE,FALSE,FALSE,TRUE,FALSE,FALSE,1,1,"Mixed (top in some, bottom in others)"
262,23.32944024085012,0.6726558749064739,21.294138326911416,2.938753062144752,FALSE,TRUE,TRUE,FALSE,FALSE,FALSE,FALSE,FALSE,2,0,Polytolerant (top in ≥2 conditions)
263,21.72444256398185,0.6424353523873197,21.47428418950679,2.5270217275256988,FALSE,TRUE,TRUE,FALSE,FALSE,FALSE,FALSE,TRUE,2,1,"Mixed (top in some, bottom in others)"
264,23.34784240679312,0.67282941064361,21.66246582214769,2.7291258428062686,FALSE,TRUE,TRUE,FALSE,FALSE,FALSE,FALSE,TRUE,2,1,"Mixed (top in some, bottom in others)"
265,25.04456603226949,0.6070621351193364,NA,2.658200728977098,TRUE,FALSE,NA,FALSE,FALSE,FALSE,NA,TRUE,1,1,"Mixed (top in some, bottom in others)"
266,23.96362787518821,0.6392344651426486,NA,2.9864087348314845,FALSE,FALSE,NA,FALSE,FALSE,FALSE,NA,FALSE,0,0,Not extreme (middle 50% in all conditions)
267,23.138326026761657,0.734512576718768,NA,3.0815849189326183,FALSE,TRUE,NA,FALSE,FALSE,FALSE,NA,FALSE,1,0,Single-condition extreme (top)
268,25.38747020167149,0.6394017824435929,NA,2.7579889802956483,TRUE,FALSE,NA,FALSE,FALSE,FALSE,NA,TRUE,1,1,"Mixed (top in some, bottom in others)"
270,13.23996548972049,0.5132719904175549,NA,1.1924584718346425,FALSE,FALSE,NA,FALSE,TRUE,TRUE,NA,TRUE,0,3,Polysensitive (bottom in ≥2 conditions)
271,19.570034575419413,0.8499610799849567,NA,3.0041383250203637,FALSE,TRUE,NA,FALSE,TRUE,FALSE,NA,FALSE,1,1,"Mixed (top in some, bottom in others)"
272,24.893621400233478,0.6535464072661551,14.005805944908836,2.7997887472445404,TRUE,TRUE,TRUE,FALSE,FALSE,FALSE,FALSE,TRUE,3,1,"Mixed (top in some, bottom in others)"
273,23.438751941907157,0.6363555433400064,16.470538960080546,2.4941134648260297,FALSE,FALSE,TRUE,FALSE,FALSE,FALSE,FALSE,TRUE,1,1,"Mixed (top in some, bottom in others)"
274,22.322527041522896,0.6914650511946838,NA,2.7099944873807686,FALSE,TRUE,NA,FALSE,FALSE,FALSE,NA,TRUE,1,1,"Mixed (top in some, bottom in others)"
275,23.04426156201195,0.5656510055460567,34.96598231012728,2.4541291591188106,FALSE,FALSE,TRUE,FALSE,FALSE,FALSE,FALSE,TRUE,1,1,"Mixed (top in some, bottom in others)"
276,22.878162169570217,0.5513075027920441,20.98612867714599,2.63081087145612,FALSE,FALSE,TRUE,FALSE,FALSE,FALSE,FALSE,TRUE,1,1,"Mixed (top in some, bottom in others)"
277,19.874151629643734,0.2743147522085768,NA,1.4571453386345552,FALSE,FALSE,NA,FALSE,TRUE,TRUE,NA,TRUE,0,3,Polysensitive (bottom in ≥2 conditions)
278,22.094172470423075,0.43023959787710153,NA,2.497673799588414,FALSE,FALSE,NA,FALSE,FALSE,TRUE,NA,TRUE,0,2,Polysensitive (bottom in ≥2 conditions)
279,23.507640188241815,0.5978500581953738,24.40781035577144,3.5843992898662265,FALSE,FALSE,TRUE,TRUE,FALSE,FALSE,FALSE,FALSE,2,0,Polytolerant (top in ≥2 conditions)
280,24.835136273069573,0.6116714428728864,NA,2.698999686053889,TRUE,FALSE,NA,FALSE,FALSE,FALSE,NA,TRUE,1,1,"Mixed (top in some, bottom in others)"
281,23.465075390591117,0.7148263118596978,NA,2.3547170925734395,FALSE,TRUE,NA,FALSE,FALSE,FALSE,NA,TRUE,1,1,"Mixed (top in some, bottom in others)"
282,16.42027427688873,0.5049791063552461,NA,1.595706991580733,FALSE,FALSE,NA,FALSE,TRUE,TRUE,NA,TRUE,0,3,Polysensitive (bottom in ≥2 conditions)
283,23.425924172907823,0.5949451565018068,21.686850951921,2.430360637202907,FALSE,FALSE,TRUE,FALSE,FALSE,FALSE,FALSE,TRUE,1,1,"Mixed (top in some, bottom in others)"
284,7.930578463480412,0.4167729633636308,NA,2.0754773386571124,FALSE,FALSE,NA,FALSE,TRUE,TRUE,NA,TRUE,0,3,Polysensitive (bottom in ≥2 conditions)
285,23.772185263709552,0.5236844884667136,20.171538237437385,2.458669494670863,FALSE,FALSE,TRUE,FALSE,FALSE,TRUE,FALSE,TRUE,1,2,"Mixed (top in some, bottom in others)"
286,17.900025166609787,0.5400856115590137,NA,1.916198666478472,FALSE,FALSE,NA,FALSE,TRUE,FALSE,NA,TRUE,0,2,Polysensitive (bottom in ≥2 conditions)
287,21.36856070571479,0.6248950690186305,NA,0.9969638288902376,FALSE,FALSE,NA,FALSE,FALSE,FALSE,NA,TRUE,0,1,Single-condition extreme (bottom)
288,20.34330823351602,0.5263117974568081,NA,1.8800481363101937,FALSE,FALSE,NA,FALSE,TRUE,FALSE,NA,TRUE,0,2,Polysensitive (bottom in ≥2 conditions)
289,23.21289993989964,0.5890090426939856,NA,3.043568635177115,FALSE,FALSE,NA,FALSE,FALSE,FALSE,NA,FALSE,0,0,Not extreme (middle 50% in all conditions)
290,18.16158768025406,0.6838842382279067,23.865016987457004,2.6848537756221136,FALSE,TRUE,TRUE,FALSE,TRUE,FALSE,FALSE,TRUE,2,2,"Mixed (top in some, bottom in others)"
291,19.98733447478309,0.591588505214711,NA,0.8566089564869124,FALSE,FALSE,NA,FALSE,TRUE,FALSE,NA,TRUE,0,2,Polysensitive (bottom in ≥2 conditions)
292,10.55209410684948,NA,NA,2.5392680487998405,FALSE,NA,NA,FALSE,TRUE,NA,NA,TRUE,0,2,Polysensitive (bottom in ≥2 conditions)
293,21.506494061943794,0.7006189437380486,21.989073412557417,2.714982798658997,FALSE,TRUE,TRUE,FALSE,FALSE,FALSE,FALSE,TRUE,2,1,"Mixed (top in some, bottom in others)"
294,17.643775735566688,0.431343808406908,18.686250844750603,1.116102498018511,FALSE,FALSE,TRUE,FALSE,TRUE,TRUE,FALSE,TRUE,1,3,"Mixed (top in some, bottom in others)"
295,23.113744151777645,0.7284747026791928,16.774749063273973,2.6843488349897404,FALSE,TRUE,TRUE,FALSE,FALSE,FALSE,FALSE,TRUE,2,1,"Mixed (top in some, bottom in others)"
296,22.121948942902552,0.5722892508622168,22.00058239714918,2.4514964706921543,FALSE,FALSE,TRUE,FALSE,FALSE,FALSE,FALSE,TRUE,1,1,"Mixed (top in some, bottom in others)"
297,22.645298436153524,0.34198201188766697,NA,-0.44010058487227566,FALSE,FALSE,NA,FALSE,FALSE,TRUE,NA,TRUE,0,2,Polysensitive (bottom in ≥2 conditions)
298,16.219488575779614,0.32702865955166194,NA,2.872801346213302,FALSE,FALSE,NA,FALSE,TRUE,TRUE,NA,FALSE,0,2,Polysensitive (bottom in ≥2 conditions)
299,21.507616085120752,0.6469304146371344,18.263372711609588,2.813475796779787,FALSE,TRUE,TRUE,FALSE,FALSE,FALSE,FALSE,TRUE,2,1,"Mixed (top in some, bottom in others)"
300,23.327728586289425,0.6476202571666669,16.127141476257044,2.7567262659274325,FALSE,TRUE,TRUE,FALSE,FALSE,FALSE,FALSE,TRUE,2,1,"Mixed (top in some, bottom in others)"
301,13.815506499244366,0.5692076632444012,NA,1.6222436162254283,FALSE,FALSE,NA,FALSE,TRUE,FALSE,NA,TRUE,0,2,Polysensitive (bottom in ≥2 conditions)
302,20.488697780152883,0.8807336114371518,NA,3.4264749691817613,FALSE,TRUE,NA,TRUE,TRUE,FALSE,NA,FALSE,2,1,"Mixed (top in some, bottom in others)"
303,21.609166957686647,0.6691636062919812,21.434564563580853,2.3238316493113254,FALSE,TRUE,TRUE,FALSE,FALSE,FALSE,FALSE,TRUE,2,1,"Mixed (top in some, bottom in others)"
304,23.76071863254605,0.7084800136816731,NA,3.2413317348953434,FALSE,TRUE,NA,FALSE,FALSE,FALSE,NA,FALSE,1,0,Single-condition extreme (top)
307,24.13093888541247,0.6749145054711715,17.55928486874495,2.8348605240292724,FALSE,TRUE,TRUE,FALSE,FALSE,FALSE,FALSE,TRUE,2,1,"Mixed (top in some, bottom in others)"
308,19.28480489503713,0.6861847542417829,17.040508728471302,2.7772678551438625,FALSE,TRUE,TRUE,FALSE,TRUE,FALSE,FALSE,TRUE,2,2,"Mixed (top in some, bottom in others)"
309,21.85610374986836,0.545300625512097,22.58996627843458,2.812343204598311,FALSE,FALSE,TRUE,FALSE,FALSE,FALSE,FALSE,TRUE,1,1,"Mixed (top in some, bottom in others)"
310,7.639441236047761,0.7946353027710179,21.57566922680214,2.2021302345040583,FALSE,TRUE,TRUE,FALSE,TRUE,FALSE,FALSE,TRUE,2,2,"Mixed (top in some, bottom in others)"
311,6.09080343179971,0.39014262535005356,21.46312059608381,2.013866209855968,FALSE,FALSE,TRUE,FALSE,TRUE,TRUE,FALSE,TRUE,1,3,"Mixed (top in some, bottom in others)"
312,21.364067311894434,0.4796869539214322,18.563818534007815,2.570560349541111,FALSE,FALSE,TRUE,FALSE,FALSE,TRUE,FALSE,TRUE,1,2,"Mixed (top in some, bottom in others)"
313,27.482227491713665,0.7338562189889883,NA,2.8107317633539317,TRUE,TRUE,NA,FALSE,FALSE,FALSE,NA,TRUE,2,1,"Mixed (top in some, bottom in others)"
314,20.502782796814557,0.7098468222947255,24.31478262731156,1.5933289526281043,FALSE,TRUE,TRUE,FALSE,TRUE,FALSE,FALSE,TRUE,2,2,"Mixed (top in some, bottom in others)"
315,21.448060174714826,0.7375773018381718,NA,2.8788855998130694,FALSE,TRUE,NA,FALSE,FALSE,FALSE,NA,FALSE,1,0,Single-condition extreme (top)
316,11.521042222469402,NA,NA,0.05634618135933977,FALSE,NA,NA,FALSE,TRUE,NA,NA,TRUE,0,2,Polysensitive (bottom in ≥2 conditions)
317,23.119309361151032,0.575730688212369,NA,2.9557187346211746,FALSE,FALSE,NA,FALSE,FALSE,FALSE,NA,FALSE,0,0,Not extreme (middle 50% in all conditions)
318,24.087417715072817,0.8418127930301205,16.262547307120368,2.6378449649319164,FALSE,TRUE,TRUE,FALSE,FALSE,FALSE,FALSE,TRUE,2,1,"Mixed (top in some, bottom in others)"
320,6.917938399641774,0.4051322321859958,NA,-0.4218057607680046,FALSE,FALSE,NA,FALSE,TRUE,TRUE,NA,TRUE,0,3,Polysensitive (bottom in ≥2 conditions)
321,18.160612595296573,0.47757285126231425,NA,2.743842371736262,FALSE,FALSE,NA,FALSE,TRUE,TRUE,NA,TRUE,0,3,Polysensitive (bottom in ≥2 conditions)
322,11.813484891468864,0.8170205504549322,NA,1.9593270400093614,FALSE,TRUE,NA,FALSE,TRUE,FALSE,NA,TRUE,1,2,"Mixed (top in some, bottom in others)"
323,22.371511475240673,0.3776955711051032,NA,1.514554505900489,FALSE,FALSE,NA,FALSE,FALSE,TRUE,NA,TRUE,0,2,Polysensitive (bottom in ≥2 conditions)
324,12.38975526402711,0.44406274949221103,NA,0.05754906957263978,FALSE,FALSE,NA,FALSE,TRUE,TRUE,NA,TRUE,0,3,Polysensitive (bottom in ≥2 conditions)
325,17.069946156261935,0.5492106725550921,NA,3.210582267355827,FALSE,FALSE,NA,FALSE,TRUE,FALSE,NA,FALSE,0,1,Single-condition extreme (bottom)
326,15.411338115284389,0.5407484658907318,NA,1.6639476419712151,FALSE,FALSE,NA,FALSE,TRUE,FALSE,NA,TRUE,0,2,Polysensitive (bottom in ≥2 conditions)
334,17.60526245271138,0.6605806765347112,20.323104812930225,2.9313565462692948,FALSE,TRUE,TRUE,FALSE,TRUE,FALSE,FALSE,FALSE,2,1,"Mixed (top in some, bottom in others)"
184,NA,0.06564361173617245,5.993763492439458,3.296779769770989,NA,FALSE,FALSE,TRUE,NA,TRUE,FALSE,FALSE,1,1,"Mixed (top in some, bottom in others)"
34,NA,NA,7.741244042828796,NA,NA,NA,FALSE,NA,NA,NA,FALSE,NA,0,0,Not extreme (middle 50% in all conditions)
180,NA,NA,3.351304876437796,3.405749044169273,NA,NA,FALSE,TRUE,NA,NA,TRUE,FALSE,1,1,"Mixed (top in some, bottom in others)"
195,NA,NA,5.91508553978934,3.06597411925351,NA,NA,FALSE,FALSE,NA,NA,TRUE,FALSE,0,1,Single-condition extreme (bottom)
212,NA,NA,4.148689714830825,4.1434658642317155,NA,NA,FALSE,TRUE,NA,NA,TRUE,FALSE,1,1,"Mixed (top in some, bottom in others)"
242,NA,NA,5.216127463761769,2.9431572190698825,NA,NA,FALSE,FALSE,NA,NA,TRUE,FALSE,0,1,Single-condition extreme (bottom)
244,NA,NA,5.64609907464218,3.70461724551436,NA,NA,FALSE,TRUE,NA,NA,TRUE,FALSE,1,1,"Mixed (top in some, bottom in others)"
305,NA,NA,22.069410065691965,1.541537515787173,NA,NA,TRUE,FALSE,NA,NA,FALSE,TRUE,1,1,"Mixed (top in some, bottom in others)"
