Strain ID,copper,chromium,iron,ph,n_top,n_bottom,profile_class
1,24.706606901662617,0.6337749233828576,9.985250247839023,3.2957319967288434,2,0,Polytolerant (top in ≥2 conditions)
2,24.465316554857857,0.6129284012682027,9.24433112570591,3.4126913917509314,1,0,Single-condition extreme
3,18.17019760351014,0.48783661431966996,8.623595729326908,3.307237714246216,1,2,"Mixed (top in some, bottom in others)"
4,22.9028697830542,0.48331683937387954,6.656749831550509,2.8722264557530615,0,1,Single-condition extreme
5,24.493405809054654,0.5082983844056745,5.971749929388152,3.131502604947876,0,1,Single-condition extreme
6,25.344540320116494,0.6247573999044238,-1.6246448717104585,3.393370276226076,2,1,"Mixed (top in some, bottom in others)"
8,22.69835462465293,0.40460803438060267,-5.369776237786702,3.1545114436462955,0,2,Polysensitive (bottom in ≥2 conditions)
9,24.783549231199444,0.6927626820529721,5.00744387672616,3.419393245876547,2,0,Polytolerant (top in ≥2 conditions)
10,14.64518253671758,0.578864487319466,3.897716577676193,NA,0,1,Single-condition extreme
11,24.662134507263843,0.6152323832734445,10.450138795884918,2.9784080412190646,2,0,Polytolerant (top in ≥2 conditions)
12,24.896146021916458,0.6341628727339574,10.025304748098536,2.2914859989574774,1,1,"Mixed (top in some, bottom in others)"
13,25.008701432503536,0.6327919825728733,15.689924752461934,3.021534125081858,2,0,Polytolerant (top in ≥2 conditions)
14,23.607603296874213,0.5225540300840145,4.719776987664773,3.0621940976341047,0,1,Single-condition extreme
15,23.10906210822475,0.6621750466382047,7.031904209828291,3.733026074433741,1,0,Single-condition extreme
16,23.479636719653154,0.6005153590629785,9.506431278776693,4.014840322652471,1,0,Single-condition extreme
17,17.278975014285624,0.5950369253978657,-2.8372985040453296,2.9901266247610767,0,2,Polysensitive (bottom in ≥2 conditions)
18,22.335549538657755,0.660862717082259,11.231318461566586,3.5446347764190125,2,0,Polytolerant (top in ≥2 conditions)
19,26.463538949435648,0.6567005596363286,11.091410160768563,3.045119168864268,2,0,Polytolerant (top in ≥2 conditions)
20,23.01016965254092,0.6581107010156295,13.04763002577959,2.9733366558079384,1,0,Single-condition extreme
21,24.05994925011571,0.34947804052574805,6.186433790741752,2.6055145027830013,0,2,Polysensitive (bottom in ≥2 conditions)
22,23.353013783081085,0.5086273923627433,3.580612910006218,3.126586995355512,0,2,Polysensitive (bottom in ≥2 conditions)
23,13.280166507597173,0.4804240324564557,-1.6797854162650454,NA,0,3,Polysensitive (bottom in ≥2 conditions)
24,26.490004980939506,0.6255693189924094,11.57436364516445,3.2738614110953232,2,0,Polytolerant (top in ≥2 conditions)
25,17.722258235195838,0.5293245460741738,4.489458509681782,3.0380780277690063,0,2,Polysensitive (bottom in ≥2 conditions)
26,24.73563396792789,0.6149863518261797,10.318150787027172,2.8227567740631208,2,1,"Mixed (top in some, bottom in others)"
27,25.889621361388695,0.7122910847458132,10.711243284862727,3.5247695538263484,3,0,Polytolerant (top in ≥2 conditions)
28,25.031124340623236,0.6235253482003968,-0.59936399032288,3.0721107557230254,1,1,"Mixed (top in some, bottom in others)"
29,17.879404109140882,0.5636162820125713,1.2884767115128397,2.9732043025071615,0,2,Polysensitive (bottom in ≥2 conditions)
30,22.429005268988803,0.5089635418300351,10.532541877670477,3.2173709482037416,1,1,"Mixed (top in some, bottom in others)"
31,22.67611240701055,0.5326884412974308,13.14664649474282,2.9235185530123573,1,1,"Mixed (top in some, bottom in others)"
32,21.815491048092397,0.4136725941209741,10.145661917275039,2.9001123873505157,1,1,"Mixed (top in some, bottom in others)"
33,23.73040147211965,0.5194180097355962,10.650725837841232,2.9417896551142295,1,1,"Mixed (top in some, bottom in others)"
36,25.264730360363494,0.6789791146640363,7.790964037398756,3.492682496961303,2,0,Polytolerant (top in ≥2 conditions)
37,22.11049490356399,0.427711882519134,1.1272235211202526,2.9501981169171154,0,2,Polysensitive (bottom in ≥2 conditions)
38,22.88934199915228,0.4500833127569756,10.646401357272136,2.9942430912335776,1,1,"Mixed (top in some, bottom in others)"
39,23.57611739963764,0.4973245968255206,7.016859195627485,3.1704873345207605,0,1,Single-condition extreme
40,24.288777316639464,0.7010082290978796,10.830010750970084,3.3652117119939065,2,0,Polytolerant (top in ≥2 conditions)
42,19.582833800186798,0.6768522007857406,8.045506953444534,3.246295811352779,0,1,Single-condition extreme
43,17.023462142049997,0.5314856231236016,7.126582861939652,NA,0,2,Polysensitive (bottom in ≥2 conditions)
44,17.99938566508245,0.6121034277486443,5.786825439002834,2.5601737845248627,0,2,Polysensitive (bottom in ≥2 conditions)
45,24.94435914907396,0.63641662685268785,0.8137763611604173,3.5342775555471597,2,1,"Mixed (top in some, bottom in others)"
46,23.68053101894728,0.6367022384105555,1.4406208819921544,NA,0,1,Single-condition extreme
47,19.61922768753966,0.6425342960287634,4.467707085755633,3.5594234403787857,1,1,"Mixed (top in some, bottom in others)"
48,18.383713779416897,0.5252383687522043,-6.466037839763424,2.6102679047672095,0,4,Polysensitive (bottom in ≥2 conditions)
49,21.786564031903023,0.3880852535613685,10.43513659533892,2.2315418057028538,1,2,"Mixed (top in some, bottom in others)"
50,22.994164753397666,0.46141790155951323,10.547199933775362,3.052643545054935,1,1,"Mixed (top in some, bottom in others)"
51,23.262702728514753,0.6148014607139974,5.195930686938538,3.505252452965932,1,0,Single-condition extreme
52,22.53996887076831,0.6135270253058117,10.89309268209702,3.5436453392859364,2,0,Polytolerant (top in ≥2 conditions)
53,22.284812364311914,0.42738260639767944,5.313830324885741,2.97127781281593,0,1,Single-condition extreme
54,25.20220552947686,0.6581369163358419,-2.5953187363795744,3.651761143327485,2,1,"Mixed (top in some, bottom in others)"
55,25.295353001333247,0.5979894566621572,10.697436262455847,3.199196044292778,2,0,Polytolerant (top in ≥2 conditions)
56,24.284726859797175,0.6727717370683356,10.330264867960834,3.6705629279661127,2,0,Polytolerant (top in ≥2 conditions)
57,25.368941041812036,0.5200041683576067,9.676180044351277,3.1011547035976887,1,1,"Mixed (top in some, bottom in others)"
58,22.656793786603195,0.5869587655787816,8.30224570684989,3.4138385743954234,1,0,Single-condition extreme
59,24.495232142213055,0.6003110031279096,-2.4803436162196264,3.447217646789962,2,1,"Mixed (top in some, bottom in others)"
60,25.920150553031483,0.6607947562261651,10.357369887511911,3.086971387754826,2,0,Polytolerant (top in ≥2 conditions)
61,22.16436776495736,0.5882804449041588,1.1731327112004752,3.115758308324496,0,1,Single-condition extreme
62,20.4479220118141,0.6357323244023461,0.42441890198771226,3.3329146188364716,1,1,"Mixed (top in some, bottom in others)"
63,23.998956987480003,0.55763684217974685,5.549387886014334,3.429371412680384,1,0,Single-condition extreme
66,24.266903583255488,0.5395422541472826,10.866168448782446,3.233674062339965,1,1,"Mixed (top in some, bottom in others)"
67,27.282008165889053,0.7037105830601689,11.636250981910411,3.5837576450916155,3,0,Polytolerant (top in ≥2 conditions)
69,25.78418549232116,0.5936069817101336,18.96595022878958,3.1198494707234135,2,0,Polytolerant (top in ≥2 conditions)
71,23.27111074725339,0.7339843658942531,11.324009505893883,3.542309255370777,3,0,Polytolerant (top in ≥2 conditions)
72,22.640960844319455,0.5450818545201387,10.430641559869182,3.079119838218949,1,0,Single-condition extreme
73,26.39697942396578,0.620462997967899,2.1607206172446642,3.405865185947877,2,1,"Mixed (top in some, bottom in others)"
74,25.5077336211356,0.5998979084067545,9.106323106802181,2.4067824362402908,1,1,"Mixed (top in some, bottom in others)"
75,26.233675203782205,0.6808692335660822,6.9432924309173565,3.1161491311554674,1,0,Single-condition extreme
76,24.73746177364407,0.6366645639397036,8.873488462773846,3.1605816530302904,1,0,Single-condition extreme
77,24.63154486793305,0.6046137431544962,10.383832146346062,3.07776109723315,2,0,Polytolerant (top in ≥2 conditions)
78,24.34933759579076,0.6370109413230532,-11.06211773427054,2.6786902344783936,0,2,Polysensitive (bottom in ≥2 conditions)
79,22.695858994485963,0.308517515627995,3.5300093668409636,2.9764845253893983,0,2,Polysensitive (bottom in ≥2 conditions)
80,25.44957377770239,0.6066700784046639,7.359601891403,3.1282146885772555,1,0,Single-condition extreme
81,23.48785268723297,0.49928488974968277,4.439811566662508,2.995245620125375,0,1,Single-condition extreme
83,17.464819452255938,0.5829539961513434,7.424291889665044,3.0114959558044005,0,1,Single-condition extreme
85,26.39747684803524,0.5365959441758901,1.955937867252424,NA,1,2,"Mixed (top in some, bottom in others)"
86,23.387030405987538,0.546278861009908,5.777489992143952,2.2015485700940522,0,1,Single-condition extreme
89,17.868701697237288,0.7249426721712147,10.958319171699731,2.2502956162318464,2,2,"Mixed (top in some, bottom in others)"
91,18.013179985725316,0.6292166181310559,8.59258401347274,2.2823638506028248,0,2,Polysensitive (bottom in ≥2 conditions)
92,16.341052713595147,0.14466477504541414,2.7421665746534636,3.0206072235324117,0,3,Polysensitive (bottom in ≥2 conditions)
93,20.6605665466004,0.7027530490752416,-0.30262286328531485,NA,0,1,Single-condition extreme
95,24.368162626971333,0.7320891404864209,-6.414595087867743,3.142354695579311,1,1,"Mixed (top in some, bottom in others)"
96,21.726298777068376,0.7079619569463045,9.700861372355224,2.811270133582311,0,1,Single-condition extreme
97,22.381644106522963,0.6473465713670256,7.321463260921902,3.4268146722416755,1,0,Single-condition extreme
99,26.299443634118127,0.722631293303142,3.962307298839756,3.1992646319976012,2,0,Polytolerant (top in ≥2 conditions)
100,25.665961490905154,0.8081280929237391,4.176453191835012,3.555057383967131,3,0,Polytolerant (top in ≥2 conditions)
101,20.062763988531454,NA,-12.884460623356505,NA,0,2,Polysensitive (bottom in ≥2 conditions)
102,21.74218340656357,-0.02515160706013705,8.184667734544796,NA,0,1,Single-condition extreme
103,23.23729546143403,-0.1750172737587513,8.347429569581891,-0.07146099777872977,0,2,Polysensitive (bottom in ≥2 conditions)
104,24.186984062670376,0.7132662984672118,2.8862012300156645,3.1817549054288827,1,1,"Mixed (top in some, bottom in others)"
105,18.733006699330836,0.16871787563979404,-6.0798236374105095,3.0209318108635994,0,3,Polysensitive (bottom in ≥2 conditions)
106,21.211642281830805,0.6820251202587825,-8.137593854287463,3.154185332563066,0,1,Single-condition extreme
107,25.818952257418314,0.7081785814100345,5.254796488336346,3.1718627026556665,1,0,Single-condition extreme
109,23.01017547762458,0.7045764602916796,1.1858037589618808,3.137039048214035,0,1,Single-condition extreme
110,10.039899357119284,0.32324661961618206,7.7554790771578,2.6456342465477043,0,3,Polysensitive (bottom in ≥2 conditions)
111,19.962276068293168,0.6155477236019868,9.287779071254903,1.3334391917134782,0,2,Polysensitive (bottom in ≥2 conditions)
112,25.0568056641671,-0.07411924239074746,7.40323630805305,NA,1,1,"Mixed (top in some, bottom in others)"
113,24.294711904793267,0.9565726159127508,1.5195119503097194,3.1299293463150812,1,1,"Mixed (top in some, bottom in others)"
114,18.630388256754664,0.6920835224197427,7.299988978576815,3.146166063081973,0,1,Single-condition extreme
116,19.896899313909948,0.5017128746005204,11.336582799450715,2.9821883968840295,1,2,"Mixed (top in some, bottom in others)"
117,22.392965740912828,0.7365690201125318,9.199963018901983,3.160367274990456,1,0,Single-condition extreme
118,15.467424491706193,0.11231425475752597,8.852523039496104,2.6259748676157617,0,3,Polysensitive (bottom in ≥2 conditions)
119,22.10189573875455,0.741887719673836,8.773303620193365,3.160217289998827,1,0,Single-condition extreme
120,18.91621303249442,0.651891117345355,9.357830683840753,1.1420166381255976,0,2,Polysensitive (bottom in ≥2 conditions)
121,11.421807184670234,0.6826789592815578,NA,NA,0,1,Single-condition extreme
122,26.556150472843733,0.631574575364798,7.590229741298648,3.150828116457042,1,0,Single-condition extreme
123,10.871521258522865,0.40624491532298124,9.228634700335238,NA,0,2,Polysensitive (bottom in ≥2 conditions)
124,21.759516988057044,0.3230360081244805,8.568336063128477,3.0337315086731493,0,1,Single-condition extreme
125,23.986745048809535,0.7276608133339745,8.604329930263509,3.4691420123759658,2,0,Polytolerant (top in ≥2 conditions)
126,25.011336338750777,0.7741610567425894,1.804545640325383,3.252899454936161,2,1,"Mixed (top in some, bottom in others)"
127,23.075096540589747,0.41744406048023114,5.371322494406849,3.153228696576622,0,1,Single-condition extreme
128,25.856104955368565,-0.07362564884198286,9.253514936214655,NA,1,1,"Mixed (top in some, bottom in others)"
129,22.83801722138595,0.7279659807041651,11.119236659829987,3.187214299314367,2,0,Polytolerant (top in ≥2 conditions)
130,24.724597710381367,0.6314949026630348,11.010558956726236,3.0747934966973807,2,0,Polytolerant (top in ≥2 conditions)
131,24.518101330827587,0.7134875025490723,7.66371093504171,3.0701567717327536,2,0,Polytolerant (top in ≥2 conditions)
133,23.965106378631504,0.7342388803602466,8.14040523531785,3.140749833371583,1,0,Single-condition extreme
134,23.59057670199983,0.7410471144751278,2.3538203434279583,3.203758864888808,1,1,"Mixed (top in some, bottom in others)"
135,24.184998871480616,0.5002301763381166,9.065243978840748,3.019514126359552,0,1,Single-condition extreme
136,10.036045231905026,0.5287241537647491,0.04169588556578232,-0.2177182360741381,0,4,Polysensitive (bottom in ≥2 conditions)
137,20.24092964238985,0.3623530548631585,9.821791219880732,2.996790636353605,0,2,Polysensitive (bottom in ≥2 conditions)
138,23.26903959609732,-0.09493760799796612,8.103073150289351,NA,0,1,Single-condition extreme
139,21.281613456358762,0.45995824187430584,8.42141374361669,3.4734452829034135,1,1,"Mixed (top in some, bottom in others)"
140,10.515368657352303,0.28228892201635586,7.371545325845446,NA,0,2,Polysensitive (bottom in ≥2 conditions)
141,23.779639011239972,0.7255583574751225,6.032361735649497,3.34362114027561,2,0,Polytolerant (top in ≥2 conditions)
142,24.78578374652847,0.68827240661856,9.701855580747214,3.1530798006144356,1,0,Single-condition extreme
143,25.392570097339398,0.7020364979801942,1.9240474871402942,3.071136376464965,1,1,"Mixed (top in some, bottom in others)"
145,25.098853739176175,0.7702746643260405,5.731794015433827,3.554495442086918,3,0,Polytolerant (top in ≥2 conditions)
146,24.522677640655928,0.6886182022383729,10.367198393599683,3.1353660756571076,2,0,Polytolerant (top in ≥2 conditions)
147,18.196064334803793,NA,3.382314628426973,NA,0,2,Polysensitive (bottom in ≥2 conditions)
149,15.04480986223942,0.49475919143969216,8.955016461411907,NA,0,2,Polysensitive (bottom in ≥2 conditions)
150,23.59777188184992,0.6298355190666547,-5.396926580046701,3.0323146086735444,0,1,Single-condition extreme
151,25.000209203418546,0.7109951397601293,8.212555957864998,3.1417875734828327,1,0,Single-condition extreme
153,23.49843204523267,0.4484992158197109,-7.725620556923843,3.3227237532310068,1,2,"Mixed (top in some, bottom in others)"
155,17.936253372738342,0.2780489447075025,12.993929422535976,3.277809130701688,1,2,"Mixed (top in some, bottom in others)"
157,22.872706058631717,0.31551909136231937,4.918183406703351,3.052236624347393,0,1,Single-condition extreme
158,26.919244182227978,0.7802856597803758,10.052687169107891,3.6092902325660194,4,0,Polytolerant (top in ≥2 conditions)
159,23.13862364886954,0.6375842448880025,-2.3526407677441386,2.9376853342936395,0,1,Single-condition extreme
161,25.302674013342873,0.6820332672701868,8.476728477615753,3.1732016484999015,1,0,Single-condition extreme
162,24.528237525736905,0.5328990351659972,8.052027225360124,3.3482260697357886,2,1,"Mixed (top in some, bottom in others)"
163,24.867086162302392,0.7579473490236609,5.025489909791506,3.5508929918265815,3,0,Polytolerant (top in ≥2 conditions)
164,24.670666164123144,0.708474673695161,8.428261602742861,3.1066229747831047,1,0,Single-condition extreme
166,20.86109002184873,0.8214701095364578,-0.3169774287340674,3.495641731294045,2,1,"Mixed (top in some, bottom in others)"
168,22.77207493740727,0.5779880379368075,-6.576719065744462,2.8689517054275555,0,1,Single-condition extreme
170,23.18445197671017,0.6504485520444758,-11.983380245950697,3.0019221201102773,0,1,Single-condition extreme
171,16.50590093137675,0.4312621879032667,3.421397640835178,2.651532135471907,0,4,Polysensitive (bottom in ≥2 conditions)
172,24.04070686617748,0.7227733293534372,7.891244111461103,3.1479682974690757,1,0,Single-condition extreme
174,24.654637718649404,0.7719109782833116,9.539811884310648,3.5578586654587383,3,0,Polytolerant (top in ≥2 conditions)
175,18.350715913887445,0.7463991753850987,2.7683745848070447,3.3516983176069175,2,2,"Mixed (top in some, bottom in others)"
176,27.090639949069505,0.6375064921239233,6.407097314261223,3.518188618594077,2,0,Polytolerant (top in ≥2 conditions)
177,27.476568972590137,0.6427143373767314,3.8341609408195456,3.2939388585203173,2,0,Polytolerant (top in ≥2 conditions)
178,29.254701837553135,0.9358628629711343,7.235698715597209,3.417171385247834,3,0,Polytolerant (top in ≥2 conditions)
179,20.639969480690855,0.6697103754012237,2.068801197417728,3.2853789509652667,0,1,Single-condition extreme
183,23.60157613777897,0.7081491227059381,4.466207531879963,3.3625378447050185,1,0,Single-condition extreme
185,18.700879875976806,0.7007822886666343,5.9918473231686535,3.313176261062777,1,1,"Mixed (top in some, bottom in others)"
186,26.03573513704403,0.6578479448340816,5.48673658651784,3.2663966164564657,1,0,Single-condition extreme
187,0.8064175657477599,0.4293317635283941,1.8662957128983146,3.2511814977228792,0,3,Polysensitive (bottom in ≥2 conditions)
188,20.386548586661142,0.7167294203441266,1.185214917275431,3.210455440489428,1,1,"Mixed (top in some, bottom in others)"
189,24.003529016616618,0.5407440998891069,6.898945101621591,3.3281063561419497,1,1,"Mixed (top in some, bottom in others)"
190,22.483555252785166,0.7414393629066047,1.804917592105459,3.3876697547919927,2,1,"Mixed (top in some, bottom in others)"
192,21.124082045385826,0.7198289977497956,4.0002883860413725,3.1800697564583458,1,0,Single-condition extreme
193,29.83526913183314,0.6979702441938072,6.084807954209518,3.3664780855571075,2,0,Polytolerant (top in ≥2 conditions)
194,22.474992845857816,0.7735430167139457,-0.4568635520419515,3.083572203048235,1,1,"Mixed (top in some, bottom in others)"
196,26.74685286601681,0.7107831058792402,0.44070207818244356,2.276599482225481,1,2,"Mixed (top in some, bottom in others)"
197,20.261672242318312,0.6690808258656673,5.30435461164069,3.381575440184212,1,0,Single-condition extreme
198,20.932186387621957,0.3225761969257602,7.708114680789274,2.961048737281014,0,1,Single-condition extreme
200,24.584253988172048,0.665493001119469,6.089793908754604,3.2886642384656817,1,0,Single-condition extreme
201,13.992727297525281,0.8161848557191095,3.9534349207607686,3.1899328839844685,1,1,"Mixed (top in some, bottom in others)"
202,21.665126362476062,0.6817233716746659,-1.9038535870606204,1.438797479094368,0,2,Polysensitive (bottom in ≥2 conditions)
203,18.25541168747433,0.8223260383663731,4.344892923410246,3.1303422478250145,1,1,"Mixed (top in some, bottom in others)"
204,18.957812897100293,0.6584298479439878,4.541790327654059,3.421833753517829,1,1,"Mixed (top in some, bottom in others)"
205,25.62148453952416,0.9887753727986486,0.6219651720423682,3.2825660897987015,2,1,"Mixed (top in some, bottom in others)"
206,24.321805071834692,0.7342928897305366,3.92467118844476,3.202290137841838,1,0,Single-condition extreme
207,25.51658547932709,0.7107661098580941,6.657015385396421,3.40626011071288,2,0,Polytolerant (top in ≥2 conditions)
208,23.873081790859864,0.6683040138777753,0.18976819000725875,2.9118957799165184,0,1,Single-condition extreme
209,19.993784834501895,0.6761363329044098,6.779747355085851,3.1856723284644226,0,1,Single-condition extreme
210,20.614579699388965,0.7244713466052164,4.120536943827009,3.26505403149784,1,0,Single-condition extreme
211,23.543654156768117,0.4053855492384445,5.664677698684894,3.0943650928475415,0,1,Single-condition extreme
213,17.299872302513048,0.6728222282922117,3.741801624935654,3.2064388354067304,0,1,Single-condition extreme
214,25.433597778740243,0.6940186235841966,6.507614138114905,3.276705798737491,1,0,Single-condition extreme
215,8.23840602036864,0.4645511173322536,5.0457625592879936,3.3901607904703233,1,2,"Mixed (top in some, bottom in others)"
216,25.106785641398666,0.6098941697673129,5.403150074272766,3.1921969849511727,1,0,Single-condition extreme
217,27.241164491708737,0.7925643954525907,5.269176811081076,3.3351348310873115,3,0,Polytolerant (top in ≥2 conditions)
218,23.67678758486075,0.8058013169562258,2.098600338065774,3.4982795783075784,2,1,"Mixed (top in some, bottom in others)"
219,25.557866345537978,0.77992645201052,5.087572077110932,3.320946357917798,3,0,Polytolerant (top in ≥2 conditions)
220,22.50690110386833,0.42637825733450574,3.428302376656312,3.1201413014589305,0,2,Polysensitive (bottom in ≥2 conditions)
221,22.238491168104993,0.41194639637224906,6.171829666865118,3.4245003636611098,1,1,"Mixed (top in some, bottom in others)"
222,23.002289896198246,0.7674997164312771,7.212041116049819,3.469813173480082,2,0,Polytolerant (top in ≥2 conditions)
223,24.97061721624266,0.7129758266375534,5.800246955324643,3.4734465841709534,3,0,Polytolerant (top in ≥2 conditions)
224,10.726073751632935,0.6522023089537968,-0.43570665446067114,3.4535960647292803,1,2,"Mixed (top in some, bottom in others)"
225,29.32687081204006,0.8155229955071327,3.1393615190350888,3.455466343063629,3,1,"Mixed (top in some, bottom in others)"
227,21.592602771844682,0.2895392178957324,4.3459073250478575,3.277214572246574,0,1,Single-condition extreme
228,21.319392889060765,0.7736878248308031,0.35429246117876856,2.925395898776218,1,1,"Mixed (top in some, bottom in others)"
229,23.169271495548653,0.7276907194343653,10.682686444365723,2.998475067822863,2,0,Polytolerant (top in ≥2 conditions)
230,17.264184703108842,0.6739352117301696,5.792334765944626,3.321751329835726,1,1,"Mixed (top in some, bottom in others)"
231,17.584487574365067,0.7645450096620927,5.2516544033431245,3.1236845369738386,1,1,"Mixed (top in some, bottom in others)"
232,21.574037401511646,0.6964305594994575,-1.6214925014392048,3.3433960484042125,1,1,"Mixed (top in some, bottom in others)"
233,18.966960860593886,0.7447001230406055,-0.44074042251925905,3.1439277256218556,1,2,"Mixed (top in some, bottom in others)"
234,23.195636477000733,0.7467562214482417,4.547701526646916,3.2691174755727297,1,0,Single-condition extreme
235,23.13789697941447,0.7619757624625858,0.3055590945989441,3.329716766200141,2,1,"Mixed (top in some, bottom in others)"
237,24.78611093756694,0.6126076111974174,7.715611464357909,3.1183354907754772,1,0,Single-condition extreme
238,23.480703730938018,0.3873994984031398,10.551994340606939,2.8407305254133615,1,1,"Mixed (top in some, bottom in others)"
239,25.475087484372274,0.7202721452977676,3.458716071189693,3.7173149913453156,3,1,"Mixed (top in some, bottom in others)"
240,28.53176096141025,0.6313728907377282,0.3994282809425186,2.515420466266336,1,2,"Mixed (top in some, bottom in others)"
241,23.456050113958245,0.7064491236165775,6.847698501616289,3.469656052595619,1,0,Single-condition extreme
243,22.19731575255712,0.6778120616818393,3.903733407730705,3.5074934654055063,1,0,Single-condition extreme
245,22.56044183302859,0.6404524513117034,8.279847232084812,3.6156366172608,1,0,Single-condition extreme
246,24.9190026319195,0.7157733935706423,3.458975134701368,3.162855671701603,2,1,"Mixed (top in some, bottom in others)"
248,17.52430690494876,0.5236244392963854,0.7384464255716279,3.456894227115316,1,3,"Mixed (top in some, bottom in others)"
249,2.486686985389436,0.3718047977910741,10.59624900149272,3.230333499951671,1,2,"Mixed (top in some, bottom in others)"
250,24.35055475443987,0.8171285566152569,4.961431255271016,3.0729350947293024,1,0,Single-condition extreme
254,23.423943619281783,0.5408581002378816,3.632424496209916,2.9652400754698487,0,1,Single-condition extreme
255,18.547279400261292,0.6679640472119655,5.425563508728694,3.037865780212949,0,1,Single-condition extreme
256,25.118411470795174,0.7092653008380999,4.921043609771133,3.1159040053949734,1,0,Single-condition extreme
257,25.18338189253655,0.7291491719571945,1.982600348277777,3.3710005988764715,3,1,"Mixed (top in some, bottom in others)"
261,23.38733468717499,0.6174903257276168,19.87040267874348,3.0236483682114956,1,0,Single-condition extreme
262,23.32944024085012,0.5723521723153142,21.294138326911416,2.938753062144752,1,0,Single-condition extreme
263,23.13052677977907,0.6478646794704067,21.47428418950679,2.5270217275256988,1,1,"Mixed (top in some, bottom in others)"
264,24.474453480687405,0.6198567027074835,21.66246582214769,2.7291258428062686,1,1,"Mixed (top in some, bottom in others)"
265,24.833048784779315,0.6596356608492497,-29.008127864667724,2.658200728977098,1,2,"Mixed (top in some, bottom in others)"
266,24.527847159064983,0.7316913750478271,-21.370195850711134,2.9864087348314845,2,1,"Mixed (top in some, bottom in others)"
267,23.138326026761657,0.8592172735453777,11.06270001256755,3.0815849189326183,2,0,Polytolerant (top in ≥2 conditions)
268,25.38747020167149,0.7215439585217277,NA,2.7579889802956483,2,1,"Mixed (top in some, bottom in others)"
270,17.323265869991683,0.5718301856284489,-13.615239266647142,1.1924584718346425,0,3,Polysensitive (bottom in ≥2 conditions)
271,19.801650010994372,0.8928397703043052,9.487428434835175,3.0041383250203637,1,1,"Mixed (top in some, bottom in others)"
272,24.893621400233478,0.7783266811159155,14.005805944908836,2.7997887472445404,3,1,"Mixed (top in some, bottom in others)"
273,22.63814753743902,0.7024632019735688,16.470538960080546,2.4941134648260297,1,1,"Mixed (top in some, bottom in others)"
274,22.322527041522896,0.7545630229795743,11.764236187622494,2.7099944873807686,2,1,"Mixed (top in some, bottom in others)"
275,24.298791821731168,0.7033797899748847,34.96598231012728,2.4541291591188106,1,1,"Mixed (top in some, bottom in others)"
276,22.878162169570217,0.5927279910480702,20.98612867714599,2.63081087145612,1,1,"Mixed (top in some, bottom in others)"
277,13.533774812827694,0.39181536979074644,NA,1.4571453386345552,0,3,Polysensitive (bottom in ≥2 conditions)
278,22.094172470423075,0.6122336907588877,-2.221940458918736,2.497673799588414,0,2,Polysensitive (bottom in ≥2 conditions)
279,23.913771673641612,0.7649554330330157,24.40781035577144,3.5843992898662265,3,0,Polytolerant (top in ≥2 conditions)
280,24.835136273069573,0.7500669478962694,NA,2.698999686053889,2,1,"Mixed (top in some, bottom in others)"
281,23.304293234877285,0.5428112107980761,11.07226605541003,2.3547170925734395,1,2,"Mixed (top in some, bottom in others)"
282,17.623032567648963,0.599199430277124,NA,1.595706991580733,0,2,Polysensitive (bottom in ≥2 conditions)
283,23.425924172907823,0.7375106986368852,21.686850951921,2.430360637202907,2,1,"Mixed (top in some, bottom in others)"
284,11.736960286396537,0.5213429876332919,7.3659478057162655,2.0754773386571124,0,3,Polysensitive (bottom in ≥2 conditions)
285,23.772185263709552,0.5909249390036388,20.171538237437385,2.458669494670863,1,1,"Mixed (top in some, bottom in others)"
286,18.45646872624375,0.5759504548173607,6.497194177423497,1.916198666478472,0,2,Polysensitive (bottom in ≥2 conditions)
287,22.46799837875065,0.708573207962603,-11.326804467874416,0.9969638288902376,0,2,Polysensitive (bottom in ≥2 conditions)
288,18.942590369770734,0.5847738390869867,NA,1.8800481363101937,0,2,Polysensitive (bottom in ≥2 conditions)
290,19.172319800569202,0.7599404031666384,23.865016987457004,2.6848537756221136,2,2,"Mixed (top in some, bottom in others)"
291,19.98733447478309,0.6745635616414445,72.27386951184775,0.8566089564869124,1,2,"Mixed (top in some, bottom in others)"
292,10.55209410684948,-0.1001583288495362,NA,2.5392680487998405,0,3,Polysensitive (bottom in ≥2 conditions)
293,20.619778147448045,0.7427381737523099,21.989073412557417,2.714982798658997,2,1,"Mixed (top in some, bottom in others)"
294,17.6361782560616,0.5406208272477593,18.686250844750603,1.116102498018511,1,3,"Mixed (top in some, bottom in others)"
295,23.689736397089423,0.8037627994458881,16.774749063273973,2.6843488349897404,2,1,"Mixed (top in some, bottom in others)"
296,22.57605130997535,0.6521023502498362,22.00058239714918,2.4514964706921543,1,1,"Mixed (top in some, bottom in others)"
297,10.684153133633723,0.44133137002123973,NA,-0.44010058487227566,0,3,Polysensitive (bottom in ≥2 conditions)
298,18.032509413731695,0.44374535901800233,NA,2.872801346213302,0,2,Polysensitive (bottom in ≥2 conditions)
299,19.895099267159555,0.7191904734809642,18.263372711609588,2.813475796779787,2,2,"Mixed (top in some, bottom in others)"
300,23.327728586289425,0.7589916721088492,16.127141476257044,2.7567262659274325,2,1,"Mixed (top in some, bottom in others)"
301,13.756032151264133,0.6777913428316236,NA,1.6222436162254283,0,2,Polysensitive (bottom in ≥2 conditions)
302,19.24370792070972,0.9618233811702944,NA,3.4264749691817613,2,1,"Mixed (top in some, bottom in others)"
303,22.248920418942994,0.7081383725658591,21.434564563580853,2.3238316493113254,1,1,"Mixed (top in some, bottom in others)"
304,20.77300998441717,0.8312485626385546,11.989972324345652,3.2413317348953434,2,0,Polytolerant (top in ≥2 conditions)
307,25.652104740903116,0.7717271151393812,17.55928486874495,2.8348605240292724,3,1,"Mixed (top in some, bottom in others)"
308,19.918742180078716,0.7410084379008042,17.040508728471302,2.7772678551438625,2,2,"Mixed (top in some, bottom in others)"
309,22.333697649366602,0.6350595746417936,22.58996627843458,2.812343204598311,1,1,"Mixed (top in some, bottom in others)"
310,11.449364783465935,0.8686729472460981,21.57566922680214,2.2021302345040583,2,2,"Mixed (top in some, bottom in others)"
311,11.202643857739824,0.543826521652852,21.46312059608381,2.013866209855968,1,3,"Mixed (top in some, bottom in others)"
312,21.727195193310795,0.6299325097531038,18.563818534007815,2.570560349541111,1,1,"Mixed (top in some, bottom in others)"
313,27.482227491713665,0.8139822425841354,-1.4805249014158406,2.8107317633539317,2,2,"Mixed (top in some, bottom in others)"
314,20.502782796814557,0.8171446462156003,24.31478262731156,1.5933289526281043,2,1,"Mixed (top in some, bottom in others)"
315,22.00007538250107,0.7776038041235745,9.415740564917725,2.8788855998130694,1,0,Single-condition extreme
316,11.521042222469402,-0.05128793374547222,NA,0.05634618135933977,0,3,Polysensitive (bottom in ≥2 conditions)
317,22.199178069299684,0.6154595113770481,10.028425125544812,2.9557187346211746,1,0,Single-condition extreme
318,24.087417715072817,0.9499518211112242,16.262547307120368,2.6378449649319164,2,1,"Mixed (top in some, bottom in others)"
320,6.904763282046217,0.5108125013398415,NA,-0.4218057607680046,0,3,Polysensitive (bottom in ≥2 conditions)
321,15.406849978464322,0.6747331946159051,7.955883463951043,2.743842371736262,0,2,Polysensitive (bottom in ≥2 conditions)
322,12.295928296214916,0.6420219587457696,NA,1.9593270400093614,0,2,Polysensitive (bottom in ≥2 conditions)
323,23.859790677044487,0.48745320623639166,NA,1.514554505900489,0,2,Polysensitive (bottom in ≥2 conditions)
324,13.653083739806652,0.5763778964102844,13.58371044412982,0.05754906957263978,1,2,"Mixed (top in some, bottom in others)"
325,17.77877810426707,0.6986522868320693,NA,3.210582267355827,0,1,Single-condition extreme
326,16.14766885399663,0.7575302902465239,NA,1.6639476419712151,1,2,"Mixed (top in some, bottom in others)"
334,19.539854668204846,0.7687220983865268,20.323104812930225,2.9313565462692948,2,1,"Mixed (top in some, bottom in others)"
184,NA,0.06564361173617245,5.993763492439458,3.296779769770989,1,1,"Mixed (top in some, bottom in others)"
35,NA,NA,0.10631573821246354,NA,0,1,Single-condition extreme
180,NA,NA,3.351304876437796,3.405749044169273,1,1,"Mixed (top in some, bottom in others)"
212,NA,NA,-1.8193075459048402,4.1434658642317155,1,1,"Mixed (top in some, bottom in others)"
244,NA,NA,5.64609907464218,3.70461724551436,1,0,Single-condition extreme
305,NA,NA,22.069410065691965,1.541537515787173,1,1,"Mixed (top in some, bottom in others)"
