Strain_ID,Concentration_mM,configuration,well_position,y0,mumax,K
254,0,3,40,26.90724809414742,0.01762237525533117,218.54666828525345
254,0,2,42,38.05263323346946,0.01440823652036238,274.59302987050194
254,0,4,84,32.31102115378918,0.01502114758254569,245.6826841329055
254,0,1,90,34.36571492055387,0.01385466631195458,337.20153414538345
254,5,3,40,39.56008088970496,0.01416018667282664,314.4356828947266
254,5,2,42,42.579337712087536,0.01298269525292439,381.02781563758793
254,5,4,84,37.000036999994286,0.01456131680506178,301.00776459243406
254,5,1,90,33.54105320350939,0.0153887724899554,278.6407642434619
254,10,3,40,39,0.01268722348186202,390.4666095879331
254,10,2,42,41.88078318274385,0.01311670766305894,334.9762975047245
254,10,4,84,32.015653202779696,0.01660569532306616,236.1052155678045
254,10,1,90,41.14608122288197,0.01193253097004742,456.77147264694423
254,15,3,40,45.5411901469428,0.01067412714189919,488.5876707124197
254,15,2,42,43.965895873961216,0.01182665533047633,371.6171772219139
254,15,4,84,29.832867780352597,0.02034177817979571,168.74918803151326
254,15,1,90,33.61547262794322,0.01463558376777696,252.94809426702247
254,20,3,40,35.34122943533289,0.01281391575464807,265.14821172039177
254,20,2,42,40.52159917870962,0.01197814531282065,280.9358008029078
254,20,4,84,10.770329614269007,0.04376273578454909,97.7379556984001
254,20,1,90,33.015148038438355,0.01464272688922851,206.66537177623272
254,25,3,40,34.132130463840625,0.01425809756504137,171.30871263440892
254,25,2,42,39.2173823195928,0.01071648684780629,276.5157042870965
254,25,4,84,8.54400374531753,0.05037309350570923,85.94600964361004
254,25,1,90,18.027756377319943,0.02309751907166285,119.59912747797917
254,30,3,40,26.570660511172846,0.01405409814598579,114.74769943423937
254,30,2,42,18.867962264113206,0.02250144842541712,80.24214449789986
254,30,4,84,8.0622658105542655,0.02044401399941747,116.76653146956698
254,30,1,90,10.000009999997037,0.0353694191686299,67.02519836809405
