run_number,plate_position,GridColIdx,sample_plate_arrangement,Concentration,run_last_day,group_last_day,well_last_hours_passed
d000353,1,64,1,0,120,120,6
d000353,1,70,1,0,120,120,12
d000353,1,93,1,0,120,120,12
d000353,1,94,1,0,120,120,6
d000353,1,65,1,0,120,120,6
d000353,1,1,1,0,120,120,12
d000353,1,12,1,0,120,120,24
d000353,1,52,1,0,120,120,6
d000353,1,31,1,0,120,120,6
d000353,1,11,1,0,120,120,6
d000353,2,1,1,5,120,120,12
d000353,2,52,1,5,120,120,12
d000353,2,65,1,5,120,120,0
d000353,2,42,1,5,120,120,0
d000353,2,70,1,5,120,120,18
d000353,2,93,1,5,120,120,0
d000353,2,39,1,5,120,120,30
d000353,2,54,1,5,120,120,0
d000353,3,65,1,10,120,120,0
d000353,3,1,1,10,120,120,6
d000353,3,42,1,10,120,120,12
d000353,3,93,1,10,120,120,6
d000353,3,70,1,10,120,120,6
d000353,3,39,1,10,120,120,30
d000353,3,64,1,10,120,120,6
d000353,3,40,1,10,120,120,24
d000353,3,54,1,10,120,120,12
d000353,3,52,1,10,120,120,0
d000353,4,26,1,15,120,120,0
d000353,4,11,1,15,120,120,0
d000353,4,75,1,15,120,120,0
d000353,4,34,1,15,120,120,0
d000353,4,44,1,15,120,120,0
d000353,4,85,1,15,120,120,0
d000353,4,93,1,15,120,120,0
d000353,4,21,1,15,120,120,0
d000353,4,52,1,15,120,120,18
d000353,4,31,1,15,120,120,0
d000353,4,70,1,15,120,120,6
d000353,4,94,1,15,120,120,0
d000353,4,95,1,15,120,120,0
d000353,4,54,1,15,120,120,0
d000353,4,42,1,15,120,120,24
d000353,4,1,1,15,120,120,18
d000353,4,64,1,15,120,120,12
d000353,4,40,1,15,120,120,12
d000353,5,44,1,20,120,120,6
d000353,5,42,1,20,120,120,6
d000353,5,26,1,20,120,120,6
d000353,5,75,1,20,120,120,0
d000353,5,50,1,20,120,120,12
d000353,5,52,1,20,120,120,6
d000353,5,12,1,20,120,120,30
d000353,5,34,1,20,120,120,6
d000353,5,94,1,20,120,120,6
d000353,5,31,1,20,120,120,6
d000353,5,70,1,20,120,120,6
d000353,5,54,1,20,120,120,12
d000353,5,85,1,20,120,120,6
d000353,5,93,1,20,120,120,6
d000353,5,11,1,20,120,120,6
d000353,5,65,1,20,120,120,6
d000353,5,1,1,20,120,120,12
d000353,5,64,1,20,120,120,12
d000353,5,95,1,20,120,120,12
d000353,5,21,1,20,120,120,6
d000353,5,40,1,20,120,120,18
d000353,6,42,1,25,120,120,12
d000353,6,26,1,25,120,120,12
d000353,6,49,1,25,120,120,12
d000353,6,50,1,25,120,120,12
d000353,6,65,1,25,120,120,6
d000353,6,1,1,25,120,120,12
d000353,6,52,1,25,120,120,12
d000353,6,34,1,25,120,120,12
d000353,6,44,1,25,120,120,12
d000353,6,19,1,25,120,120,102
d000353,6,75,1,25,120,120,6
d000353,6,85,1,25,120,120,12
d000353,6,93,1,25,120,120,12
d000353,6,21,1,25,120,120,12
d000353,6,31,1,25,120,120,6
d000353,6,70,1,25,120,120,12
d000353,6,39,1,25,120,120,36
d000353,6,12,1,25,120,120,30
d000353,6,94,1,25,120,120,12
d000353,6,95,1,25,120,120,36
d000353,6,54,1,25,120,120,12
d000353,6,64,1,25,120,120,18
d000353,6,40,1,25,120,120,24
d000353,6,11,1,25,120,120,12
d000353,7,42,1,30,120,120,18
d000353,7,26,1,30,120,120,12
d000353,7,50,1,30,120,120,12
d000353,7,1,1,30,120,120,12
d000353,7,19,1,30,120,120,42
d000353,7,75,1,30,120,120,18
d000353,7,52,1,30,120,120,18
d000353,7,12,1,30,120,120,48
d000353,7,65,1,30,120,120,18
d000353,7,34,1,30,120,120,12
d000353,7,39,1,30,120,120,24
d000353,7,44,1,30,120,120,18
d000353,7,85,1,30,120,120,18
d000353,7,93,1,30,120,120,18
d000353,7,21,1,30,120,120,18
d000353,7,11,1,30,120,120,18
d000353,7,37,1,30,120,120,18
d000353,7,94,1,30,120,120,18
d000353,7,31,1,30,120,120,18
d000353,7,64,1,30,120,120,18
d000353,7,95,1,30,120,120,18
d000353,7,40,1,30,120,120,30
d000353,7,70,1,30,120,120,18
d000353,7,54,1,30,120,120,18
d000353,8,65,2,0,120,120,0
d000353,8,1,2,0,120,120,24
d000353,8,75,2,0,120,120,12
d000353,8,64,2,0,120,120,0
d000353,9,11,2,5,120,120,0
d000353,9,65,2,5,120,120,0
d000353,9,1,2,5,120,120,0
d000353,9,8,2,5,120,120,18
d000353,9,64,2,5,120,120,6
d000353,10,64,2,10,120,120,12
d000353,10,76,2,10,120,120,0
d000353,10,1,2,10,120,120,6
d000353,11,85,2,15,120,120,0
d000353,11,11,2,15,120,120,0
d000353,11,76,2,15,120,120,12
d000353,11,1,2,15,120,120,12
d000353,12,70,2,20,120,120,0
d000353,12,31,2,20,120,120,0
d000353,12,54,2,20,120,120,0
d000353,12,95,2,20,120,120,0
d000353,12,64,2,20,120,120,0
d000353,12,65,2,20,120,120,0
d000353,12,1,2,20,120,120,0
d000353,12,34,2,20,120,120,0
d000353,12,85,2,20,120,120,24
d000353,12,44,2,20,120,120,0
d000353,12,11,2,20,120,120,18
d000353,12,76,2,20,120,120,0
d000353,12,21,2,20,120,120,0
d000353,12,75,2,20,120,120,0
d000353,13,65,2,25,120,120,0
d000353,13,1,2,25,120,120,12
d000353,13,34,2,25,120,120,6
d000353,13,44,2,25,120,120,6
d000353,13,11,2,25,120,120,6
d000353,13,76,2,25,120,120,6
d000353,13,75,2,25,120,120,6
d000353,13,28,2,25,120,120,6
d000353,13,70,2,25,120,120,6
d000353,13,85,2,25,120,120,6
d000353,13,21,2,25,120,120,0
d000353,13,54,2,25,120,120,6
d000353,13,31,2,25,120,120,0
d000353,13,64,2,25,120,120,0
d000353,13,95,2,25,120,120,6
d000353,14,65,2,30,120,120,12
d000353,14,1,2,30,120,120,12
d000353,14,34,2,30,120,120,12
d000353,14,70,2,30,120,120,12
d000353,14,31,2,30,120,120,12
d000353,14,54,2,30,120,120,12
d000353,14,95,2,30,120,120,12
d000353,14,44,2,30,120,120,12
d000353,14,85,2,30,120,120,12
d000353,14,11,2,30,120,120,12
d000353,14,76,2,30,120,120,12
d000353,14,21,2,30,120,120,12
d000353,14,75,2,30,120,120,12
d000353,14,28,2,30,120,120,12
d000353,14,64,2,30,120,120,12
d000353,15,83,3,0,120,120,0
d000353,15,44,3,0,120,120,0
d000353,15,28,3,0,120,120,42
d000353,15,34,3,0,120,120,0
d000353,15,25,3,0,120,120,12
d000353,15,65,3,0,120,120,12
d000353,15,94,3,0,120,120,0
d000353,15,85,3,0,120,120,6
d000353,15,75,3,0,120,120,18
d000353,15,31,3,0,120,120,6
d000353,15,64,3,0,120,120,6
d000353,15,54,3,0,120,120,6
d000353,15,11,3,0,120,120,12
d000353,15,1,3,0,120,120,12
d000353,16,65,3,5,120,120,12
d000353,16,87,3,5,120,120,30
d000353,16,31,3,5,120,120,0
d000353,16,64,3,5,120,120,6
d000353,16,16,3,5,120,120,24
d000353,16,25,3,5,120,120,12
d000353,16,83,3,5,120,120,6
d000353,16,44,3,5,120,120,12
d000353,16,34,3,5,120,120,12
d000353,16,86,3,5,120,120,30
d000353,16,13,3,5,120,120,30
d000353,16,1,3,5,120,120,18
d000353,16,94,3,5,120,120,12
d000353,17,25,3,10,120,120,12
d000353,17,1,3,10,120,120,12
d000353,17,65,3,10,120,120,12
d000353,17,85,3,10,120,120,0
d000353,17,21,3,10,120,120,0
d000353,17,13,3,10,120,120,18
d000353,17,87,3,10,120,120,18
d000353,17,54,3,10,120,120,0
d000353,17,16,3,10,120,120,18
d000353,17,83,3,10,120,120,0
d000353,17,28,3,10,120,120,30
d000353,17,11,3,10,120,120,6
d000353,17,64,3,10,120,120,12
d000353,18,19,3,15,120,120,0
d000353,18,25,3,15,120,120,12
d000353,18,11,3,15,120,120,0
d000353,18,65,3,15,120,120,12
d000353,18,1,3,15,120,120,18
d000353,18,34,3,15,120,120,0
d000353,18,83,3,15,120,120,18
d000353,18,44,3,15,120,120,0
d000353,18,85,3,15,120,120,24
d000353,18,21,3,15,120,120,18
d000353,18,13,3,15,120,120,42
d000353,18,87,3,15,120,120,12
d000353,18,31,3,15,120,120,0
d000353,18,94,3,15,120,120,0
d000353,18,7,3,15,120,120,0
d000353,18,95,3,15,120,120,0
d000353,18,64,3,15,120,120,72
d000353,18,16,3,15,120,120,18
d000353,18,54,3,15,120,120,6
d000353,19,27,3,20,120,120,30
d000353,19,75,3,20,120,120,12
d000353,19,58,3,20,120,120,18
d000353,19,11,3,20,120,120,30
d000353,19,65,3,20,120,120,18
d000353,19,1,3,20,120,120,18
d000353,19,34,3,20,120,120,12
d000353,19,83,3,20,120,120,12
d000353,19,44,3,20,120,120,18
d000353,19,85,3,20,120,120,18
d000353,19,19,3,20,120,120,12
d000353,19,28,3,20,120,120,18
d000353,19,21,3,20,120,120,12
d000353,19,87,3,20,120,120,18
d000353,19,31,3,20,120,120,18
d000353,19,64,3,20,120,120,18
d000353,19,7,3,20,120,120,18
d000353,19,95,3,20,120,120,12
d000353,19,16,3,20,120,120,18
d000353,19,86,3,20,120,120,30
d000353,19,94,3,20,120,120,24
d000353,19,54,3,20,120,120,18
d000353,19,25,3,20,120,120,18
d000353,19,13,3,20,120,120,18
d000353,20,27,3,25,120,120,18
d000353,20,83,3,25,120,120,18
d000353,20,44,3,25,120,120,12
d000353,20,85,3,25,120,120,18
d000353,20,19,3,25,120,120,18
d000353,20,75,3,25,120,120,18
d000353,20,28,3,25,120,120,18
d000353,20,58,3,25,120,120,18
d000353,20,11,3,25,120,120,18
d000353,20,34,3,25,120,120,18
d000353,20,25,3,25,120,120,18
d000353,20,1,3,25,120,120,18
d000353,20,65,3,25,120,120,18
d000353,20,31,3,25,120,120,18
d000353,20,64,3,25,120,120,18
d000353,20,7,3,25,120,120,18
d000353,20,95,3,25,120,120,24
d000353,20,16,3,25,120,120,24
d000353,20,53,3,25,120,120,24
d000353,20,86,3,25,120,120,30
d000353,20,21,3,25,120,120,18
d000353,20,13,3,25,120,120,18
d000353,20,94,3,25,120,120,18
d000353,20,54,3,25,120,120,18
d000353,21,25,3,30,120,120,24
d000353,21,58,3,30,120,120,24
d000353,21,1,3,30,120,120,24
d000353,21,65,3,30,120,120,24
d000353,21,83,3,30,120,120,24
d000353,21,27,3,30,120,120,36
d000353,21,19,3,30,120,120,18
d000353,21,28,3,30,120,120,24
d000353,21,61,3,30,120,120,24
d000353,21,86,3,30,120,120,24
d000353,21,13,3,30,120,120,24
d000353,21,29,3,30,120,120,24
d000353,21,87,3,30,120,120,24
d000353,21,31,3,30,120,120,24
d000353,21,64,3,30,120,120,24
d000353,21,7,3,30,120,120,24
d000353,21,16,3,30,120,120,42
d000353,21,34,3,30,120,120,24
d000353,21,44,3,30,120,120,24
d000353,21,85,3,30,120,120,24
d000353,21,21,3,30,120,120,24
d000353,21,94,3,30,120,120,24
d000353,21,54,3,30,120,120,24
d000353,21,95,3,30,120,120,18
d000353,21,75,3,30,120,120,24
d000353,21,11,3,30,120,120,24
d000353,22,1,4,0,120,120,12
d000353,22,21,4,0,120,120,0
d000353,22,54,4,0,120,120,0
d000353,22,88,4,0,120,120,6
d000353,22,65,4,0,120,120,6
d000353,22,11,4,0,120,120,6
d000353,22,64,4,0,120,120,24
d000353,22,31,4,0,120,120,6
d000353,23,75,4,5,120,120,0
d000353,23,74,4,5,120,120,0
d000353,23,82,4,5,120,120,0
d000353,23,44,4,5,120,120,0
d000353,23,85,4,5,120,120,0
d000353,23,11,4,5,120,120,0
d000353,23,94,4,5,120,120,0
d000353,23,95,4,5,120,120,0
d000353,23,63,4,5,120,120,12
d000353,23,64,4,5,120,120,0
d000353,23,31,4,5,120,120,0
d000353,23,48,4,5,120,120,18
d000353,23,23,4,5,120,120,30
d000353,23,8,4,5,120,120,18
d000353,23,1,4,5,120,120,30
d000353,23,21,4,5,120,120,6
d000353,23,88,4,5,120,120,24
d000353,23,54,4,5,120,120,12
d000353,24,83,4,10,120,120,30
d000353,24,94,4,10,120,120,12
d000353,24,21,4,10,120,120,0
d000353,24,63,4,10,120,120,18
d000353,24,64,4,10,120,120,12
d000353,24,48,4,10,120,120,12
d000353,24,23,4,10,120,120,18
d000353,24,88,4,10,120,120,30
d000353,24,95,4,10,120,120,18
d000353,24,75,4,10,120,120,6
d000353,24,65,4,10,120,120,18
d000353,24,1,4,10,120,120,12
d000353,24,82,4,10,120,120,24
d000353,24,44,4,10,120,120,18
d000353,24,11,4,10,120,120,6
d000353,24,85,4,10,120,120,6
d000353,24,31,4,10,120,120,6
d000353,24,8,4,10,120,120,30
d000353,25,44,4,15,120,120,0
d000353,25,75,4,15,120,120,6
d000353,25,11,4,15,120,120,0
d000353,25,74,4,15,120,120,0
d000353,25,65,4,15,120,120,12
d000353,25,82,4,15,120,120,0
d000353,25,34,4,15,120,120,0
d000353,25,63,4,15,120,120,24
d000353,25,64,4,15,120,120,18
d000353,25,31,4,15,120,120,6
d000353,25,54,4,15,120,120,0
d000353,25,8,4,15,120,120,24
d000353,25,88,4,15,120,120,18
d000353,25,95,4,15,120,120,30
d000353,25,94,4,15,120,120,18
d000353,25,21,4,15,120,120,12
d000353,25,85,4,15,120,120,0
d000353,26,74,4,20,120,120,12
d000353,26,65,4,20,120,120,12
d000353,26,1,4,20,120,120,12
d000353,26,82,4,20,120,120,6
d000353,26,34,4,20,120,120,6
d000353,26,44,4,20,120,120,6
d000353,26,85,4,20,120,120,12
d000353,26,75,4,20,120,120,12
d000353,26,11,4,20,120,120,12
d000353,26,94,4,20,120,120,12
d000353,26,21,4,20,120,120,12
d000353,26,83,4,20,120,120,24
d000353,26,67,4,20,120,120,18
d000353,26,63,4,20,120,120,12
d000353,26,38,4,20,120,120,18
d000353,26,31,4,20,120,120,6
d000353,26,23,4,20,120,120,12
d000353,26,54,4,20,120,120,12
d000353,26,95,4,20,120,120,12
d000353,26,64,4,20,120,120,12
d000353,26,48,4,20,120,120,36
d000353,26,88,4,20,120,120,18
d000353,26,8,4,20,120,120,18
d000353,27,74,4,25,120,120,18
d000353,27,65,4,25,120,120,12
d000353,27,1,4,25,120,120,24
d000353,27,82,4,25,120,120,18
d000353,27,34,4,25,120,120,18
d000353,27,63,4,25,120,120,12
d000353,27,94,4,25,120,120,18
d000353,27,38,4,25,120,120,48
d000353,27,31,4,25,120,120,18
d000353,27,21,4,25,120,120,18
d000353,27,23,4,25,120,120,24
d000353,27,54,4,25,120,120,18
d000353,27,95,4,25,120,120,18
d000353,27,44,4,25,120,120,18
d000353,27,85,4,25,120,120,18
d000353,27,75,4,25,120,120,18
d000353,27,11,4,25,120,120,18
d000353,27,83,4,25,120,120,18
d000353,27,67,4,25,120,120,18
d000353,27,64,4,25,120,120,18
d000353,27,48,4,25,120,120,18
d000353,27,88,4,25,120,120,18
d000353,27,8,4,25,120,120,24
d000353,28,44,4,30,120,120,18
d000353,28,74,4,30,120,120,18
d000353,28,65,4,30,120,120,18
d000353,28,1,4,30,120,120,18
d000353,28,82,4,30,120,120,18
d000353,28,34,4,30,120,120,18
d000353,28,75,4,30,120,120,18
d000353,28,11,4,30,120,120,18
d000353,28,21,4,30,120,120,18
d000353,28,83,4,30,120,120,18
d000353,28,67,4,30,120,120,24
d000353,28,63,4,30,120,120,18
d000353,28,64,4,30,120,120,18
d000353,28,31,4,30,120,120,18
d000353,28,48,4,30,120,120,18
d000353,28,23,4,30,120,120,18
d000353,28,88,4,30,120,120,18
d000353,28,8,4,30,120,120,30
d000353,28,85,4,30,120,120,18
d000353,28,38,4,30,120,120,42
d000353,28,54,4,30,120,120,18
d000353,28,95,4,30,120,120,18
d000353,28,94,4,30,120,120,18
d000354,29,42,1,0,114,108,0
d000354,29,65,1,0,114,108,0
d000354,29,11,1,0,114,108,0
d000354,29,85,1,0,114,108,6
d000354,29,21,1,0,114,108,12
d000354,29,29,1,0,114,108,18
d000354,29,31,1,0,114,108,0
d000354,29,1,1,0,114,108,12
d000354,30,25,1,5,114,114,0
d000354,30,58,1,5,114,114,0
d000354,30,1,1,5,114,114,0
d000354,30,86,1,5,114,114,0
d000354,30,29,1,5,114,114,6
d000354,30,64,1,5,114,114,0
d000354,31,73,1,10,114,114,6
d000354,31,65,1,10,114,114,0
d000354,31,10,1,10,114,114,24
d000354,31,33,1,10,114,114,6
d000354,31,29,1,10,114,114,6
d000354,31,95,1,10,114,114,6
d000354,31,25,1,10,114,114,24
d000354,32,25,1,15,114,114,0
d000354,32,65,1,15,114,114,12
d000354,32,34,1,15,114,114,6
d000354,32,84,1,15,114,114,6
d000354,32,35,1,15,114,114,0
d000354,32,85,1,15,114,114,12
d000354,32,29,1,15,114,114,0
d000354,32,77,1,15,114,114,0
d000354,32,64,1,15,114,114,0
d000354,32,79,1,15,114,114,12
d000354,32,73,1,15,114,114,24
d000354,33,42,1,20,114,114,0
d000354,33,18,1,20,114,114,6
d000354,33,11,1,20,114,114,0
d000354,33,58,1,20,114,114,6
d000354,33,10,1,20,114,114,0
d000354,33,91,1,20,114,114,0
d000354,33,34,1,20,114,114,0
d000354,33,84,1,20,114,114,0
d000354,33,44,1,20,114,114,0
d000354,33,29,1,20,114,114,0
d000354,33,77,1,20,114,114,0
d000354,33,86,1,20,114,114,0
d000354,33,87,1,20,114,114,0
d000354,33,31,1,20,114,114,0
d000354,33,64,1,20,114,114,0
d000354,33,23,1,20,114,114,0
d000354,33,95,1,20,114,114,0
d000354,33,79,1,20,114,114,0
d000354,33,85,1,20,114,114,0
d000354,33,21,1,20,114,114,0
d000354,33,46,1,20,114,114,6
d000354,33,14,1,20,114,114,0
d000354,33,6,1,20,114,114,0
d000354,33,54,1,20,114,114,0
d000354,34,85,1,25,114,114,0
d000354,34,44,1,25,114,114,0
d000354,34,86,1,25,114,114,0
d000354,34,75,1,25,114,114,0
d000354,34,21,1,25,114,114,0
d000354,34,46,1,25,114,114,6
d000354,34,14,1,25,114,114,0
d000354,34,29,1,25,114,114,0
d000354,34,35,1,25,114,114,0
d000354,34,77,1,25,114,114,0
d000354,34,54,1,25,114,114,0
d000354,34,42,1,25,114,114,0
d000354,34,18,1,25,114,114,0
d000354,34,73,1,25,114,114,0
d000354,34,58,1,25,114,114,0
d000354,34,65,1,25,114,114,0
d000354,34,1,1,25,114,114,0
d000354,34,10,1,25,114,114,0
d000354,34,91,1,25,114,114,0
d000354,34,34,1,25,114,114,0
d000354,34,87,1,25,114,114,0
d000354,34,31,1,25,114,114,0
d000354,34,23,1,25,114,114,0
d000354,34,95,1,25,114,114,0
d000354,34,6,1,25,114,114,0
d000354,34,79,1,25,114,114,0
d000354,34,56,1,25,114,114,6
d000354,34,64,1,25,114,114,6
d000354,35,85,1,30,114,114,12
d000354,35,86,1,30,114,114,12
d000354,35,21,1,30,114,114,12
d000354,35,46,1,30,114,114,12
d000354,35,14,1,30,114,114,12
d000354,35,29,1,30,114,114,12
d000354,35,77,1,30,114,114,12
d000354,35,6,1,30,114,114,12
d000354,35,54,1,30,114,114,12
d000354,35,42,1,30,114,114,12
d000354,35,18,1,30,114,114,12
d000354,35,44,1,30,114,114,12
d000354,35,84,1,30,114,114,18
d000354,35,75,1,30,114,114,12
d000354,35,65,1,30,114,114,12
d000354,35,10,1,30,114,114,12
d000354,35,35,1,30,114,114,12
d000354,35,82,1,30,114,114,12
d000354,35,25,1,30,114,114,12
d000354,35,58,1,30,114,114,12
d000354,35,1,1,30,114,114,12
d000354,35,34,1,30,114,114,12
d000354,35,56,1,30,114,114,12
d000354,35,64,1,30,114,114,12
d000354,35,11,1,30,114,114,12
d000354,35,87,1,30,114,114,18
d000354,35,31,1,30,114,114,12
d000354,35,23,1,30,114,114,12
d000354,35,95,1,30,114,114,12
d000354,35,79,1,30,114,114,12
d000354,36,9,2,0,114,114,6
d000354,36,89,2,0,114,114,0
d000354,36,25,2,0,114,114,0
d000354,36,65,2,0,114,114,0
d000354,36,1,2,0,114,114,0
d000354,36,52,2,0,114,114,12
d000354,36,11,2,0,114,114,0
d000354,36,55,2,0,114,114,0
d000354,36,64,2,0,114,114,12
d000354,36,31,2,0,114,114,0
d000354,36,95,2,0,114,114,0
d000354,36,32,2,0,114,114,12
d000354,36,24,2,0,114,114,12
d000354,37,89,2,5,114,114,0
d000354,37,25,2,5,114,114,6
d000354,37,66,2,5,114,114,102
d000354,37,32,2,5,114,114,0
d000354,37,64,2,5,114,114,6
d000354,37,24,2,5,114,114,6
d000354,37,95,2,5,114,114,0
d000354,38,49,2,10,114,114,6
d000354,38,4,2,10,114,114,24
d000354,38,32,2,10,114,114,0
d000354,38,64,2,10,114,114,0
d000354,38,24,2,10,114,114,0
d000354,38,95,2,10,114,114,0
d000354,39,9,2,15,114,114,12
d000354,39,89,2,15,114,114,0
d000354,39,49,2,15,114,114,0
d000354,39,25,2,15,114,114,0
d000354,39,65,2,15,114,114,0
d000354,39,34,2,15,114,114,0
d000354,39,35,2,15,114,114,0
d000354,39,4,2,15,114,114,18
d000354,39,1,2,15,114,114,12
d000354,39,55,2,15,114,114,0
d000354,39,24,2,15,114,114,12
d000354,39,64,2,15,114,114,6
d000354,40,9,2,20,114,114,0
d000354,40,58,2,20,114,114,6
d000354,40,49,2,20,114,114,0
d000354,40,25,2,20,114,114,0
d000354,40,65,2,20,114,114,6
d000354,40,1,2,20,114,114,0
d000354,40,57,2,20,114,114,0
d000354,40,35,2,20,114,114,0
d000354,40,44,2,20,114,114,6
d000354,40,62,2,20,114,114,0
d000354,40,4,2,20,114,114,24
d000354,40,32,2,20,114,114,6
d000354,40,64,2,20,114,114,6
d000354,40,24,2,20,114,114,6
d000354,40,54,2,20,114,114,0
d000354,40,95,2,20,114,114,6
d000354,41,9,2,25,114,114,0
d000354,41,89,2,25,114,114,0
d000354,41,58,2,25,114,114,0
d000354,41,49,2,25,114,114,6
d000354,41,25,2,25,114,114,0
d000354,41,65,2,25,114,114,0
d000354,41,1,2,25,114,114,0
d000354,41,57,2,25,114,114,6
d000354,41,34,2,25,114,114,0
d000354,41,41,2,25,114,114,0
d000354,41,44,2,25,114,114,0
d000354,41,85,2,25,114,114,0
d000354,41,52,2,25,114,114,0
d000354,41,6,2,25,114,114,0
d000354,41,31,2,25,114,114,0
d000354,41,21,2,25,114,114,0
d000354,41,62,2,25,114,114,0
d000354,41,4,2,25,114,114,18
d000354,41,54,2,25,114,114,0
d000354,41,95,2,25,114,114,0
d000354,41,32,2,25,114,114,0
d000354,41,96,2,25,114,114,18
d000354,41,64,2,25,114,114,0
d000354,41,24,2,25,114,114,0
d000354,41,35,2,25,114,114,0
d000354,41,75,2,25,114,114,6
d000354,41,11,2,25,114,114,0
d000354,42,9,2,30,114,114,12
d000354,42,89,2,30,114,114,12
d000354,42,58,2,30,114,114,12
d000354,42,25,2,30,114,114,12
d000354,42,65,2,30,114,114,12
d000354,42,1,2,30,114,114,18
d000354,42,34,2,30,114,114,12
d000354,42,57,2,30,114,114,12
d000354,42,41,2,30,114,114,12
d000354,42,44,2,30,114,114,12
d000354,42,35,2,30,114,114,12
d000354,42,75,2,30,114,114,12
d000354,42,52,2,30,114,114,12
d000354,42,11,2,30,114,114,12
d000354,42,4,2,30,114,114,12
d000354,42,85,2,30,114,114,12
d000354,42,77,2,30,114,114,12
d000354,42,31,2,30,114,114,12
d000354,42,21,2,30,114,114,12
d000354,42,62,2,30,114,114,12
d000354,42,54,2,30,114,114,12
d000354,42,95,2,30,114,114,12
d000354,42,6,2,30,114,114,12
d000354,42,32,2,30,114,114,12
d000354,42,96,2,30,114,114,24
d000354,42,64,2,30,114,114,18
d000354,42,24,2,30,114,114,12
d000354,43,89,3,0,114,114,0
d000354,43,82,3,0,114,114,0
d000354,43,65,3,0,114,114,0
d000354,43,58,3,0,114,114,0
d000354,43,85,3,0,114,114,6
d000354,43,11,3,0,114,114,0
d000354,43,59,3,0,114,114,0
d000354,43,31,3,0,114,114,0
d000354,43,64,3,0,114,114,0
d000354,43,62,3,0,114,114,0
d000354,43,95,3,0,114,114,0
d000354,44,89,3,5,114,114,0
d000354,44,49,3,5,114,114,90
d000354,44,42,3,5,114,114,108
d000354,44,1,3,5,114,114,12
d000354,44,58,3,5,114,114,6
d000354,44,75,3,5,114,114,6
d000354,44,85,3,5,114,114,18
d000354,44,5,3,5,114,114,0
d000354,44,64,3,5,114,114,0
d000354,44,39,3,5,114,114,12
d000354,44,95,3,5,114,114,6
d000354,45,1,3,10,114,114,0
d000354,45,12,3,10,114,114,0
d000354,45,30,3,10,114,114,6
d000354,45,95,3,10,114,114,6
d000354,46,49,3,15,114,114,0
d000354,46,1,3,15,114,114,0
d000354,46,81,3,15,114,114,6
d000354,46,58,3,15,114,114,6
d000354,46,39,3,15,114,114,6
d000354,46,64,3,15,114,114,12
d000354,47,49,3,20,114,114,0
d000354,47,62,3,20,114,114,6
d000354,47,79,3,20,114,114,0
d000354,47,39,3,20,114,114,12
d000354,47,75,3,20,114,114,108
d000354,48,89,3,25,114,114,0
d000354,48,49,3,25,114,114,0
d000354,48,65,3,25,114,114,0
d000354,48,1,3,25,114,114,0
d000354,48,26,3,25,114,114,0
d000354,48,81,3,25,114,114,0
d000354,48,34,3,25,114,114,0
d000354,48,44,3,25,114,114,0
d000354,48,11,3,25,114,114,0
d000354,48,75,3,25,114,114,0
d000354,48,82,3,25,114,114,0
d000354,48,59,3,25,114,114,0
d000354,48,58,3,25,114,114,0
d000354,48,67,3,25,114,114,18
d000354,48,5,3,25,114,114,0
d000354,48,85,3,25,114,114,0
d000354,48,30,3,25,114,114,0
d000354,48,62,3,25,114,114,0
d000354,48,31,3,25,114,114,0
d000354,48,61,3,25,114,114,0
d000354,48,21,3,25,114,114,0
d000354,48,54,3,25,114,114,0
d000354,48,95,3,25,114,114,0
d000354,48,79,3,25,114,114,12
d000354,48,64,3,25,114,114,0
d000354,49,89,3,30,114,114,6
d000354,49,82,3,30,114,114,6
d000354,49,65,3,30,114,114,6
d000354,49,1,3,30,114,114,12
d000354,49,26,3,30,114,114,6
d000354,49,81,3,30,114,114,6
d000354,49,34,3,30,114,114,6
d000354,49,58,3,30,114,114,6
d000354,49,85,3,30,114,114,36
d000354,49,44,3,30,114,114,6
d000354,49,11,3,30,114,114,6
d000354,49,61,3,30,114,114,6
d000354,49,21,3,30,114,114,6
d000354,49,59,3,30,114,114,6
d000354,49,67,3,30,114,114,6
d000354,49,5,3,30,114,114,6
d000354,49,30,3,30,114,114,6
d000354,49,62,3,30,114,114,6
d000354,49,31,3,30,114,114,6
d000354,49,79,3,30,114,114,30
d000354,49,39,3,30,114,114,60
d000354,49,95,3,30,114,114,6
d000354,49,71,3,30,114,114,30
d000354,49,75,3,30,114,114,6
d000354,49,64,3,30,114,114,6
d000354,49,54,3,30,114,114,6
d000354,50,31,4,0,114,114,0
d000354,50,64,4,0,114,114,24
d000354,50,9,4,0,114,114,6
d000354,50,50,4,0,114,114,0
d000354,50,1,4,0,114,114,6
d000354,50,65,4,0,114,114,0
d000354,50,44,4,0,114,114,6
d000354,50,86,4,0,114,114,0
d000354,50,75,4,0,114,114,0
d000354,50,92,4,0,114,114,12
d000354,51,25,4,5,114,114,0
d000354,51,1,4,5,114,114,0
d000354,51,11,4,5,114,114,0
d000354,51,92,4,5,114,114,30
d000354,51,85,4,5,114,114,0
d000354,51,93,4,5,114,114,0
d000354,51,95,4,5,114,114,6
d000354,51,64,4,5,114,114,6
d000354,52,92,4,10,114,114,0
d000354,52,25,4,10,114,114,0
d000354,52,1,4,10,114,114,0
d000354,52,64,4,10,114,114,6
d000354,52,65,4,10,114,114,6
d000354,52,95,4,10,114,114,6
d000354,52,86,4,10,114,114,0
d000354,52,93,4,10,114,114,0
d000354,53,64,4,15,114,114,0
d000354,53,25,4,15,114,114,0
d000354,53,9,4,15,114,114,12
d000354,53,21,4,15,114,114,6
d000354,53,92,4,15,114,114,6
d000354,53,5,4,15,114,114,6
d000354,54,58,4,20,114,114,0
d000354,54,50,4,20,114,114,0
d000354,54,34,4,20,114,114,0
d000354,54,9,4,20,114,114,0
d000354,54,1,4,20,114,114,0
d000354,54,44,4,20,114,114,0
d000354,54,85,4,20,114,114,0
d000354,54,11,4,20,114,114,0
d000354,54,28,4,20,114,114,0
d000354,54,21,4,20,114,114,0
d000354,54,75,4,20,114,114,0
d000354,54,51,4,20,114,114,18
d000354,54,5,4,20,114,114,0
d000354,54,92,4,20,114,114,0
d000354,54,83,4,20,114,114,0
d000354,54,86,4,20,114,114,0
d000354,54,93,4,20,114,114,0
d000354,54,64,4,20,114,114,0
d000354,54,71,4,20,114,114,0
d000354,54,31,4,20,114,114,0
d000354,54,69,4,20,114,114,0
d000354,54,80,4,20,114,114,24
d000354,54,95,4,20,114,114,0
d000354,54,39,4,20,114,114,0
d000354,54,54,4,20,114,114,0
d000354,55,25,4,25,114,114,0
d000354,55,58,4,25,114,114,0
d000354,55,9,4,25,114,114,0
d000354,55,50,4,25,114,114,0
d000354,55,65,4,25,114,114,0
d000354,55,1,4,25,114,114,0
d000354,55,34,4,25,114,114,0
d000354,55,86,4,25,114,114,0
d000354,55,31,4,25,114,114,0
d000354,55,71,4,25,114,114,6
d000354,55,95,4,25,114,114,0
d000354,55,54,4,25,114,114,0
d000354,55,44,4,25,114,114,0
d000354,55,85,4,25,114,114,0
d000354,55,93,4,25,114,114,12
d000354,55,11,4,25,114,114,0
d000354,55,28,4,25,114,114,0
d000354,55,75,4,25,114,114,0
d000354,55,51,4,25,114,114,0
d000354,55,5,4,25,114,114,0
d000354,55,69,4,25,114,114,0
d000354,55,83,4,25,114,114,0
d000354,55,64,4,25,114,114,0
d000354,56,86,4,30,114,114,18
d000354,56,58,4,30,114,114,0
d000354,56,51,4,30,114,114,18
d000354,56,34,4,30,114,114,18
d000354,56,83,4,30,114,114,12
d000354,56,85,4,30,114,114,18
d000354,56,71,4,30,114,114,18
d000354,56,64,4,30,114,114,12
d000354,56,31,4,30,114,114,6
d000354,56,80,4,30,114,114,18
d000354,56,25,4,30,114,114,18
d000354,56,9,4,30,114,114,18
d000354,56,65,4,30,114,114,12
d000354,56,92,4,30,114,114,18
d000354,56,1,4,30,114,114,18
d000354,56,93,4,30,114,114,18
d000355,57,29,1,0,114,114,18
d000355,57,69,1,0,114,114,12
d000355,57,53,1,0,114,114,12
d000355,57,17,1,0,114,114,12
d000355,57,65,1,0,114,114,0
d000355,57,25,1,0,114,114,0
d000355,57,58,1,0,114,114,18
d000355,57,11,1,0,114,114,0
d000355,57,75,1,0,114,114,6
d000355,57,1,1,0,114,114,12
d000355,57,56,1,0,114,114,6
d000355,57,31,1,0,114,114,0
d000355,57,16,1,0,114,114,6
d000355,57,64,1,0,114,114,6
d000355,57,38,1,0,114,114,6
d000355,58,17,1,5,114,114,6
d000355,58,25,1,5,114,114,0
d000355,58,29,1,5,114,114,6
d000355,58,38,1,5,114,114,6
d000355,58,15,1,5,114,114,6
d000355,58,40,1,5,114,114,18
d000355,58,7,1,5,114,114,12
d000355,58,56,1,5,114,114,6
d000355,58,64,1,5,114,114,6
d000355,58,16,1,5,114,114,18
d000355,59,1,1,10,114,114,6
d000355,59,65,1,10,114,114,0
d000355,59,25,1,10,114,114,6
d000355,59,29,1,10,114,114,6
d000355,59,27,1,10,114,114,0
d000355,59,31,1,10,114,114,18
d000355,59,16,1,10,114,114,0
d000355,59,40,1,10,114,114,0
d000355,59,38,1,10,114,114,6
d000355,59,17,1,10,114,114,12
d000355,59,64,1,10,114,114,6
d000355,60,17,1,15,114,114,6
d000355,60,25,1,15,114,114,0
d000355,60,58,1,15,114,114,12
d000355,60,9,1,15,114,114,6
d000355,60,6,1,15,114,114,6
d000355,60,56,1,15,114,114,12
d000355,60,40,1,15,114,114,6
d000355,60,27,1,15,114,114,12
d000355,60,16,1,15,114,114,6
d000355,60,64,1,15,114,114,12
d000355,61,67,1,20,114,114,0
d000355,61,27,1,20,114,114,0
d000355,61,75,1,20,114,114,0
d000355,61,58,1,20,114,114,12
d000355,61,34,1,20,114,114,0
d000355,61,11,1,20,114,114,0
d000355,61,44,1,20,114,114,6
d000355,61,85,1,20,114,114,0
d000355,61,46,1,20,114,114,12
d000355,61,29,1,20,114,114,0
d000355,61,21,1,20,114,114,0
d000355,61,53,1,20,114,114,6
d000355,61,15,1,20,114,114,0
d000355,61,31,1,20,114,114,0
d000355,61,64,1,20,114,114,0
d000355,61,40,1,20,114,114,12
d000355,61,7,1,20,114,114,0
d000355,61,38,1,20,114,114,0
d000355,61,54,1,20,114,114,0
d000355,61,95,1,20,114,114,0
d000355,61,17,1,20,114,114,6
d000355,62,2,1,25,114,114,24
d000355,62,67,1,25,114,114,6
d000355,62,17,1,25,114,114,0
d000355,62,27,1,25,114,114,6
d000355,62,11,1,25,114,114,6
d000355,62,75,1,25,114,114,6
d000355,62,1,1,25,114,114,0
d000355,62,65,1,25,114,114,0
d000355,62,25,1,25,114,114,0
d000355,62,58,1,25,114,114,18
d000355,62,34,1,25,114,114,6
d000355,62,44,1,25,114,114,6
d000355,62,37,1,25,114,114,36
d000355,62,85,1,25,114,114,6
d000355,62,29,1,25,114,114,6
d000355,62,21,1,25,114,114,6
d000355,62,6,1,25,114,114,18
d000355,62,54,1,25,114,114,6
d000355,62,38,1,25,114,114,6
d000355,62,53,1,25,114,114,12
d000355,62,46,1,25,114,114,6
d000355,62,15,1,25,114,114,6
d000355,62,31,1,25,114,114,6
d000355,62,39,1,25,114,114,6
d000355,62,7,1,25,114,114,0
d000355,62,95,1,25,114,114,6
d000355,62,56,1,25,114,114,6
d000355,62,16,1,25,114,114,6
d000355,62,64,1,25,114,114,6
d000355,62,40,1,25,114,114,6
d000355,62,96,1,25,114,114,24
d000355,63,37,1,30,114,114,18
d000355,63,6,1,30,114,114,18
d000355,63,69,1,30,114,114,12
d000355,63,38,1,30,114,114,0
d000355,63,86,1,30,114,114,24
d000355,63,5,1,30,114,114,24
d000355,63,89,1,30,114,114,6
d000355,63,17,1,30,114,114,12
d000355,63,1,1,30,114,114,24
d000355,63,25,1,30,114,114,12
d000355,63,9,1,30,114,114,24
d000355,63,74,1,30,114,114,18
d000355,63,29,1,30,114,114,0
d000355,63,19,1,30,114,114,18
d000355,63,56,1,30,114,114,18
d000355,63,16,1,30,114,114,24
d000355,63,64,1,30,114,114,12
d000355,63,40,1,30,114,114,18
d000355,63,96,1,30,114,114,54
d000355,63,65,1,30,114,114,12
d000355,63,46,1,30,114,114,24
d000355,63,95,1,30,114,114,78
d000355,64,1,2,0,114,114,0
d000355,65,64,2,5,114,114,6
d000355,66,64,2,10,114,114,6
d000355,66,95,2,10,114,114,6
d000355,67,64,2,15,114,114,0
d000355,67,65,2,15,114,114,12
d000355,68,65,2,20,114,114,6
d000355,69,1,2,25,114,114,12
d000355,69,65,2,25,114,114,0
d000355,69,34,2,25,114,114,0
d000355,69,44,2,25,114,114,0
d000355,69,85,2,25,114,114,0
d000355,69,76,2,25,114,114,0
d000355,69,28,2,25,114,114,0
d000355,69,75,2,25,114,114,0
d000355,69,21,2,25,114,114,0
d000355,69,54,2,25,114,114,0
d000355,69,11,2,25,114,114,0
d000355,69,70,2,25,114,114,0
d000355,69,31,2,25,114,114,0
d000355,69,64,2,25,114,114,0
d000355,69,95,2,25,114,114,0
d000355,70,75,2,30,114,114,6
d000355,70,11,2,30,114,114,0
d000355,70,34,2,30,114,114,6
d000355,70,1,2,30,114,114,0
d000355,70,65,2,30,114,114,0
d000355,70,70,2,30,114,114,6
d000355,70,31,2,30,114,114,6
d000355,70,64,2,30,114,114,6
d000355,70,95,2,30,114,114,6
d000355,70,44,2,30,114,114,6
d000355,70,85,2,30,114,114,6
d000355,70,76,2,30,114,114,6
d000355,70,28,2,30,114,114,6
d000355,70,54,2,30,114,114,6
d000355,70,21,2,30,114,114,6
d000355,71,1,3,0,114,114,90
d000355,71,65,3,0,114,114,6
d000355,71,44,3,0,114,114,0
d000355,71,12,3,0,114,114,0
d000355,71,31,3,0,114,114,0
d000355,71,88,3,0,114,114,12
d000355,71,86,3,0,114,114,0
d000355,71,53,3,0,114,114,0
d000355,71,95,3,0,114,114,0
d000355,71,64,3,0,114,114,6
d000355,72,64,3,5,114,114,6
d000355,72,88,3,5,114,114,12
d000355,73,74,3,10,114,114,6
d000355,73,1,3,10,114,114,6
d000355,73,65,3,10,114,114,0
d000355,73,88,3,10,114,114,12
d000355,73,95,3,10,114,114,6
d000355,73,64,3,10,114,114,6
d000355,74,1,3,15,114,114,0
d000355,74,65,3,15,114,114,24
d000355,74,14,3,15,114,114,6
d000355,74,88,3,15,114,114,0
d000355,75,74,3,20,114,114,0
d000355,75,67,3,20,114,114,0
d000355,75,75,3,20,114,114,0
d000355,75,11,3,20,114,114,0
d000355,75,1,3,20,114,114,0
d000355,75,34,3,20,114,114,0
d000355,75,42,3,20,114,114,0
d000355,75,64,3,20,114,114,0
d000355,75,88,3,20,114,114,24
d000355,75,14,3,20,114,114,0
d000355,75,86,3,20,114,114,0
d000355,75,31,3,20,114,114,0
d000355,75,54,3,20,114,114,0
d000355,75,95,3,20,114,114,6
d000355,75,44,3,20,114,114,0
d000355,75,45,3,20,114,114,0
d000355,75,53,3,20,114,114,0
d000355,75,21,3,20,114,114,0
d000355,75,12,3,20,114,114,0
d000355,76,64,3,25,114,114,0
d000355,76,88,3,25,114,114,0
d000355,76,14,3,25,114,114,6
d000355,76,23,3,25,114,114,6
d000355,76,31,3,25,114,114,6
d000355,76,70,3,25,114,114,30
d000355,76,54,3,25,114,114,6
d000355,76,95,3,25,114,114,6
d000355,76,44,3,25,114,114,6
d000355,76,45,3,25,114,114,6
d000355,76,86,3,25,114,114,6
d000355,76,21,3,25,114,114,6
d000355,76,53,3,25,114,114,6
d000355,76,74,3,25,114,114,6
d000355,76,67,3,25,114,114,0
d000355,76,75,3,25,114,114,0
d000355,76,12,3,25,114,114,0
d000355,76,34,3,25,114,114,0
d000355,76,42,3,25,114,114,6
d000355,76,1,3,25,114,114,6
d000355,76,85,3,25,114,114,0
d000355,77,44,3,30,114,114,6
d000355,77,85,3,30,114,114,6
d000355,77,45,3,30,114,114,6
d000355,77,14,3,30,114,114,6
d000355,77,86,3,30,114,114,6
d000355,77,38,3,30,114,114,6
d000355,77,53,3,30,114,114,6
d000355,77,21,3,30,114,114,6
d000355,77,4,3,30,114,114,6
d000355,77,70,3,30,114,114,6
d000355,77,54,3,30,114,114,6
d000355,77,95,3,30,114,114,6
d000355,77,74,3,30,114,114,6
d000355,77,25,3,30,114,114,18
d000355,77,1,3,30,114,114,6
d000355,77,65,3,30,114,114,6
d000355,77,34,3,30,114,114,6
d000355,77,42,3,30,114,114,6
d000355,77,64,3,30,114,114,12
d000355,77,31,3,30,114,114,6
d000355,77,88,3,30,114,114,30
d000355,77,12,3,30,114,114,6
d000355,77,11,3,30,114,114,42
d000355,77,67,3,30,114,114,6
d000355,77,75,3,30,114,114,6
d000355,77,51,3,30,114,114,6
d000355,78,31,4,0,114,114,6
d000355,78,89,4,0,114,114,0
d000355,78,1,4,0,114,114,6
d000355,78,58,4,0,114,114,12
d000355,78,81,4,0,114,114,6
d000355,78,75,4,0,114,114,12
d000355,78,93,4,0,114,114,12
d000355,78,37,4,0,114,114,18
d000355,78,27,4,0,114,114,6
d000355,79,1,4,5,114,114,0
d000355,79,65,4,5,114,114,6
d000355,79,58,4,5,114,114,6
d000355,79,41,4,5,114,114,6
d000355,79,81,4,5,114,114,96
d000355,79,3,4,5,114,114,102
d000355,79,52,4,5,114,114,18
d000355,79,12,4,5,114,114,12
d000355,79,27,4,5,114,114,0
d000355,79,93,4,5,114,114,6
d000355,79,62,4,5,114,114,12
d000355,79,64,4,5,114,114,0
d000355,80,69,4,10,114,114,30
d000355,80,52,4,10,114,114,6
d000355,80,93,4,10,114,114,6
d000355,80,62,4,10,114,114,0
d000355,80,15,4,10,114,114,6
d000355,80,31,4,10,114,114,0
d000355,80,64,4,10,114,114,6
d000355,80,96,4,10,114,114,78
d000355,80,95,4,10,114,114,6
d000355,80,90,4,10,114,114,0
d000355,80,65,4,10,114,114,6
d000355,80,58,4,10,114,114,0
d000355,80,41,4,10,114,114,6
d000355,80,3,4,10,114,114,12
d000355,80,12,4,10,114,114,12
d000355,80,27,4,10,114,114,6
d000355,80,1,4,10,114,114,6
d000355,80,89,4,10,114,114,96
d000355,80,44,4,10,114,114,12
d000355,81,89,4,15,114,114,0
d000355,81,1,4,15,114,114,0
d000355,81,65,4,15,114,114,0
d000355,81,41,4,15,114,114,6
d000355,81,81,4,15,114,114,6
d000355,81,3,4,15,114,114,108
d000355,81,27,4,15,114,114,0
d000355,81,52,4,15,114,114,12
d000355,81,12,4,15,114,114,18
d000355,81,62,4,15,114,114,24
d000355,81,96,4,15,114,114,24
d000355,81,95,4,15,114,114,0
d000355,81,69,4,15,114,114,24
d000355,81,93,4,15,114,114,0
d000355,82,90,4,20,114,114,12
d000355,82,89,4,20,114,114,6
d000355,82,1,4,20,114,114,12
d000355,82,65,4,20,114,114,6
d000355,82,58,4,20,114,114,6
d000355,82,41,4,20,114,114,6
d000355,82,81,4,20,114,114,24
d000355,82,15,4,20,114,114,18
d000355,82,71,4,20,114,114,6
d000355,82,38,4,20,114,114,18
d000355,82,85,4,20,114,114,6
d000355,82,93,4,20,114,114,6
d000355,82,62,4,20,114,114,18
d000355,82,31,4,20,114,114,6
d000355,82,21,4,20,114,114,6
d000355,82,30,4,20,114,114,6
d000355,82,54,4,20,114,114,6
d000355,82,95,4,20,114,114,12
d000355,82,46,4,20,114,114,6
d000355,82,55,4,20,114,114,6
d000355,82,64,4,20,114,114,6
d000355,82,96,4,20,114,114,18
d000355,82,92,4,20,114,114,6
d000355,82,69,4,20,114,114,18
d000355,82,3,4,20,114,114,6
d000355,82,60,4,20,114,114,42
d000355,82,44,4,20,114,114,6
d000355,82,52,4,20,114,114,12
d000355,82,12,4,20,114,114,6
d000355,82,75,4,20,114,114,6
d000355,82,11,4,20,114,114,6
d000355,82,37,4,20,114,114,6
d000355,82,83,4,20,114,114,0
d000355,82,34,4,20,114,114,6
d000355,82,27,4,20,114,114,6
d000355,83,3,4,25,114,114,6
d000355,83,90,4,25,114,114,18
d000355,83,75,4,25,114,114,6
d000355,83,1,4,25,114,114,0
d000355,83,83,4,25,114,114,6
d000355,83,65,4,25,114,114,6
d000355,83,58,4,25,114,114,0
d000355,83,41,4,25,114,114,12
d000355,83,34,4,25,114,114,6
d000355,83,81,4,25,114,114,6
d000355,83,92,4,25,114,114,6
d000355,83,69,4,25,114,114,6
d000355,83,38,4,25,114,114,48
d000355,83,44,4,25,114,114,6
d000355,83,52,4,25,114,114,6
d000355,83,85,4,25,114,114,6
d000355,83,12,4,25,114,114,6
d000355,83,93,4,25,114,114,18
d000355,83,37,4,25,114,114,18
d000355,83,21,4,25,114,114,6
d000355,83,53,4,25,114,114,18
d000355,83,54,4,25,114,114,6
d000355,83,27,4,25,114,114,6
d000355,83,46,4,25,114,114,6
d000355,83,15,4,25,114,114,12
d000355,83,62,4,25,114,114,6
d000355,83,31,4,25,114,114,6
d000355,83,30,4,25,114,114,6
d000355,83,95,4,25,114,114,18
d000355,83,55,4,25,114,114,6
d000355,83,71,4,25,114,114,6
d000355,83,16,4,25,114,114,6
d000355,83,64,4,25,114,114,6
d000355,83,96,4,25,114,114,30
d000355,83,89,4,25,114,114,6
d000355,83,11,4,25,114,114,6
d000355,84,92,4,30,114,114,6
d000355,84,69,4,30,114,114,18
d000355,84,38,4,30,114,114,18
d000355,84,60,4,30,114,114,18
d000355,84,44,4,30,114,114,24
d000355,84,52,4,30,114,114,18
d000355,84,77,4,30,114,114,48
d000355,84,85,4,30,114,114,24
d000355,84,20,4,30,114,114,18
d000355,84,12,4,30,114,114,12
d000355,84,75,4,30,114,114,12
d000355,84,93,4,30,114,114,18
d000355,84,11,4,30,114,114,36
d000355,84,62,4,30,114,114,12
d000355,84,37,4,30,114,114,42
d000355,84,21,4,30,114,114,12
d000355,84,91,4,30,114,114,12
d000355,84,83,4,30,114,114,18
d000355,84,53,4,30,114,114,18
d000355,84,30,4,30,114,114,6
d000355,84,54,4,30,114,114,12
d000355,84,27,4,30,114,114,12
d000355,84,84,4,30,114,114,24
d000355,84,55,4,30,114,114,12
d000355,84,46,4,30,114,114,18
d000355,84,71,4,30,114,114,24
d000355,84,16,4,30,114,114,48
d000355,84,31,4,30,114,114,12
d000355,84,64,4,30,114,114,18
d000355,84,95,4,30,114,114,12
d000355,84,15,4,30,114,114,12
d000355,84,3,4,30,114,114,18
d000355,84,74,4,30,114,114,18
d000355,84,58,4,30,114,114,18
d000355,84,35,4,30,114,114,6
d000355,84,90,4,30,114,114,12
d000355,84,34,4,30,114,114,108
d000355,84,89,4,30,114,114,18
d000355,84,42,4,30,114,114,18
d000355,84,1,4,30,114,114,12
d000355,84,65,4,30,114,114,18
d000355,84,41,4,30,114,114,18
d000355,84,81,4,30,114,114,18
d000356,85,81,1,0,114,114,6
d000356,85,89,1,0,114,114,6
d000356,85,1,1,0,114,114,6
d000356,85,65,1,0,114,114,12
d000356,85,73,1,0,114,114,12
d000356,85,86,1,0,114,114,24
d000356,85,90,1,0,114,114,24
d000356,85,92,1,0,114,114,6
d000356,85,93,1,0,114,114,18
d000356,86,81,1,5,114,114,78
d000356,86,90,1,5,114,114,0
d000356,86,41,1,5,114,114,96
d000356,86,42,1,5,114,114,78
d000356,86,1,1,5,114,114,12
d000356,86,73,1,5,114,114,78
d000356,86,52,1,5,114,114,78
d000356,86,44,1,5,114,114,12
d000356,86,43,1,5,114,114,96
d000356,86,93,1,5,114,114,0
d000356,86,46,1,5,114,114,78
d000356,86,62,1,5,114,114,78
d000356,86,53,1,5,114,114,78
d000356,86,96,1,5,114,114,78
d000356,86,48,1,5,114,114,96
d000356,86,47,1,5,114,114,96
d000356,86,72,1,5,114,114,78
d000356,86,71,1,5,114,114,78
d000356,87,83,1,10,114,114,12
d000356,87,52,1,10,114,114,24
d000356,87,91,1,10,114,114,0
d000356,87,67,1,10,114,114,6
d000356,87,27,1,10,114,114,24
d000356,87,68,1,10,114,114,24
d000356,87,28,1,10,114,114,96
d000356,87,72,1,10,114,114,24
d000356,87,31,1,10,114,114,0
d000356,87,71,1,10,114,114,24
d000356,87,39,1,10,114,114,24
d000356,87,32,1,10,114,114,24
d000356,87,81,1,10,114,114,0
d000356,87,89,1,10,114,114,0
d000356,87,42,1,10,114,114,24
d000356,87,66,1,10,114,114,24
d000356,87,65,1,10,114,114,12
d000356,87,18,1,10,114,114,0
d000356,87,26,1,10,114,114,24
d000356,87,80,1,10,114,114,24
d000356,87,92,1,10,114,114,0
d000356,87,46,1,10,114,114,24
d000356,87,30,1,10,114,114,24
d000356,87,79,1,10,114,114,24
d000356,87,70,1,10,114,114,24
d000356,87,29,1,10,114,114,24
d000356,87,69,1,10,114,114,24
d000356,87,62,1,10,114,114,24
d000356,87,53,1,10,114,114,24
d000356,87,25,1,10,114,114,24
d000356,88,83,1,15,114,114,12
d000356,88,84,1,15,114,114,66
d000356,88,44,1,15,114,114,66
d000356,88,90,1,15,114,114,66
d000356,88,93,1,15,114,114,66
d000356,88,54,1,15,114,114,66
d000356,88,82,1,15,114,114,66
d000356,88,73,1,15,114,114,66
d000356,88,34,1,15,114,114,66
d000356,88,63,1,15,114,114,66
d000356,88,87,1,15,114,114,66
d000356,88,88,1,15,114,114,66
d000356,88,64,1,15,114,114,66
d000356,88,94,1,15,114,114,66
d000356,88,86,1,15,114,114,66
d000356,88,95,1,15,114,114,66
d000356,88,45,1,15,114,114,66
d000356,88,38,1,15,114,114,66
d000356,88,85,1,15,114,114,66
d000356,88,75,1,15,114,114,66
d000356,88,76,1,15,114,114,66
d000356,89,81,1,20,114,114,12
d000356,89,91,1,20,114,114,12
d000356,89,89,1,20,114,114,12
d000356,89,42,1,20,114,114,96
d000356,89,66,1,20,114,114,96
d000356,89,25,1,20,114,114,96
d000356,89,26,1,20,114,114,96
d000356,89,46,1,20,114,114,96
d000356,89,71,1,20,114,114,96
d000356,89,30,1,20,114,114,96
d000356,89,79,1,20,114,114,96
d000356,89,70,1,20,114,114,96
d000356,89,29,1,20,114,114,96
d000356,89,69,1,20,114,114,96
d000356,89,62,1,20,114,114,96
d000356,89,53,1,20,114,114,96
d000356,89,72,1,20,114,114,96
d000356,89,39,1,20,114,114,96
d000356,89,80,1,20,114,114,96
d000356,89,28,1,20,114,114,96
d000356,89,1,1,20,114,114,18
d000356,89,32,1,20,114,114,96
d000356,89,27,1,20,114,114,96
d000356,89,83,1,20,114,114,12
d000356,89,52,1,20,114,114,96
d000356,89,67,1,20,114,114,0
d000356,89,68,1,20,114,114,96
d000356,90,81,1,25,114,114,0
d000356,90,89,1,25,114,114,6
d000356,90,11,1,25,114,114,6
d000356,90,1,1,25,114,114,0
d000356,90,25,1,25,114,114,24
d000356,90,65,1,25,114,114,0
d000356,90,42,1,25,114,114,24
d000356,90,66,1,25,114,114,24
d000356,90,26,1,25,114,114,24
d000356,90,83,1,25,114,114,6
d000356,90,52,1,25,114,114,24
d000356,90,91,1,25,114,114,6
d000356,90,27,1,25,114,114,24
d000356,90,67,1,25,114,114,12
d000356,90,75,1,25,114,114,6
d000356,90,68,1,25,114,114,24
d000356,90,76,1,25,114,114,42
d000356,90,87,1,25,114,114,78
d000356,90,72,1,25,114,114,24
d000356,90,21,1,25,114,114,6
d000356,90,46,1,25,114,114,24
d000356,90,71,1,25,114,114,24
d000356,90,30,1,25,114,114,24
d000356,90,79,1,25,114,114,24
d000356,90,39,1,25,114,114,24
d000356,90,70,1,25,114,114,24
d000356,90,32,1,25,114,114,24
d000356,90,80,1,25,114,114,24
d000356,90,29,1,25,114,114,24
d000356,90,69,1,25,114,114,24
d000356,90,62,1,25,114,114,24
d000356,90,53,1,25,114,114,24
d000356,90,18,1,25,114,114,6
d000356,90,31,1,25,114,114,6
d000356,90,92,1,25,114,114,6
d000356,91,89,1,30,114,114,12
d000356,91,65,1,30,114,114,18
d000356,91,73,1,30,114,114,18
d000356,91,18,1,30,114,114,18
d000356,91,21,1,30,114,114,24
d000356,91,90,1,30,114,114,18
d000356,91,92,1,30,114,114,18
d000356,91,94,1,30,114,114,84
d000356,91,44,1,30,114,114,24
d000356,91,60,1,30,114,114,24
d000356,91,48,1,30,114,114,18
d000356,91,88,1,30,114,114,24
d000356,91,64,1,30,114,114,12
d000356,91,71,1,30,114,114,24
d000356,91,81,1,30,114,114,12
d000356,91,1,1,30,114,114,48
d000356,91,93,1,30,114,114,18
d000356,91,91,1,30,114,114,18
d000356,91,95,1,30,114,114,24
d000356,91,87,1,30,114,114,24
d000356,92,81,2,0,114,114,0
d000356,92,89,2,0,114,114,0
d000356,92,65,2,0,114,114,24
d000356,92,84,2,0,114,114,0
d000356,92,93,2,0,114,114,12
d000356,92,86,2,0,114,114,0
d000356,92,46,2,0,114,114,12
d000356,92,95,2,0,114,114,6
d000356,92,31,2,0,114,114,0
d000356,92,79,2,0,114,114,0
d000356,92,24,2,0,114,114,42
d000356,93,81,2,5,114,114,0
d000356,93,89,2,5,114,114,0
d000356,93,91,2,5,114,114,12
d000356,93,93,2,5,114,114,6
d000356,93,88,2,5,114,114,18
d000356,93,8,2,5,114,114,6
d000356,94,25,2,10,114,114,30
d000356,94,42,2,10,114,114,30
d000356,94,65,2,10,114,114,12
d000356,94,26,2,10,114,114,30
d000356,94,81,2,10,114,114,18
d000356,94,1,2,10,114,114,6
d000356,94,66,2,10,114,114,30
d000356,94,70,2,10,114,114,30
d000356,94,95,2,10,114,114,6
d000356,94,69,2,10,114,114,30
d000356,94,29,2,10,114,114,30
d000356,94,30,2,10,114,114,30
d000356,94,53,2,10,114,114,30
d000356,94,62,2,10,114,114,30
d000356,94,46,2,10,114,114,30
d000356,94,71,2,10,114,114,30
d000356,94,27,2,10,114,114,30
d000356,94,11,2,10,114,114,0
d000356,94,67,2,10,114,114,30
d000356,94,68,2,10,114,114,30
d000356,94,52,2,10,114,114,30
d000356,94,76,2,10,114,114,30
d000356,94,28,2,10,114,114,30
d000356,94,88,2,10,114,114,30
d000356,94,32,2,10,114,114,30
d000356,94,39,2,10,114,114,30
d000356,94,8,2,10,114,114,18
d000356,94,24,2,10,114,114,0
d000356,94,72,2,10,114,114,18
d000356,94,80,2,10,114,114,30
d000356,95,69,2,15,114,114,24
d000356,95,27,2,15,114,114,24
d000356,95,53,2,15,114,114,24
d000356,95,67,2,15,114,114,24
d000356,95,68,2,15,114,114,24
d000356,95,52,2,15,114,114,24
d000356,95,76,2,15,114,114,24
d000356,95,28,2,15,114,114,24
d000356,95,88,2,15,114,114,24
d000356,95,39,2,15,114,114,24
d000356,95,31,2,15,114,114,0
d000356,95,8,2,15,114,114,12
d000356,95,72,2,15,114,114,18
d000356,95,80,2,15,114,114,24
d000356,95,25,2,15,114,114,24
d000356,95,42,2,15,114,114,24
d000356,95,26,2,15,114,114,24
d000356,95,66,2,15,114,114,24
d000356,95,70,2,15,114,114,24
d000356,95,29,2,15,114,114,24
d000356,95,30,2,15,114,114,24
d000356,95,62,2,15,114,114,24
d000356,95,46,2,15,114,114,24
d000356,95,71,2,15,114,114,24
d000356,95,32,2,15,114,114,24
d000356,96,81,2,20,114,114,0
d000356,96,89,2,20,114,114,0
d000356,96,1,2,20,114,114,0
d000356,96,65,2,20,114,114,0
d000356,96,44,2,20,114,114,0
d000356,96,60,2,20,114,114,0
d000356,96,91,2,20,114,114,0
d000356,96,84,2,20,114,114,0
d000356,96,12,2,20,114,114,12
d000356,96,92,2,20,114,114,0
d000356,96,11,2,20,114,114,0
d000356,96,75,2,20,114,114,0
d000356,96,53,2,20,114,114,24
d000356,96,45,2,20,114,114,0
d000356,96,21,2,20,114,114,0
d000356,96,93,2,20,114,114,0
d000356,96,85,2,20,114,114,0
d000356,96,95,2,20,114,114,0
d000356,96,38,2,20,114,114,0
d000356,96,86,2,20,114,114,0
d000356,96,94,2,20,114,114,0
d000356,96,22,2,20,114,114,0
d000356,96,31,2,20,114,114,0
d000356,96,23,2,20,114,114,0
d000356,96,5,2,20,114,114,6
d000356,96,46,2,20,114,114,18
d000356,96,79,2,20,114,114,0
d000356,96,54,2,20,114,114,0
d000356,96,83,2,20,114,114,0
d000356,96,82,2,20,114,114,0
d000356,96,34,2,20,114,114,0
d000356,96,96,2,20,114,114,54
d000356,96,8,2,20,114,114,12
d000356,96,72,2,20,114,114,12
d000356,97,81,2,25,114,114,6
d000356,97,25,2,25,114,114,18
d000356,97,27,2,25,114,114,18
d000356,97,1,2,25,114,114,6
d000356,97,17,2,25,114,114,36
d000356,97,65,2,25,114,114,6
d000356,97,66,2,25,114,114,18
d000356,97,29,2,25,114,114,18
d000356,97,69,2,25,114,114,18
d000356,97,91,2,25,114,114,6
d000356,97,12,2,25,114,114,6
d000356,97,11,2,25,114,114,6
d000356,97,53,2,25,114,114,18
d000356,97,67,2,25,114,114,18
d000356,97,68,2,25,114,114,18
d000356,97,21,2,25,114,114,6
d000356,97,52,2,25,114,114,18
d000356,97,5,2,25,114,114,6
d000356,97,76,2,25,114,114,18
d000356,97,62,2,25,114,114,18
d000356,97,61,2,25,114,114,30
d000356,97,46,2,25,114,114,18
d000356,97,28,2,25,114,114,30
d000356,97,70,2,25,114,114,18
d000356,97,95,2,25,114,114,6
d000356,97,22,2,25,114,114,6
d000356,97,39,2,25,114,114,18
d000356,97,30,2,25,114,114,24
d000356,97,31,2,25,114,114,6
d000356,97,23,2,25,114,114,6
d000356,97,71,2,25,114,114,24
d000356,97,88,2,25,114,114,6
d000356,97,32,2,25,114,114,18
d000356,97,8,2,25,114,114,12
d000356,97,24,2,25,114,114,0
d000356,97,72,2,25,114,114,12
d000356,97,80,2,25,114,114,6
d000356,97,42,2,25,114,114,18
d000356,97,26,2,25,114,114,18
d000356,98,81,2,30,114,114,18
d000356,98,25,2,30,114,114,96
d000356,98,17,2,30,114,114,18
d000356,98,65,2,30,114,114,42
d000356,98,91,2,30,114,114,18
d000356,98,27,2,30,114,114,96
d000356,98,51,2,30,114,114,96
d000356,98,68,2,30,114,114,96
d000356,98,42,2,30,114,114,96
d000356,98,52,2,30,114,114,96
d000356,98,26,2,30,114,114,96
d000356,98,70,2,30,114,114,96
d000356,98,69,2,30,114,114,96
d000356,98,29,2,30,114,114,96
d000356,98,12,2,30,114,114,0
d000356,98,5,2,30,114,114,24
d000356,98,76,2,30,114,114,96
d000356,98,62,2,30,114,114,96
d000356,98,61,2,30,114,114,96
d000356,98,28,2,30,114,114,96
d000356,98,32,2,30,114,114,96
d000356,98,30,2,30,114,114,96
d000356,98,24,2,30,114,114,30
d000356,98,47,2,30,114,114,96
d000356,98,72,2,30,114,114,30
d000356,98,46,2,30,114,114,12
d000356,98,71,2,30,114,114,96
d000356,98,80,2,30,114,114,96
d000356,98,66,2,30,114,114,96
d000356,98,8,2,30,114,114,48
d000356,98,1,2,30,114,114,36
d000356,98,95,2,30,114,114,96
d000356,98,67,2,30,114,114,96
d000356,98,39,2,30,114,114,12
d000356,98,88,2,30,114,114,48
d000356,99,81,3,0,114,114,6
d000356,99,65,3,0,114,114,0
d000356,99,2,3,0,114,114,12
d000356,99,93,3,0,114,114,6
d000356,99,95,3,0,114,114,12
d000356,99,21,3,0,114,114,0
d000356,99,88,3,0,114,114,12
d000356,99,31,3,0,114,114,0
d000356,99,15,3,0,114,114,12
d000356,99,82,3,0,114,114,30
d000356,99,90,3,0,114,114,12
d000356,99,91,3,0,114,114,18
d000356,99,67,3,0,114,114,6
d000356,99,28,3,0,114,114,6
d000356,99,89,3,0,114,114,6
d000356,99,24,3,0,114,114,30
d000356,100,81,3,5,114,114,12
d000356,100,90,3,5,114,114,6
d000356,100,1,3,5,114,114,0
d000356,100,89,3,5,114,114,12
d000356,100,92,3,5,114,114,6
d000356,100,67,3,5,114,114,6
d000356,100,91,3,5,114,114,6
d000356,100,95,3,5,114,114,6
d000356,100,88,3,5,114,114,18
d000356,100,64,3,5,114,114,12
d000356,100,24,3,5,114,114,12
d000356,100,93,3,5,114,114,6
d000356,100,94,3,5,114,114,6
d000356,101,74,3,10,114,114,18
d000356,101,25,3,10,114,114,18
d000356,101,26,3,10,114,114,18
d000356,101,65,3,10,114,114,0
d000356,101,1,3,10,114,114,6
d000356,101,50,3,10,114,114,18
d000356,101,2,3,10,114,114,0
d000356,101,67,3,10,114,114,0
d000356,101,83,3,10,114,114,0
d000356,101,21,3,10,114,114,0
d000356,101,69,3,10,114,114,18
d000356,101,29,3,10,114,114,18
d000356,101,52,3,10,114,114,18
d000356,101,27,3,10,114,114,18
d000356,101,59,3,10,114,114,18
d000356,101,42,3,10,114,114,0
d000356,101,81,3,10,114,114,6
d000356,101,77,3,10,114,114,18
d000356,101,30,3,10,114,114,18
d000356,101,70,3,10,114,114,18
d000356,101,53,3,10,114,114,18
d000356,101,62,3,10,114,114,18
d000356,101,80,3,10,114,114,18
d000356,101,72,3,10,114,114,18
d000356,101,32,3,10,114,114,18
d000356,101,39,3,10,114,114,18
d000356,101,71,3,10,114,114,18
d000356,101,15,3,10,114,114,12
d000356,102,80,3,15,114,114,18
d000356,102,72,3,15,114,114,18
d000356,102,39,3,15,114,114,18
d000356,102,15,3,15,114,114,24
d000356,102,83,3,15,114,114,18
d000356,102,77,3,15,114,114,18
d000356,102,69,3,15,114,114,18
d000356,102,52,3,15,114,114,18
d000356,102,53,3,15,114,114,18
d000356,102,32,3,15,114,114,18
d000356,102,27,3,15,114,114,18
d000356,102,29,3,15,114,114,18
d000356,102,59,3,15,114,114,18
d000356,102,30,3,15,114,114,18
d000356,102,70,3,15,114,114,18
d000356,102,71,3,15,114,114,66
d000356,102,62,3,15,114,114,18
d000356,102,74,3,15,114,114,18
d000356,102,26,3,15,114,114,18
d000356,102,50,3,15,114,114,18
d000356,102,25,3,15,114,114,18
d000356,102,66,3,15,114,114,6
d000356,103,68,3,20,114,114,6
d000356,103,77,3,20,114,114,84
d000356,103,21,3,20,114,114,0
d000356,103,69,3,20,114,114,84
d000356,103,29,3,20,114,114,84
d000356,103,70,3,20,114,114,84
d000356,103,53,3,20,114,114,84
d000356,103,62,3,20,114,114,84
d000356,103,30,3,20,114,114,84
d000356,103,23,3,20,114,114,18
d000356,103,31,3,20,114,114,0
d000356,103,39,3,20,114,114,84
d000356,103,71,3,20,114,114,84
d000356,103,15,3,20,114,114,0
d000356,103,74,3,20,114,114,84
d000356,103,25,3,20,114,114,84
d000356,103,66,3,20,114,114,0
d000356,103,26,3,20,114,114,84
d000356,103,11,3,20,114,114,0
d000356,103,27,3,20,114,114,84
d000356,103,59,3,20,114,114,84
d000356,103,50,3,20,114,114,84
d000356,103,2,3,20,114,114,0
d000356,103,80,3,20,114,114,84
d000356,103,72,3,20,114,114,84
d000356,103,24,3,20,114,114,12
d000356,103,32,3,20,114,114,84
d000356,103,82,3,20,114,114,18
d000356,103,81,3,20,114,114,6
d000356,103,65,3,20,114,114,18
d000356,103,84,3,20,114,114,0
d000356,103,67,3,20,114,114,0
d000356,103,44,3,20,114,114,0
d000356,103,36,3,20,114,114,0
d000356,103,52,3,20,114,114,84
d000356,103,28,3,20,114,114,0
d000356,103,83,3,20,114,114,6
d000356,104,24,3,25,114,114,6
d000356,104,80,3,25,114,114,24
d000356,104,72,3,25,114,114,18
d000356,104,31,3,25,114,114,6
d000356,104,23,3,25,114,114,18
d000356,104,32,3,25,114,114,24
d000356,104,15,3,25,114,114,6
d000356,104,71,3,25,114,114,108
d000356,104,39,3,25,114,114,24
d000356,104,30,3,25,114,114,24
d000356,104,70,3,25,114,114,24
d000356,104,62,3,25,114,114,18
d000356,104,74,3,25,114,114,18
d000356,104,82,3,25,114,114,24
d000356,104,84,3,25,114,114,24
d000356,104,68,3,25,114,114,24
d000356,104,83,3,25,114,114,18
d000356,104,67,3,25,114,114,24
d000356,104,44,3,25,114,114,6
d000356,104,77,3,25,114,114,24
d000356,104,21,3,25,114,114,6
d000356,104,66,3,25,114,114,6
d000356,104,29,3,25,114,114,24
d000356,104,69,3,25,114,114,18
d000356,104,36,3,25,114,114,6
d000356,104,11,3,25,114,114,6
d000356,104,52,3,25,114,114,18
d000356,104,59,3,25,114,114,18
d000356,104,27,3,25,114,114,24
d000356,104,28,3,25,114,114,6
d000356,104,2,3,25,114,114,6
d000356,104,50,3,25,114,114,18
d000356,104,42,3,25,114,114,6
d000356,104,53,3,25,114,114,18
d000356,104,25,3,25,114,114,24
d000356,104,81,3,25,114,114,24
d000356,104,26,3,25,114,114,6
d000356,104,65,3,25,114,114,24
d000356,104,1,3,25,114,114,0
d000356,104,34,3,25,114,114,6
d000356,104,91,3,25,114,114,24
d000356,105,74,3,30,114,114,24
d000356,105,82,3,30,114,114,12
d000356,105,25,3,30,114,114,24
d000356,105,83,3,30,114,114,6
d000356,105,66,3,30,114,114,12
d000356,105,26,3,30,114,114,12
d000356,105,65,3,30,114,114,12
d000356,105,34,3,30,114,114,12
d000356,105,50,3,30,114,114,24
d000356,105,2,3,30,114,114,12
d000356,105,42,3,30,114,114,12
d000356,105,84,3,30,114,114,12
d000356,105,68,3,30,114,114,12
d000356,105,44,3,30,114,114,12
d000356,105,77,3,30,114,114,24
d000356,105,21,3,30,114,114,12
d000356,105,30,3,30,114,114,24
d000356,105,69,3,30,114,114,24
d000356,105,29,3,30,114,114,24
d000356,105,36,3,30,114,114,12
d000356,105,23,3,30,114,114,36
d000356,105,31,3,30,114,114,0
d000356,105,70,3,30,114,114,24
d000356,105,52,3,30,114,114,24
d000356,105,59,3,30,114,114,24
d000356,105,71,3,30,114,114,54
d000356,105,53,3,30,114,114,24
d000356,105,15,3,30,114,114,12
d000356,105,67,3,30,114,114,12
d000356,105,91,3,30,114,114,12
d000356,105,11,3,30,114,114,12
d000356,105,27,3,30,114,114,24
d000356,105,28,3,30,114,114,12
d000356,105,1,3,30,114,114,42
d000356,105,24,3,30,114,114,12
d000356,105,80,3,30,114,114,24
d000356,105,72,3,30,114,114,24
d000356,105,32,3,30,114,114,24
d000356,105,39,3,30,114,114,24
d000356,105,62,3,30,114,114,24
d000356,105,81,3,30,114,114,12
d000356,106,91,4,0,114,114,6
d000356,106,88,4,0,114,114,18
d000356,106,31,4,0,114,114,0
d000356,106,81,4,0,114,114,0
d000356,106,90,4,0,114,114,0
d000356,106,1,4,0,114,114,6
d000356,106,57,4,0,114,114,0
d000356,106,17,4,0,114,114,6
d000356,106,93,4,0,114,114,6
d000356,106,86,4,0,114,114,0
d000356,107,93,4,5,114,114,6
d000356,107,81,4,5,114,114,60
d000356,107,90,4,5,114,114,12
d000356,107,1,4,5,114,114,78
d000356,107,17,4,5,114,114,6
d000356,107,85,4,5,114,114,6
d000356,107,88,4,5,114,114,18
d000356,107,32,4,5,114,114,6
d000356,107,48,4,5,114,114,6
d000356,107,64,4,5,114,114,12
d000356,108,89,4,10,114,114,6
d000356,108,90,4,10,114,114,0
d000356,108,1,4,10,114,114,30
d000356,108,65,4,10,114,114,6
d000356,108,33,4,10,114,114,6
d000356,108,57,4,10,114,114,6
d000356,108,92,4,10,114,114,12
d000356,108,84,4,10,114,114,54
d000356,108,93,4,10,114,114,6
d000356,108,94,4,10,114,114,6
d000356,108,95,4,10,114,114,12
d000356,108,88,4,10,114,114,18
d000356,108,32,4,10,114,114,12
d000356,108,87,4,10,114,114,6
d000356,108,48,4,10,114,114,12
d000356,108,64,4,10,114,114,12
d000356,108,81,4,10,114,114,6
d000356,108,17,4,10,114,114,6
d000356,109,82,4,15,114,114,18
d000356,109,74,4,15,114,114,18
d000356,109,1,4,15,114,114,12
d000356,109,17,4,15,114,114,6
d000356,109,83,4,15,114,114,18
d000356,109,85,4,15,114,114,24
d000356,109,88,4,15,114,114,24
d000356,109,32,4,15,114,114,6
d000356,109,48,4,15,114,114,12
d000356,109,64,4,15,114,114,6
d000356,109,95,4,15,114,114,12
d000356,109,86,4,15,114,114,18
d000356,110,88,4,20,114,114,108
d000356,110,32,4,20,114,114,0
d000356,110,48,4,20,114,114,108
d000356,110,64,4,20,114,114,108
d000356,110,39,4,20,114,114,0
d000356,110,90,4,20,114,114,0
d000356,110,83,4,20,114,114,108
d000356,110,44,4,20,114,114,108
d000356,110,82,4,20,114,114,108
d000356,110,91,4,20,114,114,0
d000356,110,75,4,20,114,114,108
d000356,110,11,4,20,114,114,0
d000356,110,74,4,20,114,114,108
d000356,110,34,4,20,114,114,108
d000356,110,84,4,20,114,114,108
d000356,110,81,4,20,114,114,0
d000356,110,89,4,20,114,114,72
d000356,110,73,4,20,114,114,36
d000356,110,1,4,20,114,114,0
d000356,110,65,4,20,114,114,0
d000356,110,57,4,20,114,114,108
d000356,110,33,4,20,114,114,108
d000356,110,17,4,20,114,114,6
d000356,110,93,4,20,114,114,108
d000356,110,38,4,20,114,114,108
d000356,110,92,4,20,114,114,108
d000356,110,37,4,20,114,114,108
d000356,110,86,4,20,114,114,108
d000356,110,85,4,20,114,114,108
d000356,110,87,4,20,114,114,108
d000356,110,94,4,20,114,114,108
d000356,110,95,4,20,114,114,108
d000356,110,21,4,20,114,114,0
d000356,110,31,4,20,114,114,0
d000356,110,6,4,20,114,114,18
d000356,110,54,4,20,114,114,108
d000356,111,45,4,25,114,114,78
d000356,111,31,4,25,114,114,0
d000356,111,29,4,25,114,114,78
d000356,111,62,4,25,114,114,78
d000356,111,47,4,25,114,114,78
d000356,111,30,4,25,114,114,78
d000356,111,70,4,25,114,114,78
d000356,111,46,4,25,114,114,78
d000356,111,56,4,25,114,114,78
d000356,111,39,4,25,114,114,0
d000356,111,68,4,25,114,114,78
d000356,111,28,4,25,114,114,78
d000356,111,27,4,25,114,114,78
d000356,111,52,4,25,114,114,78
d000356,111,67,4,25,114,114,78
d000356,111,88,4,25,114,114,12
d000356,111,32,4,25,114,114,0
d000356,111,40,4,25,114,114,78
d000356,111,72,4,25,114,114,24
d000356,111,80,4,25,114,114,78
d000356,111,89,4,25,114,114,78
d000356,111,81,4,25,114,114,18
d000356,111,91,4,25,114,114,0
d000356,111,25,4,25,114,114,78
d000356,111,21,4,25,114,114,0
d000356,111,42,4,25,114,114,78
d000356,111,11,4,25,114,114,0
d000356,111,26,4,25,114,114,78
d000356,111,1,4,25,114,114,0
d000356,111,65,4,25,114,114,0
d000356,111,66,4,25,114,114,78
d000356,111,69,4,25,114,114,78
d000356,111,41,4,25,114,114,78
d000356,111,17,4,25,114,114,0
d000356,111,71,4,25,114,114,78
d000356,111,73,4,25,114,114,24
d000356,112,49,4,30,114,114,102
d000356,112,81,4,30,114,114,102
d000356,112,73,4,30,114,114,78
d000356,112,50,4,30,114,114,102
d000356,112,65,4,30,114,114,12
d000356,112,33,4,30,114,114,18
d000356,112,17,4,30,114,114,24
d000356,112,90,4,30,114,114,12
d000356,112,91,4,30,114,114,18
d000356,112,94,4,30,114,114,30
d000356,112,60,4,30,114,114,102
d000356,112,51,4,30,114,114,102
d000356,112,52,4,30,114,114,60
d000356,112,96,4,30,114,114,102
d000356,112,32,4,30,114,114,18
d000356,112,48,4,30,114,114,6
d000356,112,55,4,30,114,114,102
d000356,112,72,4,30,114,114,24
d000356,112,80,4,30,114,114,102
d000356,112,39,4,30,114,114,24
d000356,112,93,4,30,114,114,24
d000356,112,92,4,30,114,114,18
d000356,112,95,4,30,114,114,36
d000356,112,56,4,30,114,114,102
d000356,112,53,4,30,114,114,102
d000356,112,1,4,30,114,114,30
d000356,112,62,4,30,114,114,102
d000356,112,37,4,30,114,114,12
d000356,112,6,4,30,114,114,30
d000357,113,90,NA,0,138,114,102
d000357,113,75,NA,0,138,114,108
d000357,113,92,NA,0,138,114,108
d000357,114,79,NA,5,138,114,108
d000357,114,81,NA,5,138,114,18
d000357,114,18,NA,5,138,114,108
d000357,114,13,NA,5,138,114,108
d000357,114,48,NA,5,138,114,108
d000357,114,32,NA,5,138,114,102
d000357,114,72,NA,5,138,114,84
d000357,114,23,NA,5,138,114,90
d000357,114,73,NA,5,138,114,42
d000357,114,41,NA,5,138,114,42
d000357,114,74,NA,5,138,114,66
d000357,114,57,NA,5,138,114,72
d000357,114,17,NA,5,138,114,96
d000357,114,49,NA,5,138,114,78
d000357,114,88,NA,5,138,114,108
d000357,114,58,NA,5,138,114,54
d000357,114,40,NA,5,138,114,108
d000357,114,39,NA,5,138,114,54
d000357,114,89,NA,5,138,114,36
d000357,114,34,NA,5,138,114,54
d000357,114,2,NA,5,138,114,90
d000357,114,47,NA,5,138,114,108
d000357,114,42,NA,5,138,114,90
d000357,115,60,NA,10,138,114,90
d000357,115,40,NA,10,138,114,108
d000357,115,24,NA,10,138,114,108
d000357,115,23,NA,10,138,114,96
d000357,115,88,NA,10,138,114,108
d000357,115,37,NA,10,138,114,12
d000357,115,62,NA,10,138,114,108
d000357,115,17,NA,10,138,114,84
d000357,115,73,NA,10,138,114,108
d000357,115,81,NA,10,138,114,90
d000357,115,66,NA,10,138,114,84
d000357,115,43,NA,10,138,114,90
d000357,115,6,NA,10,138,114,90
d000357,115,92,NA,10,138,114,96
d000357,115,94,NA,10,138,114,24
d000357,115,65,NA,10,138,114,84
d000357,115,34,NA,10,138,114,108
d000357,115,28,NA,10,138,114,36
d000357,115,22,NA,10,138,114,42
d000357,115,87,NA,10,138,114,48
d000357,115,4,NA,10,138,114,54
d000357,115,25,NA,10,138,114,54
d000357,115,46,NA,10,138,114,102
d000357,115,82,NA,10,138,114,84
d000357,115,51,NA,10,138,114,90
d000357,115,85,NA,10,138,114,90
d000357,115,55,NA,10,138,114,96
d000357,115,61,NA,10,138,114,108
d000357,116,1,NA,15,138,114,108
d000357,116,9,NA,15,138,114,108
d000357,116,25,NA,15,138,114,84
d000357,116,89,NA,15,138,114,108
d000357,116,2,NA,15,138,114,108
d000357,115,18,NA,10,138,114,108
d000357,116,30,NA,15,138,114,108
d000357,116,79,NA,15,138,114,108
d000357,116,31,NA,15,138,114,108
d000357,116,39,NA,15,138,114,108
d000357,116,74,NA,15,138,114,108
d000357,116,38,NA,15,138,114,108
d000357,116,54,NA,15,138,114,108
d000357,116,46,NA,15,138,114,108
d000357,116,55,NA,15,138,114,108
d000357,116,12,NA,15,138,114,108
d000357,116,92,NA,15,138,114,108
d000357,116,41,NA,15,138,114,108
d000357,116,57,NA,15,138,114,108
d000357,116,81,NA,15,138,114,108
d000357,116,65,NA,15,138,114,108
d000357,117,86,NA,20,138,114,102
d000357,117,79,NA,20,138,114,108
d000357,117,31,NA,20,138,114,108
d000357,117,51,NA,20,138,114,108
d000357,117,59,NA,20,138,114,108
d000357,117,42,NA,20,138,114,108
d000357,117,66,NA,20,138,114,108
d000357,118,32,NA,25,138,138,114
d000357,118,88,NA,25,138,138,114
d000357,118,80,NA,25,138,138,114
d000357,118,56,NA,25,138,138,114
d000357,118,40,NA,25,138,138,114
d000357,118,48,NA,25,138,138,114
d000357,118,16,NA,25,138,138,114
d000357,118,64,NA,25,138,138,114
d000357,118,24,NA,25,138,138,114
d000357,118,72,NA,25,138,138,114
d000357,118,8,NA,25,138,138,114
d000357,118,84,NA,25,138,138,114
d000357,118,4,NA,25,138,138,114
d000357,118,52,NA,25,138,138,114
d000357,118,44,NA,25,138,138,114
d000357,118,36,NA,25,138,138,114
d000357,118,29,NA,25,138,138,114
d000357,118,37,NA,25,138,138,114
d000357,118,85,NA,25,138,138,114
d000357,118,53,NA,25,138,138,114
d000357,118,61,NA,25,138,138,114
d000357,118,77,NA,25,138,138,108
d000357,118,69,NA,25,138,138,114
d000357,118,93,NA,25,138,138,114
d000357,118,21,NA,25,138,138,114
d000357,118,5,NA,25,138,138,114
d000357,118,13,NA,25,138,138,114
d000357,118,45,NA,25,138,138,114
d000357,118,94,NA,25,138,138,114
d000357,118,14,NA,25,138,138,114
d000357,118,70,NA,25,138,138,114
d000357,118,78,NA,25,138,138,114
d000357,118,54,NA,25,138,138,114
d000357,118,46,NA,25,138,138,114
d000357,118,22,NA,25,138,138,114
d000357,118,7,NA,25,138,138,114
d000357,118,62,NA,25,138,138,114
d000357,118,86,NA,25,138,138,114
d000357,118,38,NA,25,138,138,114
d000357,118,30,NA,25,138,138,114
d000357,118,63,NA,25,138,138,114
d000357,118,15,NA,25,138,138,114
d000357,118,55,NA,25,138,138,108
d000357,118,47,NA,25,138,138,114
d000357,118,39,NA,25,138,138,114
d000357,118,71,NA,25,138,138,114
d000357,118,23,NA,25,138,138,114
d000357,118,31,NA,25,138,138,114
d000357,118,79,NA,25,138,138,114
d000357,118,95,NA,25,138,138,114
d000357,118,87,NA,25,138,138,114
d000357,118,49,NA,25,138,138,114
d000357,118,81,NA,25,138,138,72
d000357,118,58,NA,25,138,138,114
d000357,118,74,NA,25,138,138,108
d000357,118,82,NA,25,138,138,114
d000357,118,26,NA,25,138,138,114
d000357,118,18,NA,25,138,138,114
d000357,118,2,NA,25,138,138,114
d000357,118,10,NA,25,138,138,114
d000357,118,42,NA,25,138,138,114
d000357,118,66,NA,25,138,138,114
d000357,118,34,NA,25,138,138,114
d000357,118,90,NA,25,138,138,114
d000357,118,75,NA,25,138,138,114
d000357,118,67,NA,25,138,138,114
d000357,118,3,NA,25,138,138,114
d000357,118,11,NA,25,138,138,114
d000357,118,35,NA,25,138,138,114
d000357,118,91,NA,25,138,138,114
d000357,118,83,NA,25,138,138,114
d000357,118,27,NA,25,138,138,114
d000357,118,43,NA,25,138,138,114
d000357,118,19,NA,25,138,138,114
d000357,118,76,NA,25,138,138,114
d000357,118,60,NA,25,138,138,114
d000357,118,12,NA,25,138,138,114
d000357,118,68,NA,25,138,138,114
d000357,118,92,NA,25,138,138,114
d000357,118,20,NA,25,138,138,114
d000357,118,28,NA,25,138,138,114
d000357,118,6,NA,25,138,138,114
d000357,118,96,NA,25,138,138,114
d000357,118,65,NA,25,138,138,72
d000357,118,50,NA,25,138,138,114
d000357,118,51,NA,25,138,138,114
d000357,118,59,NA,25,138,138,114
d000357,118,41,NA,25,138,138,108
d000357,118,73,NA,25,138,138,90
d000357,118,33,NA,25,138,138,72
d000357,118,9,NA,25,138,138,72
d000357,118,17,NA,25,138,138,72
d000357,118,25,NA,25,138,138,72
d000357,118,57,NA,25,138,138,72
d000357,118,89,NA,25,138,138,72
d000357,118,1,NA,25,138,138,72
d000357,119,28,NA,30,138,114,108
d000357,119,37,NA,30,138,114,108
d000357,119,29,NA,30,138,114,96
d000357,119,53,NA,30,138,114,108
d000357,119,41,NA,30,138,114,108
d000357,119,7,NA,30,138,114,108
d000357,119,87,NA,30,138,114,108
d000357,119,95,NA,30,138,114,108
d000357,119,31,NA,30,138,114,108
d000357,119,39,NA,30,138,114,108
d000357,119,23,NA,30,138,114,108
d000357,119,63,NA,30,138,114,108
d000357,119,15,NA,30,138,114,108
d000357,119,79,NA,30,138,114,108
d000357,119,38,NA,30,138,114,108
d000357,119,46,NA,30,138,114,108
d000357,119,62,NA,30,138,114,108
d000357,119,6,NA,30,138,114,108
d000357,119,30,NA,30,138,114,108
d000357,119,78,NA,30,138,114,108
