strain_id,species,n_cu,cu_range,slope_sd_cu,r_sd_cu,partial_slope_sd_cu,partial_p,spearman_rho,spearman_p,l10med_fixed
1.0,Rhodotorula mucilaginosa,7,30.0,0.004320591797478378,0.7061551647198921,-0.00014086652194272772,0.9644903231352168,0.5714285714285715,0.18020198891152767,4.411148417223232
2.0,Rhodotorula mucilaginosa,7,30.0,0.003279107389976787,0.6025879715525027,-0.0029754698409854567,0.3256987926175339,0.42857142857142866,0.3373683110858243,4.457167956840464
3.0,Rhodotorula mucilaginosa,7,30.0,-0.010207409400486762,-0.8646091941218529,-0.009144475675357125,0.07663410640132272,-0.8571428571428573,0.013697326615325618,4.445745190462767
4.0,Rhodotorula mucilaginosa,7,30.0,0.01584175568650613,0.7944943777392036,-0.0072682520358860695,0.531493997857007,0.8928571428571429,0.006807187408935393,4.476567324367027
5.0,Rhodotorula mucilaginosa,7,30.0,0.019909883281950334,0.7916736212559049,0.017598374324168636,0.15409689828540707,0.8928571428571429,0.006807187408935393,4.45742100618454
6.0,Rhodotorula mucilaginosa,7,30.0,0.0023379196987931023,0.4370013144233442,-0.0012317939789656882,0.3381774459651616,0.3571428571428572,0.431611352038328,4.48329644817495
7.0,Rhodotorula mucilaginosa,7,30.0,0.009478498240499393,0.7344502103917585,0.005438081030978855,0.22488662453379657,0.5,0.2531699951003227,4.4114792325937175
8.0,Rhodotorula mucilaginosa,7,30.0,0.008665135602071283,0.663605435620767,-0.00376219253357229,0.46961758703503415,0.5357142857142858,0.21521745567801298,4.33381114690422
9.0,Rhodotorula mucilaginosa,7,30.0,0.00579320839647986,0.8566414049041944,0.0036102400305906704,0.2080217981844638,0.9642857142857145,0.00045414916919416935,4.496978547480028
10.0,Rhodotorula sphaerocarpa,7,30.0,-0.00014571886208990367,-0.00673099214749676,0.012592879499795113,0.6341012215740981,0.0,1.0,4.225893835555828
11.0,Rhodotorula mucilaginosa,7,30.0,0.0009443195751147891,0.13913517196102995,0.0006887792649855359,0.8442594307554386,0.10714285714285716,0.8191508555699912,4.579314583800929
12.0,Rhodotorula mucilaginosa,7,30.0,0.007199169552238578,0.5999087441026656,0.003463744052425306,0.4353883995264718,0.5357142857142858,0.21521745567801298,4.550126500868751
13.0,Rhodotorula mucilaginosa,7,30.0,0.010222937210883798,0.6627670662049893,0.010621775362206813,0.14160931697749604,0.5357142857142858,0.21521745567801298,4.509176535056257
14.0,Rhodotorula mucilaginosa,7,30.0,0.0011884294978663078,0.2637660532556503,-0.0008513441375663974,0.8207100339598763,0.28571428571428575,0.5345092286010406,4.430463503354298
15.0,Rhodotorula mucilaginosa,7,30.0,-0.0012660295049092677,-0.40535228218178276,-0.004761971636893688,0.025694156584353294,-0.42857142857142866,0.3373683110858243,4.4834965636474555
16.0,Rhodotorula sp. clade XI,7,30.0,0.004953982059490495,0.6648574177737915,-0.00448479785526097,0.10228715367596523,0.6071428571428572,0.14823116148116164,4.44724516413442
17.0,Rhodotorula diobovata,7,30.0,0.02219138477142238,0.9149919972847205,0.028220995060933392,0.1097407436733048,0.9285714285714288,0.0025194724037946887,4.2616105953423915
18.0,Rhodotorula mucilaginosa,7,30.0,0.0031440392657712244,0.5489730640576987,0.000217030666771699,0.9670434281629905,0.5714285714285715,0.18020198891152767,4.407815441600214
19.0,Rhodotorula mucilaginosa,7,30.0,0.00473199414777915,0.6496321203193434,-0.003853383841350483,0.32051171643908943,0.5714285714285715,0.18020198891152767,4.502531464966773
20.0,Rhodotorula mucilaginosa,7,30.0,-0.022405989238581957,-0.8010765752655884,-0.010050539221131253,0.4604912350881221,-0.6785714285714287,0.09375025395983135,4.385990953243864
21.0,Rhodotorula mucilaginosa,7,30.0,-0.0029261242402715444,-0.12393426523104596,0.021330502552185264,0.31248410537766047,-0.21428571428571433,0.6445115810207203,4.320141678362956
22.0,Rhodotorula mucilaginosa,7,30.0,0.012764881798916428,0.874747933594977,0.008893515588268437,0.12320127072300585,0.9642857142857145,0.00045414916919416935,4.359499280514678
23.0,Rhodotorula mucilaginosa,5,20.0,-0.012076100481068126,-0.9407602398652156,-0.013335269151939003,0.03544994206931498,-0.8999999999999998,0.03738607346849874,3.5657068878611042
24.0,Rhodotorula mucilaginosa,7,30.0,0.003672586218622665,0.8326986012044155,0.002433057442381505,0.004172336206902408,0.7142857142857144,0.07134356146753766,4.597373081000254
25.0,Rhodotorula mucilaginosa,7,30.0,0.003560913730633925,0.3324351921853426,0.002101709278066868,0.7110934489080393,0.3214285714285715,0.48207203829967776,4.430276566836624
26.0,Rhodotorula mucilaginosa,7,30.0,0.008843208414315904,0.8527904752900259,0.006090346121439812,0.08764735611194803,0.7500000000000002,0.0521814004570578,4.489552273741429
27.0,Rhodotorula mucilaginosa,7,30.0,-0.0016685166896704493,-0.41921288901887127,-0.0006302464837456025,0.7809012501938366,-0.42857142857142866,0.3373683110858243,4.494128895688867
28.0,Rhodotorula pacifica,7,30.0,0.009376304570341875,0.8213063334514943,0.008656729366587543,0.010343596523619712,0.7857142857142859,0.03623846267982715,4.463279169784333
29.0,Rhodotorula mucilaginosa,7,30.0,-0.011261450031573434,-0.4501260437369824,-0.0018085292652329215,0.7071305394082551,-0.25,0.5887244480896832,4.363326597287885
30.0,Rhodotorula mucilaginosa,7,30.0,0.006665387062538805,0.719223147032204,0.001773489967906808,0.6259278186577962,0.642857142857143,0.11939237342741109,4.398457898812109
31.0,Rhodotorula mucilaginosa,7,30.0,0.005865451508646943,0.6494565059881092,-0.0024031673428361127,0.24093994518792292,0.6071428571428572,0.14823116148116164,4.406688610051022
32.0,Rhodotorula mucilaginosa,7,30.0,0.0018659179408109653,0.49240938498787074,0.0006198612819070819,0.8259016749167141,0.3571428571428572,0.431611352038328,4.364023586143477
33.0,Rhodotorula mucilaginosa,7,30.0,0.007089109040909722,0.7242309473895409,-0.0006572867181242909,0.7499677041230052,0.642857142857143,0.11939237342741109,4.357119272981594
34.0,Rhodotorula sphaerocarpa,7,30.0,-0.008720300028093046,-0.6144608974283163,-0.015634008845425044,0.10586353157425558,-0.642857142857143,0.11939237342741109,4.358690709155761
36.0,Rhodotorula mucilaginosa,7,30.0,0.004403706383232369,0.3352387528717084,0.008661007541395942,0.42399744554724816,0.3571428571428572,0.431611352038328,4.48008611970299
37.0,Rhodotorula paludigena,7,30.0,-0.047395347262400585,-0.9322510546606887,-0.035065267157799146,0.30678413491676115,-0.9642857142857145,0.00045414916919416935,4.1093009939280165
38.0,Rhodotorula mucilaginosa,7,30.0,0.012337530963196898,0.799250573315488,0.008073841776917843,0.022622606613439514,0.7857142857142859,0.03623846267982715,4.517845647465362
39.0,Rhodotorula mucilaginosa,7,30.0,0.012517807350879056,0.7236314852195589,-0.00117890037399002,0.8736582374772488,0.7500000000000002,0.0521814004570578,4.482382833914736
40.0,Rhodotorula mucilaginosa,7,30.0,0.0044589883215282785,0.8090727820319588,0.004755775168409457,0.12472129570499403,0.7857142857142859,0.03623846267982715,4.528302725261504
41.0,Rhodotorula mucilaginosa,7,30.0,0.0007997393341460092,0.27344405730624316,-0.0027506858407559324,0.05475361784744572,0.1785714285714286,0.7016579425162727,4.473548702357173
42.0,Rhodotorula mucilaginosa,7,30.0,0.0058239854448630364,0.2615975942160762,0.011654165301996151,0.5639707956400208,-0.21428571428571433,0.6445115810207203,4.269703410368403
43.0,Rhodotorula toruloides,7,30.0,0.004099818364384849,0.29149728069069114,0.006708636801078729,0.5110372837966535,0.1785714285714286,0.7016579425162727,4.304077615374594
44.0,Rhodotorula diobovata,7,30.0,0.03353516268026105,0.9749603514069619,0.03394908622312233,0.0023122946289707586,1.0,0.0,4.429858106607378
45.0,Rhodotorula mucilaginosa,7,30.0,-0.016450475106290413,-0.7061850407779788,0.0029287056339379293,0.7267685842467224,-0.6071428571428572,0.14823116148116164,4.430275337973067
46.0,Rhodotorula paludigena,7,30.0,-0.01856279363558289,-0.810751705256324,-0.02222382511410128,0.22092112929375318,-0.7142857142857144,0.07134356146753766,4.280219701002653
47.0,Rhodotorula mucilaginosa,7,30.0,0.019587983297737897,0.5940830065045634,0.0016727134419913274,0.9555092398539689,0.7857142857142859,0.03623846267982715,4.402161282638404
48.0,Rhodotorula mucilaginosa,7,30.0,0.015812283080373975,0.772953635086584,0.02263843813090046,0.12249343508453593,0.7142857142857144,0.07134356146753766,4.327529418275845
49.0,Rhodotorula mucilaginosa,7,30.0,0.00815560968755834,0.5923155950598528,-0.0069631414321451035,0.3817124179971762,0.28571428571428575,0.5345092286010406,4.374290387704112
50.0,Rhodotorula mucilaginosa,7,30.0,0.014388312274402888,0.7073005089542769,0.0021758626907546832,0.8701799018536053,0.7500000000000002,0.0521814004570578,4.3864665011572
51.0,Rhodotorula mucilaginosa,7,30.0,-0.018618531594786193,-0.43640350756146407,-0.04573749903698993,0.24608461664378692,-0.5,0.2531699951003227,4.464985843824165
52.0,Rhodotorula mucilaginosa,7,30.0,0.0061706918830830015,0.4087104993460163,-0.01876411984791821,0.2664307943733326,0.14285714285714288,0.7599453002180927,4.425322585004836
53.0,Rhodotorula mucilaginosa,7,30.0,-0.006403152311111276,-0.1607440438247948,0.0013779438624257148,0.967062345937303,-0.07142857142857144,0.879048193148154,4.375893510658329
54.0,Rhodotorula mucilaginosa,7,30.0,0.004856055678569061,0.8678350766923193,0.0017254389934111543,0.12978709123565949,0.9642857142857145,0.00045414916919416935,4.500261831551689
55.0,Rhodotorula mucilaginosa,7,30.0,0.018540751251679144,0.7662160558958167,0.007450072929261558,0.5672487491654581,0.9642857142857145,0.00045414916919416935,4.474325619257443
56.0,Rhodotorula mucilaginosa,7,30.0,0.0017005159159967163,0.44659984396040264,-0.000727598926114819,0.5673615963751998,0.3571428571428572,0.431611352038328,4.467807360908169
57.0,Rhodotorula mucilaginosa,7,30.0,0.014115273298332126,0.8096540748931264,0.01032298966926066,0.18399569645049016,0.8928571428571429,0.006807187408935393,4.487389434003114
58.0,Rhodotorula mucilaginosa,7,30.0,0.003963748449525294,0.6223176422813824,-0.001592081569808865,0.547407460582872,0.642857142857143,0.11939237342741109,4.494429602468516
59.0,Rhodotorula mucilaginosa,7,30.0,0.0034141457319893397,0.7524393864541493,0.0013476187620399054,0.6020740059820654,0.5714285714285715,0.18020198891152767,4.466256419279232
60.0,Rhodotorula mucilaginosa,7,30.0,0.002413061930823695,0.6909967188678905,0.00036978376026976234,0.7195595268617353,0.6071428571428572,0.14823116148116164,4.478736555399797
61.0,Rhodotorula toruloides,7,30.0,-0.01805528175255809,-0.6538797980689899,0.004021807650417692,0.811326242371424,-0.642857142857143,0.11939237342741109,4.2467802172619775
62.0,Rhodotorula mucilaginosa,7,30.0,0.007253831124378031,0.5172069566775469,0.014289237487570619,0.0766652424878266,0.42857142857142866,0.3373683110858243,4.471661891880622
63.0,Rhodotorula mucilaginosa,7,30.0,0.002327810999344518,0.06981167180106687,0.015369354645136599,0.5615414432474221,0.0,1.0,4.403433878119052
64.0,Rhodotorula mucilaginosa,7,30.0,0.01024752796911186,0.9122252080444064,0.005633267931276642,0.13537000100474064,0.9642857142857145,0.00045414916919416935,4.434729736320568
65.0,Rhodotorula mucilaginosa,7,30.0,-0.00034011988814709217,-0.1208716384831415,0.00042215840890840367,0.7839246786680071,-0.21428571428571433,0.6445115810207203,4.479079643794837
66.0,Rhodotorula mucilaginosa,7,30.0,0.003301423461220021,0.6940084633823431,-0.0001043366646314812,0.9338619956113685,0.7500000000000002,0.0521814004570578,4.4961125438969125
67.0,Rhodotorula mucilaginosa,7,30.0,0.0024600921218738735,0.5207025556225142,0.0039096335103069625,0.05854922371864152,0.642857142857143,0.11939237342741109,4.560787114428288
68.0,Rhodotorula mucilaginosa,7,30.0,0.005970404488440825,0.4900538358119471,0.010957398580435124,0.2948086765146741,0.21428571428571433,0.6445115810207203,4.510175648255711
69.0,Rhodotorula mucilaginosa,7,30.0,0.003704515930224615,0.6505095075115334,-0.0023552647742892826,0.3715910660923666,0.642857142857143,0.11939237342741109,4.501716568649931
71.0,Rhodotorula dairenensis,7,30.0,0.0005037740938574555,0.11996360120664769,-0.006608997788326412,0.017603432290404987,0.07142857142857144,0.879048193148154,4.466511905910233
72.0,Rhodotorula mucilaginosa,7,30.0,0.0043814124383215,0.07229910884064963,0.03310739576939064,0.5330426555988961,0.07142857142857144,0.879048193148154,4.3559235367677775
73.0,Rhodotorula mucilaginosa,7,30.0,0.002224883754319322,0.4741804596372972,0.00019890476769245802,0.936606192244022,0.21428571428571433,0.6445115810207203,4.51348467541971
74.0,Rhodotorula mucilaginosa,7,30.0,0.00040671271517274296,0.3396030142893941,0.0004400516315889651,0.5446440787489474,0.1785714285714286,0.7016579425162727,4.551835901491921
75.0,Rhodotorula mucilaginosa,7,30.0,0.0036288454887350584,0.7482799699719872,0.00047530259081820267,0.8328117249231244,0.642857142857143,0.11939237342741109,4.507497967675468
76.0,Rhodotorula mucilaginosa,7,30.0,0.0048995134581856685,0.8217150076823277,0.0016753304770135106,0.41802577643638866,0.8928571428571429,0.006807187408935393,4.471997715045381
77.0,Rhodotorula mucilaginosa,7,30.0,0.000503575194948373,0.6400979584877229,0.00024073523372508186,0.5655155274559712,0.7142857142857144,0.07134356146753766,4.51759697823416
78.0,Rhodotorula mucilaginosa,7,30.0,0.0006994828233826565,0.09933400664337906,-0.007700676006287592,0.02973653067007012,-0.21428571428571433,0.6445115810207203,4.462725625863608
79.0,Rhodotorula mucilaginosa,7,30.0,0.005870349686837087,0.8535123377848024,0.0005154673190670897,0.7591674343794909,0.7500000000000002,0.0521814004570578,4.3208630850608465
80.0,Rhodotorula pacifica,7,30.0,0.005913998647204279,0.5955211807548408,0.008106162787453016,0.14847958553572646,0.8214285714285715,0.0234488083456915,4.503213965741846
81.0,Rhodotorula mucilaginosa,7,30.0,0.008128408790360789,0.9202529289396583,0.004943184319536051,0.04077033264543811,0.9642857142857145,0.00045414916919416935,4.4428894248342115
83.0,Rhodotorula mucilaginosa,7,30.0,-0.014412149637961684,-0.5132581829022728,-0.016423265441192988,0.43569520594055033,-0.39285714285714296,0.3833168704269727,4.364531590438736
84.0,Rhodotorula paludigena,4,15.0,-0.09427336944054228,-0.9739452402212961,-0.0759718253704022,0.25428476131959377,-1.0,0.0,3.0566806655300427
85.0,Rhodotorula paludigena,5,30.0,-0.020737881718181885,-0.5761476907657824,-0.02650626736330062,0.37496597325469266,-0.6,0.28475697986529386,4.33100769364632
86.0,Rhodotorula mucilaginosa,7,30.0,0.006613919783646508,0.6040519492882604,-0.010138504174600525,0.14248438625974297,0.5357142857142858,0.21521745567801298,4.40514604786395
88.0,Rhodotorula toruloides,7,30.0,-0.00203898228014404,-0.05017486709125378,-0.012735577586770906,0.5755519516905075,0.0,1.0,4.353425712217624
89.0,Rhodotorula mucilaginosa,7,30.0,-0.004159144376138791,-0.5173986248117665,-0.0018833198813206437,0.3314235827435779,-0.39285714285714296,0.3833168704269727,4.488471074688716
91.0,Rhodotorula diobovata,7,30.0,0.006226991541113173,0.8366344121144805,0.004426629792762353,0.318304812231431,0.7857142857142859,0.03623846267982715,4.192595159105251
92.0,Rhodotorula taiwanensis,7,30.0,0.011946166326453204,0.9349742781861857,0.008843230910813602,0.10490555908025498,1.0,0.0,4.098893700531077
93.0,Rhodotorula paludigena,7,30.0,-0.0036683166427372666,-0.1527380510452771,-0.024284575454865818,0.35693840934797766,0.0,1.0,4.046252881311379
95.0,Rhodotorula mucilaginosa,7,30.0,0.0025014675009310517,0.22866893981057607,-0.005677434896749053,0.223740715414783,0.3571428571428572,0.431611352038328,4.557521405426746
96.0,Rhodotorula toruloides,7,30.0,0.015250499251482865,0.37250305955107993,0.002089679603531195,0.8889899160871934,0.7857142857142859,0.03623846267982715,4.412837455239067
97.0,Rhodotorula mucilaginosa,7,30.0,0.004272365094260725,0.6782698723755215,0.002161796429778301,0.09543507638264724,0.6071428571428572,0.14823116148116164,4.5029935535791905
98.0,Rhodotorula mucilaginosa,7,30.0,0.0015416482496067912,0.18606311855401553,0.0045748205037270725,0.42564745971687634,0.14285714285714288,0.7599453002180927,4.56455452019068
99.0,Rhodotorula mucilaginosa,7,30.0,0.0012871907248068967,0.24908331098417352,-0.003999222453955772,0.20197119540407818,0.10714285714285716,0.8191508555699912,4.552692102025425
100.0,Rhodotorula mucilaginosa,7,30.0,0.0018153953384542356,0.33319263517800524,-0.003320922316442336,0.008683582552155959,0.0,1.0,4.539917470572603
101.0,Rhodotorula sphaerocarpa,5,25.0,-0.021769625221356403,-0.47736294751995867,-0.03454827744061739,0.4046517556869136,-0.3,0.623837664781073,2.5991627409509874
102.0,Rhodotorula paludigena,5,30.0,-0.024811693102106985,-0.8343155433514328,-0.025004450436315696,0.16505671608973546,-0.8999999999999998,0.03738607346849874,3.4306399993286383
104.0,Rhodotorula mucilaginosa,7,30.0,0.0036030075647786168,0.7285124919103037,0.0015919202663586388,0.2942141526673514,0.5357142857142858,0.21521745567801298,4.56018984929681
105.0,Rhodotorula toruloides,7,30.0,0.010897777105804276,0.3861020615121978,0.08561009518223506,0.02318688149863015,0.1785714285714286,0.7016579425162727,4.213049983093179
106.0,Rhodotorula mucilaginosa,7,30.0,0.00826947856551848,0.9326285359274297,0.0036178000917001674,0.13943432547180548,0.8928571428571429,0.006807187408935393,4.376149053059799
107.0,Rhodotorula mucilaginosa,7,30.0,-2.5812182180628183e-06,-0.0015756048597244485,-0.0020182066640486215,0.025962749946360098,-0.14285714285714288,0.7599453002180927,4.610309454718663
108.0,Rhodotorula mucilaginosa,7,30.0,0.002982058475947725,0.8418472816137413,0.0006960747517577566,0.6150015890914982,0.8571428571428573,0.013697326615325618,4.447569308915034
109.0,Rhodotorula mucilaginosa,7,30.0,0.003344713192463263,0.6379831778387326,0.0029235707181733913,0.2615144248523288,0.3571428571428572,0.431611352038328,4.527343289211194
110.0,Rhodotorula sp. clade I,7,30.0,-0.019423109067367578,-0.5421954312467204,-0.030081613691286584,0.15625668987236088,-0.3571428571428572,0.431611352038328,3.5035798224768806
111.0,Rhodotorula diobovata,7,30.0,0.025396266269449498,0.7632347967856444,-0.004957486493192496,0.44853071834035074,0.9642857142857145,0.00045414916919416935,4.15281682041534
112.0,Rhodotorula sp. clade I,6,30.0,-0.022360700973475145,-0.764316274763872,-0.022596735263894552,0.10391820459874768,-0.7714285714285715,0.07239650145772594,2.7453714922127275
113.0,Rhodotorula mucilaginosa,7,30.0,-0.0028170550320152105,-0.26678611672106384,-0.02399598379492706,0.013215373646859999,-0.21428571428571433,0.6445115810207203,4.538315178513201
114.0,Rhodotorula toruloides,7,30.0,0.0004338664701739451,0.012299588982935119,0.007960529747122726,0.8293628717984262,-0.10714285714285716,0.8191508555699912,4.217997365980259
115.0,Rhodotorula mucilaginosa,7,30.0,0.04801625795045013,0.7363189691579201,0.018659804036211362,0.6063842257625361,0.5357142857142858,0.21521745567801298,4.542711799087393
116.0,Rhodotorula mucilaginosa,7,30.0,0.025947674781104733,0.764153841964661,0.0046360264279720455,0.8725647649312877,0.8928571428571429,0.006807187408935393,4.2508115197882885
117.0,Rhodotorula mucilaginosa,7,30.0,0.0027288476689091927,0.6132464806976464,-0.0029703714475729868,0.0012803758984039901,0.6071428571428572,0.14823116148116164,4.446654202643589
118.0,Rhodotorula taiwanensis,7,30.0,0.020393498529836917,0.8243413731652609,0.036787922674763024,0.04655261611300234,0.8928571428571429,0.006807187408935393,4.010899082104822
119.0,Rhodotorula sp. clade I,7,30.0,0.006623133976146555,0.7043902589722294,-0.011569889727104815,0.03794330044463659,0.642857142857143,0.11939237342741109,4.4658287733344535
120.0,Rhodotorula diobovata,7,30.0,-0.008141319737278075,-0.2768932633288108,-0.019631485905358872,0.5569578054490697,-0.25,0.5887244480896832,4.126719557370182
121.0,Rhodotorula paludigena,7,30.0,-0.008327488502321175,-0.7007910119326206,-0.011870323744012734,0.03653875910689881,-0.7142857142857144,0.07134356146753766,3.0365180372502225
123.0,Rhodotorula sp. clade I,7,30.0,0.019446584370806416,0.622848300963697,0.0021392617197257464,0.9281826311875022,0.5714285714285715,0.18020198891152767,3.5181152078425635
124.0,Rhodotorula mucilaginosa,7,30.0,0.012760582182046884,0.874091252292001,0.01003977980512947,0.11549282529516358,0.7500000000000002,0.0521814004570578,4.377391113756645
125.0,Rhodotorula mucilaginosa,7,30.0,0.010253341199948704,0.6255035204895395,-0.005381687262070025,0.043605648127988686,0.39285714285714296,0.3833168704269727,4.522287756093719
126.0,Rhodotorula mucilaginosa,7,30.0,0.008269537445171787,0.7644232422578126,0.0008993862504151134,0.7948195096335101,0.7500000000000002,0.0521814004570578,4.587492193788001
127.0,Rhodotorula mucilaginosa,7,30.0,0.006729669821507637,0.7362358143007446,-0.003199899698451305,0.24717457516566116,0.5357142857142858,0.21521745567801298,4.477537690364706
129.0,Rhodotorula mucilaginosa,7,30.0,0.019823905917643186,0.9193302877930024,0.01918816782989397,0.03658014188360365,0.8571428571428573,0.013697326615325618,4.517618284005592
130.0,Rhodotorula mucilaginosa,7,30.0,-0.0035538771811037388,-0.4113754303461866,-0.003343485517083332,0.4001550448298659,-0.42857142857142866,0.3373683110858243,4.598037540458768
131.0,Rhodotorula mucilaginosa,7,30.0,-0.000813102494472125,-0.2674913705972803,-0.0020434742385899833,0.10851011975293186,-0.1785714285714286,0.7016579425162727,4.4997877532856725
133.0,Rhodotorula mucilaginosa,7,30.0,0.001385297496470673,0.49360732105613603,0.00045046708449600966,0.6521526849017697,0.39285714285714296,0.3833168704269727,4.550898849610943
134.0,Rhodotorula mucilaginosa,7,30.0,0.022060509986026124,0.7983205698022654,0.009875769909612574,0.3549590915108272,0.8214285714285715,0.0234488083456915,4.562089614877409
135.0,Rhodotorula mucilaginosa,7,30.0,0.0023975478676607222,0.6597867639597861,0.0015210676724435755,0.3478155037702889,0.5,0.2531699951003227,4.533197052043064
136.0,Rhodotorula sphaerocarpa,7,30.0,-0.0033234670257848336,-0.20976871392291271,8.660268480964196e-05,0.9910635359112306,-0.25,0.5887244480896832,4.049158533689377
137.0,Rhodotorula taiwanensis,7,30.0,0.024713680922887265,0.9708997993313108,0.018453927254248735,0.001270129068496357,1.0,0.0,4.425341561225865
139.0,Rhodotorula sp. clade I,7,30.0,0.020466513398533975,0.4209673857749024,0.03572870928506618,0.3674812953908054,0.25,0.5887244480896832,4.478354734902722
140.0,Rhodotorula sp. clade I,7,30.0,0.005295966105580769,0.23646416274729198,0.003017135407003378,0.7679636833751821,0.28571428571428575,0.5345092286010406,3.6538067777467838
141.0,Rhodotorula toruloides,7,30.0,-0.03998778903971933,-0.7986203434204241,-0.04933752706832289,0.11921202226132245,-0.7142857142857144,0.07134356146753766,4.421471509346951
142.0,Rhodotorula mucilaginosa,7,30.0,-0.0008550631251444754,-0.32769527917582847,-0.002251706576371648,0.01879874288763995,0.03571428571428572,0.9394082054712856,4.613647563594151
143.0,Rhodotorula mucilaginosa,7,30.0,0.0007287892233751479,0.45196126559218003,-0.00020311761511410153,0.864000094230306,0.3571428571428572,0.431611352038328,4.539426085143689
144.0,Rhodotorula mucilaginosa,7,30.0,-0.00022768914974780947,-0.2163668393093158,-0.0005905528511246205,0.3544963254350125,-0.28571428571428575,0.5345092286010406,4.546413561176064
145.0,Rhodotorula mucilaginosa,7,30.0,0.005482147060053561,0.6994873003244169,0.0001457752495625371,0.9266049578671965,0.7500000000000002,0.0521814004570578,4.566392691355831
146.0,Rhodotorula mucilaginosa,7,30.0,0.0013037794565627155,0.5137116280011698,0.0007046086539846138,0.5788367473529752,0.39285714285714296,0.3833168704269727,4.49992460783613
148.0,Rhodotorula mucilaginosa,7,30.0,0.004088202397076546,0.7171367070248577,0.0011447185783212113,0.5438330953773879,0.7142857142857144,0.07134356146753766,4.5473763303607715
149.0,Rhodotorula sphaerocarpa,7,30.0,0.009291891174998372,0.48817169730941745,0.0030362603443843165,0.45520548923637144,0.14285714285714288,0.7599453002180927,4.137300633878636
150.0,Rhodotorula mucilaginosa,7,30.0,0.0027063272209410594,0.5692729260180213,-0.002046657661388972,0.2444684296557157,0.6071428571428572,0.14823116148116164,4.5160340405100134
151.0,Rhodotorula mucilaginosa,7,30.0,0.002601264401376063,0.48410822389139385,-0.002228212263687256,0.3951438982392716,0.1785714285714286,0.7016579425162727,4.572513765215658
152.0,Rhodotorula mucilaginosa,7,30.0,0.0002834050660002309,0.08142378138823361,0.0003176606125893617,0.8912981705724873,0.07142857142857144,0.879048193148154,4.496914599945646
153.0,Rhodotorula mucilaginosa,7,30.0,-0.0026510694423388,-0.5413155631166813,-0.009941727397424983,0.07160127759414017,-0.28571428571428575,0.5345092286010406,4.4836670042917195
155.0,Rhodotorula taiwanensis,7,30.0,0.016679826593582813,0.8765254093163986,0.007851287009234315,0.4854169503493737,0.8928571428571429,0.006807187408935393,4.262901730414987
156.0,Rhodotorula paludigena,7,30.0,0.005030677144753614,0.749932296996887,0.0010339264441006177,0.44566002134541205,0.642857142857143,0.11939237342741109,4.493524611646777
157.0,Rhodotorula paludigena,7,30.0,0.007196341205147788,0.6777263895962327,-0.007322059916435857,0.00191333660106685,0.642857142857143,0.11939237342741109,4.380817078966268
158.0,Rhodotorula mucilaginosa,7,30.0,-0.0027436162520009604,-0.3134606866207293,-0.01475953730857634,0.03143501598724026,0.0,1.0,4.562180865075582
159.0,Rhodotorula mucilaginosa,7,30.0,0.0019166849972909292,0.8279676224631127,0.0018194818669648883,0.10081787177992767,0.7500000000000002,0.0521814004570578,4.525803693002236
161.0,Rhodotorula mucilaginosa,7,30.0,0.0007151863472107891,0.24963633967513552,-0.002762170347549126,0.027530423427005117,0.25,0.5887244480896832,4.512385422504911
162.0,Rhodotorula mucilaginosa,7,30.0,0.029528809124029273,0.715560592915197,0.012900258362266633,0.6217718561837834,0.5714285714285715,0.18020198891152767,4.4968759225379475
163.0,Rhodotorula mucilaginosa,7,30.0,0.0015213256689565857,0.47443159432934834,0.003945751485471649,0.0023906548723615774,0.42857142857142866,0.3373683110858243,4.495253917994391
164.0,Rhodotorula mucilaginosa,7,30.0,0.006095378616004338,0.7137409598069416,0.0039061528701243966,0.3114304902393797,0.7500000000000002,0.0521814004570578,4.506242531857543
166.0,Rhodotorula mucilaginosa,7,30.0,0.026258050280364976,0.9232907155863312,0.018047395933814724,0.2523194865431121,1.0,0.0,4.102355457472064
167.0,Rhodotorula mucilaginosa,7,30.0,0.012289675568721408,0.810348834535762,-0.0011632489020837558,0.5798259555410603,0.9642857142857145,0.00045414916919416935,4.36800070416843
168.0,Rhodotorula mucilaginosa,7,30.0,1.039260566897991e-05,0.0038650447241793096,-0.0014786567510610752,0.46921402009939905,0.14285714285714288,0.7599453002180927,4.444889963136345
169.0,Rhodotorula mucilaginosa,7,30.0,0.021240770043261227,0.7613447777186164,0.0024442789937213173,0.9143550856405834,0.9285714285714288,0.0025194724037946887,4.2950024387261205
170.0,Rhodotorula mucilaginosa,7,30.0,0.002235400072097817,0.3188068759358526,-0.0030166633023774583,0.3212989646216542,-0.10714285714285716,0.8191508555699912,4.368005345407189
171.0,Rhodotorula mucilaginosa,7,30.0,-0.006021894753360247,-0.9127196010547863,-0.00435205736773172,0.06994000382047552,-0.8928571428571429,0.006807187408935393,4.208440875987038
172.0,Rhodotorula mucilaginosa,7,30.0,0.00045196513657671806,0.06664251363600744,-0.011113662428825333,0.03514144888057551,0.1785714285714286,0.7016579425162727,4.56557869763314
174.0,Rhodotorula mucilaginosa,7,30.0,0.01820461210411497,0.6351540565129901,-0.008867317016857869,0.2616278255639316,0.6785714285714287,0.09375025395983135,4.515990723006267
175.0,Rhodotorula mucilaginosa,7,30.0,0.03174875999946527,0.8641031971095829,0.0028520100931089505,0.7386063083067035,0.6071428571428572,0.14823116148116164,3.972049152411688
176.0,Rhodotorula mucilaginosa,7,30.0,-0.0003763784884018999,-0.0640560493294356,-0.001142149054514121,0.818228239523399,-0.14285714285714288,0.7599453002180927,4.585325415741364
177.0,Rhodotorula mucilaginosa,7,30.0,0.0027508904634319597,0.9063689956283982,0.0027310368429890298,0.021286663651318406,0.9285714285714288,0.0025194724037946887,4.604433687052044
178.0,Rhodotorula mucilaginosa,7,30.0,0.0009656287889192286,0.47553210287714526,-0.0012335161884850004,0.4358706746308026,0.42857142857142866,0.3373683110858243,4.503414547170854
179.0,Rhodotorula mucilaginosa,7,30.0,-0.001813713640217923,-0.4857205861778896,-0.0047946793443055715,0.2315459544769757,-0.1785714285714286,0.7016579425162727,4.484224785312181
181.0,Rhodotorula mucilaginosa,7,30.0,0.0007483932112152211,0.3461926508941365,-0.00042840519381347306,0.5031753503162848,0.4642857142857144,0.29393410760025196,4.571787002037733
182.0,Rhodotorula mucilaginosa,7,30.0,0.006149318272970316,0.5460599870297658,-0.0035248545664868266,0.5621931158426997,-0.14285714285714288,0.7599453002180927,4.480763287509217
183.0,Rhodotorula mucilaginosa,7,30.0,0.0003980967525939651,0.28872455338314434,-0.00021532488644682306,0.5946129464279676,0.28571428571428575,0.5345092286010406,4.548994489850631
185.0,Rhodotorula dairenensis,7,30.0,0.0041929090074025776,0.8892510147586169,-0.0020751814506984544,0.5088483528178357,0.8571428571428573,0.013697326615325618,4.448295554206541
186.0,Rhodotorula mucilaginosa,7,30.0,0.001400941341126113,0.7147241187497058,0.0016149269072999431,0.14682648592293504,0.642857142857143,0.11939237342741109,4.573145269990376
188.0,Rhodotorula mucilaginosa,7,30.0,0.005018088079138335,0.8613797779906188,0.00021246606247896747,0.8419418796830128,0.8571428571428573,0.013697326615325618,4.419090246264539
189.0,Rhodotorula mucilaginosa,7,30.0,0.003537909751039669,0.6784695092557972,-0.0022318158466608233,0.12289780311500992,0.6071428571428572,0.14823116148116164,4.433897035539792
190.0,Rhodotorula mucilaginosa,7,30.0,0.003094972040337282,0.6745413769576976,-0.000701985943270216,0.7248034040718722,0.6071428571428572,0.14823116148116164,4.540314495158246
192.0,Rhodotorula dairenensis,7,30.0,-0.0006357266358631415,-0.46500937074846355,0.00018369886171708396,0.8550892891385791,-0.7142857142857144,0.07134356146753766,4.549159114780127
193.0,Rhodotorula mucilaginosa,7,30.0,0.0001143502147838286,0.1241941779956158,-0.00015680172035991338,0.7803952317215855,0.10714285714285716,0.8191508555699912,4.710046766005413
194.0,Rhodotorula dairenensis,7,30.0,0.0005257009963443242,0.14053448640066904,0.0025392648122411184,0.4393049173773327,0.42857142857142866,0.3373683110858243,4.634396125324224
196.0,Rhodotorula mucilaginosa,7,30.0,-0.0017893167603072135,-0.742107911900498,-0.002734118204670644,0.04381996000765533,-0.7500000000000002,0.0521814004570578,4.606311300351179
197.0,Rhodotorula mucilaginosa,7,30.0,-0.01951638887306571,-0.3387330356205754,-0.04657122762857917,0.39551165982081277,-0.1785714285714286,0.7016579425162727,4.384771869167556
198.0,Rhodotorula mucilaginosa,7,30.0,0.038016394341269265,0.774226419474072,0.03582777210801894,0.04419934403770148,0.3214285714285715,0.48207203829967776,4.533530890624477
199.0,Rhodotorula mucilaginosa,7,30.0,0.0017973039836956734,0.62754576655458,-0.00155339500007114,0.1535558219695496,0.5357142857142858,0.21521745567801298,4.582898756233917
200.0,Rhodotorula mucilaginosa,7,30.0,0.0005468843653498481,0.24606787541494748,0.0021868471296262564,0.002645986714505744,0.28571428571428575,0.5345092286010406,4.573229686583811
201.0,Rhodotorula mucilaginosa,7,30.0,-0.001457121616222696,-0.13440010109439,-0.004486064374945919,0.654625421363757,-0.03571428571428572,0.9394082054712856,3.4096473417314903
202.0,Rhodotorula mucilaginosa,7,30.0,-0.00014347398704989286,-0.06405309190260063,0.0005704332645459066,0.6371246526049568,-0.14285714285714288,0.7599453002180927,4.599551919068882
203.0,Rhodotorula dairenensis,7,30.0,0.0029575308338801003,0.7399531338973057,-0.0007440183224936873,0.7421678844921539,0.7500000000000002,0.0521814004570578,4.627841204195927
204.0,Rhodotorula mucilaginosa,7,30.0,-0.014911891616318567,-0.48581256519516086,-0.029284889245379826,0.3383418235680399,-0.5,0.2531699951003227,4.400460758982854
205.0,Rhodotorula mucilaginosa,7,30.0,0.02041443202774665,0.46019039041420917,0.0701902551717039,0.16394776411436315,0.25,0.5887244480896832,4.415770071063747
206.0,Rhodotorula mucilaginosa,7,30.0,0.0020116812625052658,0.9036618754296661,0.0027051056675856605,0.0034616114650101656,0.9285714285714288,0.0025194724037946887,4.527534826267989
207.0,Rhodotorula mucilaginosa,7,30.0,0.0003509556727348421,0.5876467711642077,0.0006106319066428064,0.02483860447030418,0.5357142857142858,0.21521745567801298,4.62322170031298
208.0,Rhodotorula mucilaginosa,7,30.0,0.0009235281893184924,0.35412728343799016,0.0002849837451350059,0.8215329999371488,0.28571428571428575,0.5345092286010406,4.527038843553062
209.0,Rhodotorula mucilaginosa,7,30.0,-0.00010874967711288502,-0.05112541293115926,-0.0005684399728973904,0.5544425429277169,-0.03571428571428572,0.9394082054712856,4.552538439453222
210.0,Rhodotorula mucilaginosa,7,30.0,0.004527055192028697,0.6633239899706929,-0.0006995969192825,0.8023301425808146,0.3214285714285715,0.48207203829967776,4.309380822465132
211.0,Rhodotorula mucilaginosa,7,30.0,0.000817256187706108,0.22264953041184354,0.0009528113876858269,0.6813223612921435,0.1785714285714286,0.7016579425162727,4.5731951281582655
212.0,Rhodotorula dairenensis,4,30.0,0.02833596885235669,0.6631209491479775,-0.0371858640964831,0.0830087040475942,0.7999999999999999,0.2000000000000001,2.1707371475702435
213.0,Rhodotorula mucilaginosa,7,30.0,0.0018438031619998413,0.07137104653756866,0.03584204049708801,0.33005026359385764,0.28571428571428575,0.5345092286010406,4.244397965195093
214.0,Rhodotorula mucilaginosa,7,30.0,0.00156646478537227,0.6956758175279606,0.0004156513333838472,0.5932056317917653,0.6785714285714287,0.09375025395983135,4.5296871213207375
215.0,Rhodotorula taiwanensis,7,30.0,0.019812463093718147,0.56829967365126,0.007162759914113277,0.7466851775798625,0.642857142857143,0.11939237342741109,3.4859401102112253
216.0,Rhodotorula mucilaginosa,7,30.0,-0.003239443394378091,-0.7890369152980999,-0.004160226198109334,0.007703234323818547,-0.9285714285714288,0.0025194724037946887,4.631156499099459
217.0,Rhodotorula mucilaginosa,7,30.0,-0.00013795470271272286,-0.10844467440124292,-0.00017401523105161688,0.7968373289818629,-0.14285714285714288,0.7599453002180927,4.711008753329215
218.0,Rhodotorula mucilaginosa,7,30.0,0.0006936909496682364,0.4701393878331644,-0.000994619401016898,0.12089419728668334,0.39285714285714296,0.3833168704269727,4.577216626840305
219.0,Rhodotorula mucilaginosa,7,30.0,0.007041609661833397,0.7695392930418421,0.0023654671530663578,0.5696801216629864,0.9285714285714288,0.0025194724037946887,4.58630854970456
220.0,Rhodotorula mucilaginosa,7,30.0,0.0013807999944796374,0.5064534929566947,0.0005068101717189466,0.7563384743003914,0.42857142857142866,0.3373683110858243,4.557690012037954
221.0,Rhodotorula dairenensis,7,30.0,0.0026299514697196223,0.7143506883901392,0.0020223709346590753,0.22863554379632242,0.7500000000000002,0.0521814004570578,4.5677145097675504
222.0,Rhodotorula mucilaginosa,7,30.0,0.006064906841152011,0.6880790184567359,-0.0028021130270326497,0.3589231260975876,0.5,0.2531699951003227,4.31931543478511
223.0,Rhodotorula mucilaginosa,7,30.0,-2.08393797883764e-05,-0.011340932004043042,-0.0007488108430177583,0.30969449928104154,0.10714285714285716,0.8191508555699912,4.608760891702823
224.0,Rhodotorula taiwanensis,7,30.0,0.002028818975143913,0.0955909508985715,0.05590530931553511,0.009761185761317069,0.1785714285714286,0.7016579425162727,3.68860158081531
225.0,Rhodotorula mucilaginosa,7,30.0,0.007548680424662032,0.8763817127618748,0.006007616123287747,0.06841470588187501,0.8928571428571429,0.006807187408935393,4.680438288150744
227.0,Rhodotorula mucilaginosa,7,30.0,0.0091450327704896,0.6794442214847053,-0.0023939854980858997,0.6638316100278089,0.7500000000000002,0.0521814004570578,4.355663725741648
228.0,Rhodotorula mucilaginosa,7,30.0,-0.0005367780620796879,-0.3184977112630088,-0.0016439140732274014,0.339132524596166,-0.3214285714285715,0.48207203829967776,4.491747626635633
229.0,Rhodotorula mucilaginosa,7,30.0,0.007279871564505557,0.7801684286385516,0.0014281915054765945,0.6024185780477427,0.8928571428571429,0.006807187408935393,4.526262003935651
230.0,Rhodotorula dairenensis,7,30.0,0.006043214403274571,0.19184910268373084,0.0004515387951247314,0.9728883077318369,0.0,1.0,4.209803776892222
231.0,Rhodotorula mucilaginosa,7,30.0,0.003762748144423291,0.516422664733118,-0.00043259825088433357,0.944853747768909,0.6785714285714287,0.09375025395983135,4.710141163553536
232.0,Rhodotorula mucilaginosa,7,30.0,0.0018423579831826809,0.5769417086351853,-0.003044344411445398,0.16974242599396003,0.6785714285714287,0.09375025395983135,4.403897961498845
233.0,Rhodotorula mucilaginosa,7,30.0,0.004051511483302499,0.6492275126286733,-0.003187964814436143,0.35472398450126097,0.5357142857142858,0.21521745567801298,4.430719901683547
234.0,Rhodotorula mucilaginosa,7,30.0,0.04811836531355654,0.8664719906209437,0.0372409409673534,0.05744177052130123,0.7142857142857144,0.07134356146753766,4.560397393912792
235.0,Rhodotorula mucilaginosa,7,30.0,0.005276207165481133,0.591854056192095,-0.004343936426288634,0.19257322409710156,0.07142857142857144,0.879048193148154,4.388420539006907
236.0,Rhodotorula mucilaginosa,7,30.0,0.0003407503076144527,0.21273166277477337,0.0002557135678909624,0.5838310342636861,-0.10714285714285716,0.8191508555699912,4.621168969881762
237.0,Rhodotorula mucilaginosa,7,30.0,0.0018173919313104639,0.7037414270156521,0.0007209301713661775,0.32250072092332926,0.642857142857143,0.11939237342741109,4.6035516203169555
238.0,Rhodotorula mucilaginosa,7,30.0,-0.0009611254169185188,-0.426904946473703,-0.0012308384256521435,0.32293744987750933,-0.5357142857142858,0.21521745567801298,4.542204099356719
239.0,Rhodotorula mucilaginosa,7,30.0,0.0013646312007124855,0.02648600692024946,-0.02960018924488993,0.05681127260470802,0.0,1.0,4.273756694338831
240.0,Rhodotorula mucilaginosa,7,30.0,0.0013503173221402478,0.3734638493701879,2.4833897756619734e-05,0.9907710426345097,0.5714285714285715,0.18020198891152767,4.6358474361110265
241.0,Rhodotorula mucilaginosa,7,30.0,0.002093717686600165,0.04429139381853921,0.012915910993252186,0.7043613761086183,0.25,0.5887244480896832,4.491239155034826
243.0,Rhodotorula mucilaginosa,7,30.0,0.007060931423476659,0.9654654368777168,0.00355842086545764,0.017389802389716404,0.9642857142857145,0.00045414916919416935,4.430694838767819
245.0,Rhodotorula mucilaginosa,7,30.0,0.001248161040740228,0.25304432002734367,-0.005857200854258946,0.04237220280727331,-0.07142857142857144,0.879048193148154,4.491932418033168
246.0,Rhodotorula mucilaginosa,7,30.0,-0.0012893477197176773,-0.6504879185134604,-0.0017014191637137982,0.09261440302012593,-0.39285714285714296,0.3833168704269727,4.607964038290963
247.0,Rhodotorula toruloides,7,30.0,0.028163559177994128,0.4795371238638043,0.02518714425821194,0.5567586800907681,0.3214285714285715,0.48207203829967776,4.228294731700773
248.0,Rhodotorula sp. clade XIII,7,30.0,0.04334503673930553,0.869330610994116,0.05177134680150753,0.06030640394059127,0.8214285714285715,0.0234488083456915,4.228037463149253
249.0,Rhodotorula mucilaginosa,6,30.0,0.008313759749402929,0.2920726801761223,0.018457388027001552,0.25995752209919476,0.5428571428571429,0.26570262390670546,2.9811768122934037
250.0,Rhodotorula paludigena,6,30.0,-0.014031041689947402,-0.4616579730260442,-0.0033672089111473204,0.8879725065934476,-0.6,0.208,4.343533445246583
253.0,Rhodotorula mucilaginosa,7,30.0,-0.0002624280674319254,-0.09237665470458115,-0.0030207922947220363,0.09004284743108543,0.25,0.5887244480896832,4.524893247521051
254.0,Rhodotorula mucilaginosa,7,30.0,0.0025457209395847065,0.6956383271612362,-0.00048579227415039854,0.6090028131578928,0.5714285714285715,0.18020198891152767,4.527752725181222
255.0,Rhodotorula mucilaginosa,4,30.0,0.00039540823861328926,0.016147117135530395,0.003987168208782438,0.865639378389848,-0.39999999999999997,0.6,4.267199218308532
256.0,Rhodotorula mucilaginosa,7,30.0,0.0006622894770710937,0.46432250473803527,0.00017523684362764157,0.8470952492618319,0.3571428571428572,0.431611352038328,4.58986883530612
257.0,Rhodotorula mucilaginosa,7,30.0,0.0008575031972975241,0.518504226451711,-6.625457557218153e-05,0.9062139306654238,0.4642857142857144,0.29393410760025196,4.594471644097399
258.0,Rhodotorula mucilaginosa,7,30.0,-0.0005377078435486223,-0.2317160972408473,-0.0023156981212725625,0.1214268573355565,0.0,1.0,4.619507704349037
261.0,Rhodotorula sphaerocarpa,7,30.0,0.007327275452696591,0.5192205211105125,0.013272482299170388,0.30073154074997605,0.5714285714285715,0.18020198891152767,4.305017841231391
262.0,Rhodotorula mucilaginosa,7,30.0,0.013367874336369536,0.5329021118516927,0.015052611442556655,0.4645883112784152,0.5,0.2531699951003227,4.2842117459882925
263.0,Rhodotorula mucilaginosa,7,30.0,0.005274012210827551,0.42446810665475476,0.0044908703736695425,0.7396616272318322,0.39285714285714296,0.3833168704269727,4.483714049065519
264.0,Rhodotorula mucilaginosa,7,30.0,0.007206529818705636,0.7737842474375393,0.00017640739163179094,0.9234601696599491,0.6785714285714287,0.09375025395983135,4.494506586620839
265.0,Rhodotorula mucilaginosa,7,30.0,-0.0018868074946998517,-0.7416543519688791,-0.00450867065380879,0.00024134553212670545,-0.7500000000000002,0.0521814004570578,4.55337936113184
266.0,Rhodotorula sp. clade I,7,30.0,-0.0015263105207494736,-0.4012814456324669,-0.0026921822823200224,0.3922410973197064,-0.28571428571428575,0.5345092286010406,4.562877745484416
267.0,Rhodotorula mucilaginosa,7,30.0,0.0035914785512582946,0.3115691986410678,-0.007811784441117611,0.5528528136054982,0.4642857142857144,0.29393410760025196,4.400741102190191
268.0,Rhodotorula mucilaginosa,7,30.0,0.01282081116115706,0.4940749833509238,0.00020662933186488107,0.9834346030540245,0.5,0.2531699951003227,4.454110560023262
270.0,Rhodotorula diobovata,7,30.0,0.03016198249929168,0.8749349173553022,0.03205911480433501,0.051964110105107174,0.8214285714285715,0.0234488083456915,4.2695141945241275
271.0,Rhodotorula mucilaginosa,7,30.0,0.00843043082096445,0.4839601435807357,0.0017323204636122377,0.9361964876511523,0.5714285714285715,0.18020198891152767,4.368081271976968
272.0,Rhodotorula mucilaginosa,7,30.0,0.006169962341134891,0.4300601783987663,0.006867417216678454,0.5182522120376808,0.14285714285714288,0.7599453002180927,4.534283610338901
273.0,Rhodotorula toruloides,7,30.0,0.00019631493928026428,0.1029093276139621,-0.00017131674511342262,0.8881237203931532,0.14285714285714288,0.7599453002180927,4.630871278711955
274.0,Rhodotorula mucilaginosa,7,30.0,0.0202954822440206,0.5265176383393508,0.03179421577406321,0.41235060339717317,0.5714285714285715,0.18020198891152767,4.429526722485627
276.0,Rhodotorula mucilaginosa,7,30.0,0.006175713788372033,0.43142933905551184,0.0022179853540694274,0.8726133836126206,0.42857142857142866,0.3373683110858243,4.544092063109219
277.0,Rhodotorula mucilaginosa,7,30.0,0.0052474927291438055,0.4970056402190713,0.004060870055805378,0.37119763187755656,0.5714285714285715,0.18020198891152767,4.2153071153098525
278.0,Rhodotorula sphaerocarpa,7,30.0,0.004917569453591862,0.14092420640130837,0.0031524293263658666,0.928308070009834,-0.07142857142857144,0.879048193148154,4.374059037821603
279.0,Rhodotorula mucilaginosa,7,30.0,0.003877406769317962,0.7432301654707602,0.0032211707731148727,0.2916086035124916,0.5714285714285715,0.18020198891152767,4.5605743914949874
280.0,Rhodotorula mucilaginosa,7,30.0,0.003383653592624794,0.20252278528422274,0.0024708273068591606,0.8291283925240726,0.10714285714285716,0.8191508555699912,4.517767030060186
281.0,Rhodotorula mucilaginosa,7,30.0,-0.0020938009110331736,-0.032619498526812445,-0.01874122990214421,0.5412083186222767,-0.03571428571428572,0.9394082054712856,4.459620955965957
282.0,Rhodotorula diobovata,7,30.0,0.009625881378417129,0.5661909287343931,0.0003310867392604959,0.9817019386019101,0.5357142857142858,0.21521745567801298,4.266834838661266
283.0,Rhodotorula mucilaginosa,7,30.0,0.013128215110884842,0.48939058190224305,0.00780667710764752,0.5217130066464637,0.42857142857142866,0.3373683110858243,4.220008373870823
284.0,Rhodotorula kratochvilovae,7,30.0,0.018659467323331926,0.7446654365761449,-0.00010165008115212748,0.9960991503129903,0.7142857142857144,0.07134356146753766,3.8827536041403694
285.0,Rhodotorula mucilaginosa,7,30.0,0.008956845086853814,0.5718464289260714,0.00531327376189217,0.5717387332235377,0.6071428571428572,0.14823116148116164,4.504704927754956
286.0,Rhodotorula mucilaginosa,7,30.0,0.0030212431727939114,0.21625777964788603,-0.0035380733452729345,0.7615513479867323,0.5357142857142858,0.21521745567801298,4.34696553395371
287.0,Rhodotorula toruloides,7,30.0,0.02207516906948989,0.7544980426439575,0.015306056649317513,0.14847696952722791,0.8571428571428573,0.013697326615325618,4.148715614069514
288.0,Rhodotorula pacifica,7,30.0,-0.0007641971305570069,-0.08102006297649193,-0.002132413599509115,0.6921567957462114,-0.14285714285714288,0.7599453002180927,4.459425553356675
289.0,Rhodotorula mucilaginosa,7,30.0,0.0016536170576090514,0.882836044849325,0.0015727416864497606,0.04655930641749853,0.9285714285714288,0.0025194724037946887,4.565806273079858
290.0,Rhodotorula mucilaginosa,7,30.0,0.011795282064654269,0.723407882080159,0.0006105115046607031,0.9602412523011779,0.7857142857142859,0.03623846267982715,4.378631480711125
291.0,Rhodotorula diobovata,7,30.0,0.005952899510879777,0.1936139508046302,0.04154546609356871,0.12406593288830753,0.03571428571428572,0.9394082054712856,4.400484207527979
292.0,Rhodotorula graminis,5,20.0,-0.00683920808970381,-0.12838663400000852,-0.1327090223575008,0.006382252476636842,-0.3,0.623837664781073,4.428086491754405
293.0,Rhodotorula mucilaginosa,7,30.0,0.00808457785579315,0.48729762746568955,0.004223724531789153,0.5824630556101383,0.42857142857142866,0.3373683110858243,4.290679891822232
294.0,Rhodotorula graminis,7,30.0,-0.02490103804195901,-0.5749277666056988,-0.012157402189161576,0.4479181697578432,-0.4642857142857144,0.29393410760025196,4.231209140050632
295.0,Rhodotorula mucilaginosa,7,30.0,-0.003480263343169795,-0.5576186797391484,-0.009513284763026719,0.1325541997359999,-0.6785714285714287,0.09375025395983135,4.509208015508216
296.0,Rhodotorula mucilaginosa,7,30.0,0.007498536356548593,0.2883071926480448,0.007758127965333506,0.755139532453899,0.3571428571428572,0.431611352038328,4.28716642413187
297.0,Rhodotorula diobovata,7,30.0,-0.004542316736642985,-0.14517647222813493,0.007045446862242341,0.81661382203504,-0.03571428571428572,0.9394082054712856,3.261970663068687
298.0,Rhodotorula mucilaginosa,7,30.0,0.019323546739883603,0.7490865265497582,-0.0032006555430227263,0.9451899108715677,0.642857142857143,0.11939237342741109,4.4197568364808735
299.0,Rhodotorula mucilaginosa,7,30.0,0.007719700622515979,0.6000712515534191,0.006069195633068215,0.5264614460022862,0.5,0.2531699951003227,4.348066971225448
300.0,Rhodotorula mucilaginosa,7,30.0,0.004295164502545973,0.2243371465197309,0.01018916638252991,0.6361788593317768,0.25,0.5887244480896832,4.561018765200284
301.0,Rhodotorula paludigena,6,25.0,-0.02148974952860273,-0.6133053598079736,-0.03350660146459976,0.23140114885613666,-0.6571428571428573,0.1561749271137024,4.115732252061454
302.0,Rhodotorula sp. clade XI,7,30.0,0.005444913500569625,0.5823785615017198,-0.009443770140246291,0.5744002377470572,0.4642857142857144,0.29393410760025196,4.413329314585798
303.0,Rhodotorula mucilaginosa,7,30.0,0.00035802666178966707,0.021895028897937683,0.004471815198822686,0.7682990466387177,0.28571428571428575,0.5345092286010406,4.398031064379406
304.0,Rhodotorula mucilaginosa,7,30.0,0.00582719297272619,0.38260325131237427,0.0017381430840851672,0.8812646819079657,0.5,0.2531699951003227,4.4348857566460405
307.0,Rhodotorula mucilaginosa,7,30.0,0.0055361130098994646,0.6475342663823513,0.004322833849468049,0.45009209443383513,0.9285714285714288,0.0025194724037946887,4.582861585413988
308.0,Rhodotorula mucilaginosa,7,30.0,0.002359958923459355,0.2044238468209891,-0.01081019559431689,0.32190929715902994,0.39285714285714296,0.3833168704269727,4.381505590560849
309.0,Rhodotorula mucilaginosa,7,30.0,0.00541620629775011,0.480363770941354,0.006888447713142971,0.47791228658781343,0.3571428571428572,0.431611352038328,4.43796181137167
310.0,Rhodotorula kratochvilovae,7,30.0,0.019277390728081104,0.5122074464317982,-0.04837032090417481,0.3911668789288262,0.6071428571428572,0.14823116148116164,3.698120279911177
311.0,Rhodotorula kratochvilovae,7,30.0,0.02845768857864762,0.8754524584595644,0.02174604106768084,0.2796398899946412,0.8571428571428573,0.013697326615325618,3.6553353896714142
312.0,Pseudomicrostroma phylloplanum,7,30.0,0.022846416876148114,0.5790960468895874,-9.096017303868647e-05,0.9936658003298621,0.8571428571428573,0.013697326615325618,4.553006718295693
313.0,Rhodotorula mucilaginosa,7,30.0,0.005767466032260504,0.27681984911463503,-0.005460740098598758,0.5852555625710435,0.28571428571428575,0.5345092286010406,4.486596022949351
314.0,Rhodotorula glutinis,5,25.0,0.014641165984692969,0.38596619777300867,0.015297522006582314,0.6012062753689105,0.6,0.28475697986529386,4.512668922881589
315.0,Rhodotorula mucilaginosa,7,30.0,0.002180641332271559,0.20320597989930464,-0.01533042195476003,0.04781911283462065,0.3214285714285715,0.48207203829967776,4.464680099742212
316.0,Rhodotorula evergladensis,4,15.0,-0.04125816594395507,-0.740477259773021,-0.04037329657889332,0.7348896182779485,-0.7999999999999999,0.2000000000000001,3.2453099752213848
317.0,Rhodotorula mucilaginosa,7,30.0,0.007299856963377511,0.511573132675284,-0.009488094140362854,0.42542403794301487,0.42857142857142866,0.3373683110858243,4.431287004984275
318.0,Rhodotorula mucilaginosa,7,30.0,0.0022440562999375717,0.13926698223163178,-0.005192782477219112,0.5311327272774683,0.14285714285714288,0.7599453002180927,4.497212473486007
320.0,Rhodotorula graminis,7,30.0,-0.0022921866798122064,-0.07446072719481399,-0.09817363629926593,0.034448733440189665,-0.03571428571428572,0.9394082054712856,3.4214244319594664
321.0,Rhodotorula dairenensis,7,30.0,0.0013927574845595172,0.1102920537605035,-0.014417924486235183,0.3480747451907589,0.1785714285714286,0.7016579425162727,4.133543116097615
322.0,Rhodotorula mucilaginosa,7,30.0,0.016838286361161022,0.42662116992918475,0.030722762881135936,0.11386154126732913,0.5357142857142858,0.21521745567801298,4.144889858344813
323.0,Rhodotorula sphaerocarpa,7,30.0,0.031297717717239354,0.7796208468422657,0.017793277137152785,0.35927120157615455,0.6071428571428572,0.14823116148116164,4.308696010948616
324.0,Rhodotorula diobovata,6,25.0,-0.02797953464249631,-0.7574800819325646,-0.03213824782172265,0.20145783985924237,-0.6,0.208,3.6765955395006653
325.0,Rhodotorula paludigena,6,25.0,-0.0374341119175562,-0.7990908488329647,-0.03666494261318386,0.11292529737120033,-0.6,0.208,3.5107811168332206
326.0,Rhodotorula araucariae,7,30.0,-0.0007665323730376857,-0.022805484583357714,0.010570010090105077,0.666767505105885,-0.39285714285714296,0.3833168704269727,3.8462329260631383
327.0,Rhodotorula evergladensis,7,30.0,0.0013101452062793614,0.11378712628552116,-0.0009573540774238731,0.8832528610255198,0.1785714285714286,0.7016579425162727,4.5791112482289575
334.0,Rhodotorula mucilaginosa,7,30.0,0.006601695344860957,0.6009051691333571,0.00016099039326808014,0.987920994071096,0.5357142857142858,0.21521745567801298,4.441721941163501
