strain_id,umap_x,umap_y,hdbscan_cluster,hdbscan_prob,species,environment,origin,n_colonies
1,6.1375217,8.492061,-1,0.0,Rhodotorula mucilaginosa,marsh_tidalflat,China,112.0
2,4.829166,7.797781,-1,0.0,Rhodotorula mucilaginosa,marsh_tidalflat,China,112.0
3,6.88992,7.4781513,-1,0.0,Rhodotorula mucilaginosa,marsh_tidalflat,China,95.0
4,5.1024647,9.201178,7,0.8944781951481354,Rhodotorula mucilaginosa,marsh_tidalflat,China,112.0
5,5.8786697,8.050183,8,1.0,Rhodotorula mucilaginosa,marsh_tidalflat,China,111.0
6,3.5959432,9.598487,11,1.0,Rhodotorula mucilaginosa,marsh_tidalflat,China,112.0
7,5.673156,7.1685357,8,0.8063739455722198,Rhodotorula mucilaginosa,marsh_tidalflat,China,112.0
8,3.2964964,8.751532,-1,0.0,Rhodotorula mucilaginosa,marsh_tidalflat,China,112.0
9,5.4112,10.168278,-1,0.0,Rhodotorula mucilaginosa,marsh_tidalflat,China,112.0
10,6.621159,8.019519,9,1.0,Rhodotorula sphaerocarpa,marsh_tidalflat,China,69.0
11,4.3104615,8.888226,-1,0.0,Rhodotorula mucilaginosa,marsh_tidalflat,China,112.0
12,7.195784,8.7222,-1,0.0,Rhodotorula mucilaginosa,marsh_tidalflat,China,112.0
13,7.642087,8.692614,-1,0.0,Rhodotorula mucilaginosa,marsh_tidalflat,China,112.0
14,5.417409,7.70905,8,1.0,Rhodotorula mucilaginosa,marsh_tidalflat,China,112.0
15,7.4974985,8.740191,-1,0.0,Rhodotorula mucilaginosa,marsh_tidalflat,China,112.0
16,4.5002294,7.9410443,-1,0.0,Rhodotorula sp. clade XI,marsh_tidalflat,China,112.0
17,3.775893,7.1963334,-1,0.0,Rhodotorula diobovata,marsh_tidalflat,China,107.0
18,3.9782052,8.754135,-1,0.0,Rhodotorula mucilaginosa,marsh_tidalflat,China,108.0
19,7.003356,8.389265,9,1.0,Rhodotorula mucilaginosa,marsh_tidalflat,China,112.0
20,5.358249,7.4481235,8,1.0,Rhodotorula mucilaginosa,marsh_tidalflat,China,92.0
21,3.09735,8.322933,6,1.0,Rhodotorula mucilaginosa,marsh_tidalflat,China,84.0
22,4.921562,6.9830985,2,0.8606022539601793,Rhodotorula mucilaginosa,marsh_tidalflat,China,112.0
23,5.7759857,7.828017,8,1.0,Rhodotorula mucilaginosa,marsh_tidalflat,China,36.0
24,7.3720474,10.498824,-1,0.0,Rhodotorula mucilaginosa,marsh_tidalflat,China,112.0
25,5.5564346,7.8908615,8,1.0,Rhodotorula mucilaginosa,marsh_tidalflat,China,100.0
26,3.8637605,9.854144,-1,0.0,Rhodotorula mucilaginosa,marsh_tidalflat,China,112.0
27,6.0919857,8.086329,8,0.8000377115431052,Rhodotorula mucilaginosa,marsh_tidalflat,China,112.0
28,4.847205,8.176158,-1,0.0,Rhodotorula pacifica,marsh_tidalflat,China,112.0
29,3.7743576,7.7942085,-1,0.0,Rhodotorula mucilaginosa,marsh_tidalflat,China,96.0
30,4.9496436,8.033946,-1,0.0,Rhodotorula mucilaginosa,marsh_tidalflat,China,112.0
31,3.357344,9.223364,11,0.9373527022864688,Rhodotorula mucilaginosa,marsh_tidalflat,China,112.0
32,3.4782462,9.112628,11,0.6949055263394485,Rhodotorula mucilaginosa,marsh_tidalflat,China,108.0
33,3.4642708,8.383082,6,0.9924345026340324,Rhodotorula mucilaginosa,marsh_tidalflat,China,112.0
34,6.126741,7.1217594,-1,0.0,Rhodotorula sphaerocarpa,marsh_tidalflat,,96.0
36,3.1756487,8.3261175,6,1.0,Rhodotorula mucilaginosa,marsh_tidalflat,China,112.0
37,4.967089,6.6413283,2,1.0,Rhodotorula paludigena,marsh_tidalflat,China,56.0
38,4.3069906,10.108047,7,1.0,Rhodotorula mucilaginosa,marsh_tidalflat,China,112.0
39,3.2625408,9.666609,11,1.0,Rhodotorula mucilaginosa,marsh_tidalflat,China,111.0
40,6.749986,9.004076,4,1.0,Rhodotorula mucilaginosa,marsh_tidalflat,China,112.0
41,4.0003405,9.490915,7,0.8730781424786622,Rhodotorula mucilaginosa,marsh_tidalflat,China,112.0
42,4.881718,6.2414336,2,1.0,Rhodotorula mucilaginosa,marsh_tidalflat,China,76.0
43,2.2901108,8.739753,6,1.0,Rhodotorula toruloides,marsh_tidalflat,China,92.0
44,6.5055223,7.880535,8,0.7658753899747115,Rhodotorula diobovata,marsh_tidalflat,China,100.0
45,3.756795,8.037616,6,0.9523861840193142,Rhodotorula mucilaginosa,marsh_tidalflat,China,88.0
46,4.0767803,7.993277,-1,0.0,Rhodotorula paludigena,marsh_tidalflat,China,84.0
47,5.2981806,10.209777,-1,0.0,Rhodotorula mucilaginosa,marsh_tidalflat,China,72.0
48,4.299945,6.936372,-1,0.0,Rhodotorula mucilaginosa,marsh_tidalflat,China,112.0
49,3.3426974,9.153051,11,0.9373527022864688,Rhodotorula mucilaginosa,marsh_tidalflat,China,112.0
50,3.1345015,8.703589,6,0.959619339101259,Rhodotorula mucilaginosa,marsh_tidalflat,China,112.0
51,3.2577069,9.593433,11,1.0,Rhodotorula mucilaginosa,marsh_tidalflat,China,84.0
52,6.1499624,6.664179,-1,0.0,Rhodotorula mucilaginosa,,China,112.0
53,3.6271422,9.563309,11,1.0,Rhodotorula mucilaginosa,marsh_tidalflat,China,80.0
54,6.0448637,8.742865,4,1.0,Rhodotorula mucilaginosa,marsh_tidalflat,China,112.0
55,3.7440398,8.414744,-1,0.0,Rhodotorula mucilaginosa,marsh_tidalflat,China,112.0
56,3.4707825,9.904925,11,1.0,Rhodotorula mucilaginosa,marsh_tidalflat,China,112.0
57,6.975555,7.6770334,-1,0.0,Rhodotorula mucilaginosa,,China,112.0
58,4.518724,10.303953,7,0.948152818331125,Rhodotorula mucilaginosa,marsh_tidalflat,China,112.0
59,3.6024172,9.467846,11,0.7763362006735912,Rhodotorula mucilaginosa,marsh_tidalflat,China,112.0
60,7.034239,8.178445,9,1.0,Rhodotorula mucilaginosa,marsh_tidalflat,China,112.0
61,3.3044133,8.154004,6,1.0,Rhodotorula toruloides,marsh_tidalflat,China,83.0
62,6.8376417,7.9983106,9,1.0,Rhodotorula mucilaginosa,marsh_tidalflat,China,92.0
63,5.8717537,8.335152,-1,0.0,Rhodotorula mucilaginosa,,China,84.0
64,4.08788,8.382437,6,0.9468856108528214,Rhodotorula mucilaginosa,marsh_tidalflat,China,112.0
65,5.4616485,7.277721,8,1.0,Rhodotorula mucilaginosa,marsh_tidalflat,China,112.0
66,6.3533897,8.84571,4,1.0,Rhodotorula mucilaginosa,marsh_tidalflat,China,112.0
67,7.0952725,10.32096,5,1.0,Rhodotorula mucilaginosa,marsh_tidalflat,China,112.0
68,6.5391955,8.274213,9,1.0,Rhodotorula mucilaginosa,marsh_tidalflat,China,108.0
69,4.0198097,9.163335,-1,0.0,Rhodotorula mucilaginosa,marsh_tidalflat,China,112.0
71,6.473256,6.8941545,-1,0.0,Rhodotorula dairenensis,marsh_tidalflat,China,112.0
72,3.5512462,9.733149,11,1.0,Rhodotorula mucilaginosa,marsh_tidalflat,China,84.0
73,6.6784277,8.124275,9,1.0,Rhodotorula mucilaginosa,marsh_tidalflat,China,112.0
74,6.768699,9.665315,5,0.5354152237130992,Rhodotorula mucilaginosa,marsh_tidalflat,China,112.0
75,5.659547,8.119495,8,0.8277549422795694,Rhodotorula mucilaginosa,marsh_tidalflat,China,112.0
76,7.079051,7.8288465,-1,0.0,Rhodotorula mucilaginosa,marsh_tidalflat,China,112.0
77,6.9439316,8.388573,9,1.0,Rhodotorula mucilaginosa,,China,112.0
78,5.007561,7.014699,2,0.8606022539601793,Rhodotorula mucilaginosa,marsh_tidalflat,China,112.0
79,2.9746027,8.113654,6,1.0,Rhodotorula mucilaginosa,marsh_tidalflat,China,112.0
80,6.8791733,8.207542,9,1.0,Rhodotorula pacifica,marsh_tidalflat,China,112.0
81,5.6629086,7.4521823,8,0.8270827111724552,Rhodotorula mucilaginosa,marsh_tidalflat,China,112.0
83,5.7387147,7.538395,-1,0.0,Rhodotorula mucilaginosa,marsh_tidalflat,China,92.0
84,5.097832,6.130376,2,0.8391917052117727,Rhodotorula paludigena,marsh_tidalflat,China,28.0
85,7.2713747,10.126635,5,1.0,Rhodotorula paludigena,marsh_tidalflat,China,56.0
86,3.830862,7.9404006,6,0.9523861840193142,Rhodotorula mucilaginosa,,China,112.0
88,2.2514641,8.806539,6,1.0,Rhodotorula toruloides,,China,79.0
89,5.5443306,6.940631,-1,0.0,Rhodotorula mucilaginosa,marsh_tidalflat,China,111.0
91,3.1952512,7.838001,-1,0.0,Rhodotorula diobovata,marsh_tidalflat,China,107.0
92,5.819237,7.8913994,8,1.0,Rhodotorula taiwanensis,marsh_tidalflat,China,98.0
93,5.7228956,6.235279,1,1.0,Rhodotorula paludigena,marsh_tidalflat,China,75.0
94,6.5293713,8.469383,-1,0.0,Rhodotorula paludigena,marsh_tidalflat,China,28.0
95,6.384748,9.913502,-1,0.0,Rhodotorula mucilaginosa,marsh_tidalflat,China,111.0
96,2.2277534,8.839529,6,1.0,Rhodotorula toruloides,marsh_tidalflat,China,95.0
97,4.4184675,10.887356,0,1.0,Rhodotorula mucilaginosa,marsh_tidalflat,China,111.0
98,6.853353,10.502858,5,1.0,Rhodotorula mucilaginosa,marsh_tidalflat,China,111.0
99,7.2839975,9.251924,-1,0.0,Rhodotorula mucilaginosa,marsh_tidalflat,China,111.0
100,6.725041,9.223793,4,1.0,Rhodotorula mucilaginosa,marsh_tidalflat,China,111.0
101,2.6071951,10.036387,10,1.0,Rhodotorula sphaerocarpa,marsh_tidalflat,China,33.0
102,4.106997,8.207847,6,0.9468856108528214,Rhodotorula paludigena,marsh_tidalflat,China,28.0
103,7.901559,9.368532,-1,0.0,Rhodotorula paludigena,marsh_tidalflat,China,28.0
104,6.476701,10.7555895,-1,0.0,Rhodotorula mucilaginosa,marsh_tidalflat,China,111.0
105,6.00227,7.701806,8,0.8580068088541736,Rhodotorula toruloides,marsh_tidalflat,China,79.0
106,2.5942454,10.074842,10,1.0,Rhodotorula mucilaginosa,marsh_tidalflat,China,111.0
107,4.4626327,10.822166,0,1.0,Rhodotorula mucilaginosa,,China,111.0
108,2.4512565,10.112301,10,1.0,Rhodotorula mucilaginosa,marsh_tidalflat,China,111.0
109,7.2335014,9.984905,5,0.710416325766047,Rhodotorula mucilaginosa,marsh_tidalflat,China,111.0
110,5.988787,5.893239,1,1.0,Rhodotorula sp. clade I,marsh_tidalflat,China,68.0
111,4.6799755,8.287449,-1,0.0,Rhodotorula diobovata,marsh_tidalflat,China,104.0
112,7.5278397,9.648104,3,0.7836629316225588,Rhodotorula sp. clade I,marsh_tidalflat,China,33.0
113,6.961977,9.994306,5,0.5354152237130992,Rhodotorula mucilaginosa,marsh_tidalflat,China,111.0
114,2.213057,8.942513,6,1.0,Rhodotorula toruloides,marsh_tidalflat,China,76.0
115,4.7021923,11.045568,0,0.9360144128408754,Rhodotorula mucilaginosa,marsh_tidalflat,China,83.0
116,3.455217,7.565213,-1,0.0,Rhodotorula mucilaginosa,marsh_tidalflat,China,107.0
117,2.5668063,10.089024,10,1.0,Rhodotorula mucilaginosa,marsh_tidalflat,China,111.0
118,6.757091,7.33903,-1,0.0,Rhodotorula taiwanensis,marsh_tidalflat,China,107.0
119,2.523471,10.182444,10,1.0,Rhodotorula sp. clade I,marsh_tidalflat,China,111.0
120,5.687337,6.4890704,1,0.9047067970917319,Rhodotorula diobovata,marsh_tidalflat,China,79.0
121,5.640847,6.035927,1,1.0,Rhodotorula paludigena,marsh_tidalflat,China,40.0
122,7.1960225,9.659572,5,0.5354152237130992,Rhodotorula sp. clade I,marsh_tidalflat,China,28.0
123,6.0731,6.130237,1,0.8156309808775759,Rhodotorula sp. clade I,marsh_tidalflat,China,72.0
124,4.4093933,8.633904,-1,0.0,Rhodotorula mucilaginosa,marsh_tidalflat,China,111.0
125,5.4497766,9.594745,-1,0.0,Rhodotorula mucilaginosa,marsh_tidalflat,China,111.0
126,5.5257044,10.191477,-1,0.0,Rhodotorula mucilaginosa,marsh_tidalflat,China,111.0
127,2.854348,10.1533,10,1.0,Rhodotorula mucilaginosa,marsh_tidalflat,China,111.0
128,2.809655,8.3094225,6,1.0,Rhodotorula graminis,marsh_tidalflat,China,28.0
129,7.416796,8.904945,-1,0.0,Rhodotorula mucilaginosa,marsh_tidalflat,China,111.0
130,4.301083,10.85647,0,1.0,Rhodotorula mucilaginosa,,China,112.0
131,7.383843,10.137524,5,0.710416325766047,Rhodotorula mucilaginosa,marsh_tidalflat,China,111.0
133,7.1679287,10.190223,5,1.0,Rhodotorula mucilaginosa,marsh_tidalflat,China,111.0
134,4.449366,10.933029,0,1.0,Rhodotorula mucilaginosa,marsh_tidalflat,China,111.0
135,4.3906107,9.495238,7,1.0,Rhodotorula mucilaginosa,marsh_tidalflat,China,111.0
136,5.8898716,6.7341022,1,0.9047067970917319,Rhodotorula sphaerocarpa,marsh_tidalflat,China,79.0
137,5.3889747,7.491386,8,1.0,Rhodotorula taiwanensis,marsh_tidalflat,China,107.0
138,7.9596257,9.276719,-1,0.0,Rhodotorula paludigena,marsh_tidalflat,China,28.0
139,3.4956033,10.480489,11,0.7224286252384857,Rhodotorula sp. clade I,,China,87.0
140,6.09552,6.574796,-1,0.0,Rhodotorula sp. clade I,marsh_tidalflat,China,59.0
141,3.3259335,9.778009,11,1.0,Rhodotorula toruloides,marsh_tidalflat,China,83.0
142,6.7063966,10.259297,5,0.5350232531332895,Rhodotorula mucilaginosa,,China,111.0
143,7.9088917,9.955659,3,1.0,Rhodotorula mucilaginosa,marsh_tidalflat,China,111.0
144,4.829038,11.012688,0,0.6677206138058174,Rhodotorula mucilaginosa,marsh_tidalflat,China,111.0
145,5.7614126,9.534435,-1,0.0,Rhodotorula mucilaginosa,marsh_tidalflat,China,111.0
146,7.311037,10.165456,5,1.0,Rhodotorula mucilaginosa,marsh_tidalflat,China,111.0
147,4.9046736,7.569544,-1,0.0,Rhodotorula paludigena,marsh_tidalflat,China,28.0
148,6.9451976,10.4228945,5,1.0,Rhodotorula mucilaginosa,marsh_tidalflat,China,111.0
149,6.6983886,7.103086,-1,0.0,Rhodotorula sphaerocarpa,marsh_tidalflat,China,80.0
150,3.459978,10.395682,11,0.7224286252384857,Rhodotorula mucilaginosa,marsh_tidalflat,China,111.0
151,6.1847777,10.207498,-1,0.0,Rhodotorula mucilaginosa,,China,111.0
152,5.112215,8.060847,-1,0.0,Rhodotorula mucilaginosa,marsh_tidalflat,China,111.0
153,4.7850704,9.387307,7,0.8944781951481354,Rhodotorula mucilaginosa,marsh_tidalflat,China,111.0
155,6.238608,7.864569,8,0.7975768209585885,Rhodotorula taiwanensis,marsh_tidalflat,China,103.0
156,6.2641115,10.780103,-1,0.0,Rhodotorula paludigena,marsh_tidalflat,China,111.0
157,4.201533,9.250795,-1,0.0,Rhodotorula paludigena,marsh_tidalflat,China,111.0
158,5.9678698,9.341751,-1,0.0,Rhodotorula mucilaginosa,marsh_tidalflat,China,111.0
159,4.814375,11.086904,0,0.65393433409976,Rhodotorula mucilaginosa,marsh_tidalflat,China,111.0
161,7.294642,9.01834,-1,0.0,Rhodotorula mucilaginosa,marsh_tidalflat,China,111.0
162,3.5119526,10.106245,11,0.7224286252384857,Rhodotorula mucilaginosa,marsh_tidalflat,China,83.0
163,5.161618,6.671698,2,0.8399895593089121,Rhodotorula mucilaginosa,marsh_tidalflat,China,111.0
164,5.8432536,8.609295,-1,0.0,Rhodotorula mucilaginosa,marsh_tidalflat,China,111.0
166,3.327215,8.485303,6,1.0,Rhodotorula mucilaginosa,food,Italy,95.0
167,4.645787,6.294578,2,1.0,Rhodotorula mucilaginosa,food,Italy,110.0
168,6.8496556,7.161465,-1,0.0,Rhodotorula mucilaginosa,soil,Italy,111.0
169,4.8909993,6.9098315,2,0.8606022539601793,Rhodotorula mucilaginosa,cave,Italy,99.0
170,4.6913204,6.4214873,2,0.9261175633224265,Rhodotorula mucilaginosa,food,Italy,111.0
171,5.8558745,7.924796,8,1.0,Rhodotorula mucilaginosa,soil,Italy,111.0
172,7.2129436,10.386223,5,0.7808058680924979,Rhodotorula mucilaginosa,marsh_tidalflat,China,111.0
174,6.188708,9.073264,4,1.0,Rhodotorula mucilaginosa,marsh_tidalflat,China,111.0
175,3.4635613,7.238504,-1,0.0,Rhodotorula mucilaginosa,food,Italy,91.0
176,6.6358347,8.972238,4,1.0,Rhodotorula mucilaginosa,soil,Italy,112.0
177,3.0645468,9.941471,10,1.0,Rhodotorula mucilaginosa,soil,Italy,112.0
178,3.0717418,8.232227,6,1.0,Rhodotorula mucilaginosa,cave,Italy,115.0
179,4.929839,8.85248,-1,0.0,Rhodotorula mucilaginosa,food,Italy,112.0
181,3.9117556,10.956891,0,1.0,Rhodotorula mucilaginosa,marsh_tidalflat,China,112.0
182,3.2272942,10.4635315,11,0.7224286252384857,Rhodotorula mucilaginosa,marsh_tidalflat,China,112.0
183,8.069271,10.050568,3,1.0,Rhodotorula mucilaginosa,marsh_tidalflat,China,112.0
184,6.4441705,6.267948,-1,0.0,Rhodotorula glutinis,plant,Italy,4.0
185,5.035722,8.349084,-1,0.0,Rhodotorula dairenensis,soil,Italy,112.0
186,6.830157,8.972598,4,1.0,Rhodotorula mucilaginosa,soil,Italy,112.0
187,6.1481123,5.9437685,1,1.0,Rhodotorula glutinis,cave,Italy,8.0
188,4.7416945,6.167093,2,1.0,Rhodotorula mucilaginosa,sand,Italy,112.0
189,3.1969028,9.475147,11,0.9448226771465543,Rhodotorula mucilaginosa,food,Italy,112.0
190,7.8393545,8.508039,-1,0.0,Rhodotorula mucilaginosa,marsh_tidalflat,China,112.0
192,5.403671,8.694814,7,0.8944781951481354,Rhodotorula dairenensis,plant,Italy,111.0
193,6.6714,10.112269,-1,0.0,Rhodotorula mucilaginosa,plant,Italy,112.0
194,5.3884735,8.928027,7,0.8944781951481354,Rhodotorula dairenensis,soil,Italy,112.0
196,4.0543475,10.95207,0,1.0,Rhodotorula mucilaginosa,plant,Italy,112.0
197,3.5056953,7.9976597,6,0.9523861840193142,Rhodotorula mucilaginosa,marine,Italy,88.0
198,8.201041,10.241815,3,1.0,Rhodotorula mucilaginosa,food,Italy,84.0
199,4.1797256,11.083949,0,1.0,Rhodotorula mucilaginosa,marsh_tidalflat,China,112.0
200,7.21267,10.64627,5,0.6506492223103659,Rhodotorula mucilaginosa,,China,112.0
201,3.210376,9.251774,11,0.9373527022864688,Rhodotorula mucilaginosa,unknown,Italy,48.0
202,8.341284,9.74895,-1,0.0,Rhodotorula mucilaginosa,plant,Italy,113.0
203,5.520802,8.79631,7,0.8944781951481354,Rhodotorula dairenensis,soil,Italy,112.0
204,5.099514,7.0418677,2,0.8606022539601793,Rhodotorula mucilaginosa,plant,Italy,104.0
205,3.7815304,10.929121,0,0.6734383382007659,Rhodotorula mucilaginosa,soil,Italy,76.0
206,7.6895785,9.899777,3,0.8697170549138489,Rhodotorula mucilaginosa,plant,Italy,112.0
207,7.302325,10.9242115,5,0.5211315273953905,Rhodotorula mucilaginosa,food,Italy,112.0
208,6.353302,9.650928,5,0.49794670431429106,Rhodotorula mucilaginosa,marsh_tidalflat,China,112.0
209,4.1217856,11.108503,0,1.0,Rhodotorula mucilaginosa,marsh_tidalflat,China,113.0
210,4.8376584,6.0571585,2,1.0,Rhodotorula mucilaginosa,food,Italy,112.0
211,8.454077,9.881726,-1,0.0,Rhodotorula mucilaginosa,plant,Italy,112.0
213,4.4121695,6.6518707,2,0.7853043218239889,Rhodotorula mucilaginosa,plant,Italy,112.0
214,6.985668,10.427655,5,1.0,Rhodotorula mucilaginosa,soil,Italy,112.0
215,6.432369,6.2902026,-1,0.0,Rhodotorula taiwanensis,plant,Italy,56.0
216,6.7721057,10.565388,5,0.706566181662437,Rhodotorula mucilaginosa,food,Italy,112.0
217,6.9800806,10.621449,5,0.7549421302853223,Rhodotorula mucilaginosa,marsh_tidalflat,China,112.0
218,6.4390607,9.349822,4,0.9903103439018585,Rhodotorula mucilaginosa,marsh_tidalflat,China,112.0
219,6.651616,9.584403,5,0.49794670431429106,Rhodotorula mucilaginosa,food,Italy,112.0
220,8.423777,9.850647,-1,0.0,Rhodotorula mucilaginosa,plant,Italy,113.0
221,8.468122,9.88254,-1,0.0,Rhodotorula dairenensis,soil,Italy,112.0
222,4.3447022,7.12927,-1,0.0,Rhodotorula mucilaginosa,plant,Italy,112.0
223,7.9927278,10.39771,3,1.0,Rhodotorula mucilaginosa,unknown,Italy,112.0
224,6.5680213,6.4265957,-1,0.0,Rhodotorula taiwanensis,plant,Italy,68.0
225,4.056546,10.467028,-1,0.0,Rhodotorula mucilaginosa,food,Italy,112.0
227,3.075274,8.9879,6,0.8890121533454962,Rhodotorula mucilaginosa,marsh_tidalflat,China,112.0
228,4.229909,8.486505,6,0.9174664683305549,Rhodotorula mucilaginosa,food,Italy,112.0
229,6.2421885,9.434214,5,0.49794670431429106,Rhodotorula mucilaginosa,food,Italy,112.0
230,4.5031915,6.486582,2,1.0,Rhodotorula dairenensis,soil,Italy,81.0
231,5.505615,8.94093,7,0.8944781951481354,Rhodotorula mucilaginosa,plant,Italy,112.0
232,4.282356,7.4781117,-1,0.0,Rhodotorula mucilaginosa,food,Italy,112.0
233,3.801677,8.310527,6,0.9468856108528214,Rhodotorula mucilaginosa,sand,Italy,112.0
234,6.223519,9.566143,5,0.49794670431429106,Rhodotorula mucilaginosa,soil,Italy,84.0
235,6.3056884,9.012228,4,1.0,Rhodotorula mucilaginosa,marsh_tidalflat,China,112.0
236,7.393062,10.832929,5,0.5863008582085506,Rhodotorula mucilaginosa,,China,112.0
237,7.353912,10.822475,5,0.6506492223103659,Rhodotorula mucilaginosa,food,Italy,112.0
238,8.530391,9.858294,-1,0.0,Rhodotorula mucilaginosa,food,Italy,112.0
239,2.4031196,8.517453,6,1.0,Rhodotorula mucilaginosa,food,Italy,80.0
240,6.9256277,9.613758,5,0.5354152237130992,Rhodotorula mucilaginosa,insect,Italy,112.0
241,5.335375,6.6453376,-1,0.0,Rhodotorula mucilaginosa,marine,Italy,97.0
242,5.544722,5.936254,1,0.8600917580624358,Rhodotorula paludigena,plant,Italy,4.0
243,3.9304314,6.7054358,-1,0.0,Rhodotorula mucilaginosa,soil,Italy,112.0
245,6.227978,9.05209,4,1.0,Rhodotorula mucilaginosa,soil,Italy,112.0
246,3.9856484,10.532372,0,0.609087315729502,Rhodotorula mucilaginosa,insect,Italy,112.0
247,2.3762112,8.859941,6,1.0,Rhodotorula toruloides,soil,Italy,92.0
248,2.4755278,8.369339,6,1.0,Rhodotorula sp. clade XIII,soil,Italy,100.0
249,3.479061,6.952181,-1,0.0,Rhodotorula mucilaginosa,food,Italy,30.0
250,3.2313228,8.101583,6,1.0,Rhodotorula paludigena,marsh_tidalflat,Italy,72.0
253,7.039355,10.33543,5,1.0,Rhodotorula mucilaginosa,soil,Italy,112.0
254,3.3735433,10.24524,11,0.7224286252384857,Rhodotorula mucilaginosa,soil,Italy,112.0
255,2.4060218,9.496374,-1,0.0,Rhodotorula mucilaginosa,unknown,Italy,72.0
256,8.012106,10.424527,3,1.0,Rhodotorula mucilaginosa,unknown,Italy,112.0
257,8.012963,10.484644,3,1.0,Rhodotorula mucilaginosa,water,Italy,112.0
258,8.079837,10.449911,3,1.0,Rhodotorula mucilaginosa,food,Italy,112.0
261,7.8705955,9.197481,-1,0.0,Rhodotorula sphaerocarpa,,China,88.0
262,4.939688,9.395353,7,0.8944781951481354,Rhodotorula mucilaginosa,soil,Italy,83.0
263,4.180856,9.601756,7,1.0,Rhodotorula mucilaginosa,soil,Italy,96.0
264,4.6552076,9.664132,7,0.9079359867044678,Rhodotorula mucilaginosa,unknown,Italy,111.0
265,4.1273427,9.90306,7,1.0,Rhodotorula mucilaginosa,soil,Italy,111.0
266,6.943382,9.819432,5,0.5354152237130992,Rhodotorula sp. clade I,food,Italy,103.0
267,4.811889,6.1424193,2,1.0,Rhodotorula mucilaginosa,food,Italy,96.0
268,5.512611,9.697433,-1,0.0,Rhodotorula mucilaginosa,snow_ice,Italy,68.0
270,3.6643977,7.0996375,-1,0.0,Rhodotorula diobovata,,China,111.0
271,4.698052,9.78935,-1,0.0,Rhodotorula mucilaginosa,soil,Italy,88.0
272,3.679293,9.796822,11,0.9750086847261004,Rhodotorula mucilaginosa,soil,Italy,83.0
273,6.6833696,10.575329,5,0.7166748653261407,Rhodotorula toruloides,air_cloud,Italy,109.0
274,4.41405,8.074642,-1,0.0,Rhodotorula mucilaginosa,soil,Italy,64.0
275,4.3528337,8.183499,6,0.9468856108528214,Cystobasidium sp.,soil,Italy,47.0
276,7.8960414,9.963589,3,1.0,Rhodotorula mucilaginosa,soil,Italy,81.0
277,5.9014783,5.803863,1,1.0,Rhodotorula mucilaginosa,rock,Italy,113.0
278,7.789109,9.20481,-1,0.0,Rhodotorula sphaerocarpa,,China,75.0
279,5.636847,9.549577,-1,0.0,Rhodotorula mucilaginosa,,China,111.0
280,7.2990665,8.855932,-1,0.0,Rhodotorula mucilaginosa,soil,Italy,96.0
281,7.724027,9.452239,-1,0.0,Rhodotorula mucilaginosa,soil,Italy,74.0
282,5.246703,7.354381,8,1.0,Rhodotorula diobovata,marine,Italy,93.0
283,7.9103155,9.595443,-1,0.0,Rhodotorula mucilaginosa,unknown,Italy,66.0
284,5.8546014,5.843503,1,1.0,Rhodotorula kratochvilovae,built env,Italy,99.0
285,4.9749465,7.48442,-1,0.0,Rhodotorula mucilaginosa,soil,Italy,101.0
286,2.6237805,10.221785,10,1.0,Rhodotorula mucilaginosa,rock,Italy,93.0
287,2.3090062,9.68725,-1,0.0,Rhodotorula toruloides,,China,64.0
288,4.3723874,9.767853,7,1.0,Rhodotorula pacifica,,China,103.0
289,7.0636287,9.511047,5,0.5354152237130992,Rhodotorula mucilaginosa,soil,Italy,110.0
290,2.3063889,9.751457,-1,0.0,Rhodotorula mucilaginosa,soil,Italy,91.0
291,5.11554,9.2576,-1,0.0,Rhodotorula diobovata,marine,Italy,80.0
292,3.7869673,8.835855,-1,0.0,Rhodotorula graminis,plant,Italy,53.0
293,6.072197,10.858586,-1,0.0,Rhodotorula mucilaginosa,snow_ice,Italy,65.0
294,2.5317516,8.280303,6,1.0,Rhodotorula graminis,plant,Italy,73.0
295,4.581846,9.480105,7,1.0,Rhodotorula mucilaginosa,food,Italy,106.0
296,3.8714411,9.415215,11,0.7342452664292428,Rhodotorula mucilaginosa,,China,82.0
297,6.0050054,5.7842555,1,1.0,Rhodotorula diobovata,,China,45.0
298,5.1635346,8.941041,7,0.8944781951481354,Rhodotorula mucilaginosa,soil,Italy,65.0
299,2.2077212,9.874193,-1,0.0,Rhodotorula mucilaginosa,soil,Italy,80.0
300,4.670976,10.300867,-1,0.0,Rhodotorula mucilaginosa,unknown,Italy,88.0
301,4.9532332,6.4015546,2,1.0,Rhodotorula paludigena,marsh_tidalflat,Italy,55.0
302,4.139185,6.5228324,-1,0.0,Rhodotorula sp. clade XI,soil,Italy,104.0
303,5.3693886,7.7735434,8,0.8092113724256697,Rhodotorula mucilaginosa,unknown,Italy,83.0
304,5.9803042,8.914716,4,1.0,Rhodotorula mucilaginosa,,China,96.0
307,4.4390755,10.042301,7,1.0,Rhodotorula mucilaginosa,soil,Italy,111.0
308,2.2660983,9.32586,-1,0.0,Rhodotorula mucilaginosa,soil,Italy,93.0
309,3.6069696,7.131863,-1,0.0,Rhodotorula mucilaginosa,plant,Italy,111.0
310,5.5522947,6.2705593,1,1.0,Rhodotorula kratochvilovae,unknown,Italy,66.0
311,6.616166,6.559756,-1,0.0,Rhodotorula kratochvilovae,soil,Italy,59.0
312,7.2808876,9.401724,5,0.5354152237130992,Pseudomicrostroma phylloplanum,plant,Italy,84.0
313,3.770047,10.23926,-1,0.0,Rhodotorula mucilaginosa,soil,Italy,77.0
314,3.1361444,9.688682,11,1.0,Rhodotorula glutinis,air_cloud,Italy,73.0
315,2.1965747,9.827039,-1,0.0,Rhodotorula mucilaginosa,food,Italy,101.0
316,2.876887,8.371975,6,1.0,Rhodotorula evergladensis,soil,Italy,29.0
317,5.491231,8.462424,-1,0.0,Rhodotorula mucilaginosa,plant,Italy,98.0
318,7.7503858,10.586292,3,0.8456520691983505,Rhodotorula mucilaginosa,soil,Italy,78.0
320,3.448687,7.1357303,-1,0.0,Rhodotorula graminis,plant,America,46.0
321,6.546809,6.4641023,-1,0.0,Rhodotorula dairenensis,soil,America,82.0
322,2.28933,8.489686,6,1.0,Rhodotorula mucilaginosa,unknown,America,50.0
323,4.977432,7.5981703,-1,0.0,Rhodotorula sphaerocarpa,unknown,America,73.0
324,4.947892,6.481766,2,0.9634834723878141,Rhodotorula diobovata,unknown,America,42.0
325,4.34628,9.926872,7,1.0,Rhodotorula paludigena,plant,America,41.0
326,3.6455054,7.103852,-1,0.0,Rhodotorula araucariae,plant,America,68.0
327,6.576998,10.39153,5,0.5823793332326395,Rhodotorula evergladensis,,America,99.0
334,7.8607893,8.565285,-1,0.0,Rhodotorula mucilaginosa,,America,178.0
