trait,species,n,mean,median,sd,cv_pct,iqr,range
slope_logchroma_per_mM,Rhodotorula dairenensis,8,-0.008855430505360626,-0.0108737797420039,0.008092030118672796,91.37929673519875,0.008706303366709273,0.0263795691425575
slope_logchroma_per_mM,Rhodotorula diobovata,10,-0.027161311444394563,-0.02789774166989615,0.014226681903779442,52.378479341488074,0.016110706773143423,0.049034809395794
slope_logchroma_per_mM,Rhodotorula graminis,4,-0.030358608090055774,-0.0311228327577034,0.019935569097680426,65.66694045571376,0.013094899415553522,0.0487692617966145
slope_logchroma_per_mM,Rhodotorula kratochvilovae,3,-0.02205744489215643,-0.0221517957152863,0.016838755315010938,76.34046190453707,0.016838557064084797,0.0336771141281696
slope_logchroma_per_mM,Rhodotorula mucilaginosa,215,-0.02168013418353074,-0.020668684585331,0.012074681113891927,55.694678878253576,0.0158893275085851,0.08382023933230451
slope_logchroma_per_mM,Rhodotorula pacifica,3,-0.019570827099730334,-0.0215493144941159,0.004954503026661347,25.315756975491414,0.004648794571057054,0.0092975891421141
slope_logchroma_per_mM,Rhodotorula paludigena,16,-0.022400504441794263,-0.01916942129190135,0.011501658076367513,51.34553155378067,0.013675339846257125,0.0434327548166297
slope_logchroma_per_mM,Rhodotorula sp. clade I,8,-0.01565321192824695,-0.0175062238577249,0.018436903015297663,117.7835136955337,0.026746954772426824,0.050207783394032895
slope_logchroma_per_mM,Rhodotorula sphaerocarpa,8,-0.00921997754890845,-0.01200793163250095,0.01231665999092854,133.58665924719853,0.012821754935006502,0.0362086251660867
slope_logchroma_per_mM,Rhodotorula taiwanensis,6,-0.036223773294796514,-0.03233395208752555,0.010889295077320808,30.061183821744592,0.017361080723511925,0.024649698573695398
slope_logchroma_per_mM,Rhodotorula toruloides,10,-0.03463612694322592,-0.04051513822688995,0.012025986131814338,34.72093213980544,0.014498111775167827,0.0327351009712239
intercept_logchroma,Rhodotorula dairenensis,8,2.482887715217706,2.523921149659348,0.30831891457422517,12.417755047259195,0.22344240515762692,1.0064079426935493
intercept_logchroma,Rhodotorula diobovata,10,2.474661966365474,2.5175325942987135,0.20042484219929368,8.099079588379372,0.26272030916421807,0.6144208551026482
intercept_logchroma,Rhodotorula graminis,4,2.4145829642390115,2.4426411767237157,0.2602788330577272,10.779452887416424,0.20928018083086997,0.6287677464653729
intercept_logchroma,Rhodotorula kratochvilovae,3,2.2935140293727128,2.22220625066153,0.2325195263496977,10.138134032399746,0.224168977905832,0.44833795581166447
intercept_logchroma,Rhodotorula mucilaginosa,215,2.52764113103494,2.5531649403556687,0.19539841907463218,7.730465241900321,0.19669524593572607,1.5171466337333346
intercept_logchroma,Rhodotorula pacifica,3,2.5182373312927524,2.5021968693354237,0.030149147328026454,1.1972321652681246,0.026758153332277157,0.05351630666455476
intercept_logchroma,Rhodotorula paludigena,16,2.452394251147942,2.5085311592419997,0.2706843727409428,11.037555344710096,0.34997147854912525,1.081910534843331
intercept_logchroma,Rhodotorula sp. clade I,8,2.4002592624588126,2.5513684069098193,0.295821755354809,12.32457509826546,0.4935210123115623,0.7186124304221535
intercept_logchroma,Rhodotorula sphaerocarpa,8,2.337798536171036,2.341640808165767,0.3196677813061206,13.67388063428633,0.41110404217537067,0.8799195426938164
intercept_logchroma,Rhodotorula taiwanensis,6,2.737916135163429,2.7164588056640016,0.07337680244311072,2.6800237414405235,0.05224156594986207,0.20536226847849326
intercept_logchroma,Rhodotorula toruloides,10,2.387670886513826,2.3580121525232354,0.23793004658678335,9.964943155720201,0.33424924206115714,0.7670016580861658
l10med_fixed,Rhodotorula dairenensis,8,4.454658163396805,4.5078355103451795,0.18794368687192575,4.2190372409768315,0.19407357349668342,0.500853009226609
l10med_fixed,Rhodotorula diobovata,10,4.1038999682123265,4.227102877223821,0.36136682862798214,8.805449241624542,0.13560048242694123,1.1678874435386914
l10med_fixed,Rhodotorula graminis,3,4.0269066879215005,4.231209140050632,0.5335229560357538,13.24895254305317,0.5033310298974691,1.0066620597949383
l10med_fixed,Rhodotorula kratochvilovae,3,3.7454030912409872,3.698120279911177,0.12085739221702457,3.2268193642404497,0.1137091072344778,0.22741821446895516
l10med_fixed,Rhodotorula mucilaginosa,215,4.463936230199273,4.491239155034826,0.14328990302651387,3.209945116534904,0.13964291994279954,1.3013614115977243
l10med_fixed,Rhodotorula pacifica,3,4.475306229627617,4.463279169784333,0.0242454921822372,0.5417616345832637,0.021894206192585308,0.043788412385171505
l10med_fixed,Rhodotorula paludigena,12,3.927917373062632,4.112516622994735,0.5258306421580813,13.38700874321311,0.843393294089311,1.4570065743965541
l10med_fixed,Rhodotorula sp. clade I,7,3.846847793428649,3.653806777746784,0.6795893676134291,17.666136122524343,0.9612442389588658,1.8175062532716884
l10med_fixed,Rhodotorula sphaerocarpa,8,4.044747417904025,4.26545583839361,0.5946824752712457,14.702586189656516,0.20592957666908074,1.7748962968706152
l10med_fixed,Rhodotorula taiwanensis,6,3.9954296275505476,4.05489639131795,0.35242949181109123,8.820815898768638,0.4527237668063222,0.93940145101464
l10med_fixed,Rhodotorula toruloides,10,4.317752148299589,4.275428916318286,0.14213790704575102,3.2919422459607266,0.17741281207331827,0.4821556646424412
partial_slope_sd_cu,Rhodotorula dairenensis,8,-0.0023311560805014623,-0.0002801597303883,0.00565327354902167,242.50943968563342,0.004052882365113675,0.0169571892984762
partial_slope_sd_cu,Rhodotorula diobovata,10,0.00908506053559505,0.0057360383275023,0.024471244437098583,269.3569772179374,0.03473492805356378,0.0736837139152913
partial_slope_sd_cu,Rhodotorula graminis,3,-0.0810133536153094,-0.0981736362992659,0.06208083244970109,76.6303697838395,0.06027581008416964,0.12055162016833929
partial_slope_sd_cu,Rhodotorula kratochvilovae,3,-0.008908643305882034,-0.0001016500811521,0.03587824412213338,402.7352189355742,0.0350581809859278,0.0701163619718556
partial_slope_sd_cu,Rhodotorula mucilaginosa,215,0.001007910245951042,0.000240735233725,0.011190231784794641,1110.2408998963776,0.00632673247073735,0.11676148280028299
partial_slope_sd_cu,Rhodotorula pacifica,3,0.0048768261848438,0.008106162787453,0.006076418571447459,124.59780892605426,0.0053945714830483,0.0107891429660966
partial_slope_sd_cu,Rhodotorula paludigena,12,-0.0250627850918386,-0.0246445129455907,0.02033570799583574,81.13905905237092,0.023163010100781076,0.0770057518145028
partial_slope_sd_cu,Rhodotorula sp. clade I,7,-0.003722187793258671,-0.00269218228232,0.02140818986885389,575.1507193599068,0.019661511058864153,0.0658103229763526
partial_slope_sd_cu,Rhodotorula sphaerocarpa,8,-3.104437429555726e-05,0.00309434483537505,0.017355535535164845,55905.573647359946,0.016606330397387917,0.05234155457777
partial_slope_sd_cu,Rhodotorula taiwanensis,6,0.022500739513117984,0.01364857908253115,0.01986329878898535,88.27842648196074,0.0241051508350053,0.0487425494014219
partial_slope_sd_cu,Rhodotorula toruloides,10,0.008463952849170741,0.00536522222574815,0.03367607859715667,397.87649101159747,0.013075742581721074,0.13494762225055779
pace_loglog,Rhodotorula dairenensis,8,0.5178544669674147,0.48624729042463866,0.12617195278244492,24.364365054397442,0.19945692620868277,0.34177115279450576
pace_loglog,Rhodotorula diobovata,10,0.13974076319418627,0.22740067364813746,0.3327341013579025,238.10811802675588,0.1647837635740646,1.1599863843197338
pace_loglog,Rhodotorula glutinis,3,0.6827299227969753,0.6610805385105083,0.08832693989162936,12.937317809328727,0.08631411489804064,0.17262822979608128
pace_loglog,Rhodotorula graminis,3,0.23732562084008582,0.0931045610446207,0.3099512641806075,130.60168686526183,0.2836723472613455,0.567344694522691
pace_loglog,Rhodotorula kratochvilovae,3,0.28149661056640807,0.2328424103200491,0.20116882193278351,71.46402989648986,0.19670656195616448,0.3934131239123289
pace_loglog,Rhodotorula mucilaginosa,216,0.4723049641876916,0.4218298339052685,0.20557598271524238,43.526110945881896,0.16553598390196567,1.874251678356616
pace_loglog,Rhodotorula pacifica,3,0.3491780354004958,0.3642120015938315,0.11803289034365744,33.803068457120325,0.1173126084368219,0.23462521687364374
pace_loglog,Rhodotorula paludigena,16,0.2989696633042537,0.2827570431071584,0.18555335821058122,62.064276408455655,0.22718526669907246,0.7160693763340686
pace_loglog,Rhodotorula sp. clade I,8,0.33542870146494685,0.33397328438537743,0.04968130326783427,14.811285692266885,0.07018152139813938,0.1446580905460787
pace_loglog,Rhodotorula sphaerocarpa,8,0.423525652271626,0.43996313848881463,0.1244566316529919,29.385854430647875,0.13746696300322647,0.38901355516777236
pace_loglog,Rhodotorula taiwanensis,6,0.39638519579465914,0.3667525239944094,0.1303305775872354,32.87977930809278,0.11804191554738203,0.3534554483144597
pace_loglog,Rhodotorula toruloides,10,0.25911971790764293,0.2650736857412486,0.2534281998491519,97.80351796287474,0.3179978078948881,0.8714373173515072
