"strain_id","strain_code","tip_label","tiplab","species","origin","environment","species.sp","slope_logchroma_per_mM","intercept_logchroma","r2","l10med_fixed","partial_slope_sd_cu","pace_loglog"
1,"TFCN_17-291Y-1","Rhodotorula_mucilaginosa_TFCN_17-291Y-1.proteins","Rhodotorula_mucilaginosa_TFCN_17-291Y-1","Rhodotorula mucilaginosa","China","marsh_tidalflat","Rhodotorula mucilaginosa",-0.0250756709206092,2.54462125848527,0.543441700947651,4.41114841722323,-0.000140866521942728,0.431487628569857
2,"TFCN_134A-3","Rhodotorula_mucilaginosa_TFCN_134A-3.proteins","Rhodotorula_mucilaginosa_TFCN_134A-3","Rhodotorula mucilaginosa","China","marsh_tidalflat","Rhodotorula mucilaginosa",-0.0190466268820363,2.55979957239326,0.416184637667419,4.45716795684046,-0.00297546984098546,0.779909283853161
3,"TFCN_98A-5","Rhodotorula_mucilaginosa_TFCN_98A-5.proteins","Rhodotorula_mucilaginosa_TFCN_98A-5","Rhodotorula mucilaginosa","China","marsh_tidalflat","Rhodotorula mucilaginosa",0.00936436815696134,2.04950366189955,0.0322159451714878,4.44574519046277,-0.00914447567535713,0.236090669227437
4,"TFCN_102C-2","Rhodotorula_mucilaginosa_TFCN_102C-2.proteins","Rhodotorula_mucilaginosa_TFCN_102C-2","Rhodotorula mucilaginosa","China","marsh_tidalflat","Rhodotorula mucilaginosa",-0.0206703773157353,2.58410407427511,0.486273768237573,4.47656732436703,-0.00726825203588607,0.74055799092233
5,"TFCN_105A-2","Rhodotorula_mucilaginosa_TFCN_105A-2.proteins","Rhodotorula_mucilaginosa_TFCN_105A-2","Rhodotorula mucilaginosa","China","marsh_tidalflat","Rhodotorula mucilaginosa",-0.016901348865518,2.49499189440986,0.269838895550218,4.45742100618454,0.0175983743241686,0.293237847098438
6,"TFCN_17-334Y-2","Rhodotorula_mucilaginosa_TFCN_17-334Y-2.proteins","Rhodotorula_mucilaginosa_TFCN_17-334Y-2","Rhodotorula mucilaginosa","China","marsh_tidalflat","Rhodotorula mucilaginosa",-0.0244878760937636,2.52099522968775,0.503864241951967,4.48329644817495,-0.00123179397896569,0.467020838090097
7,"TFCN_17-329Y-4","Rhodotorula_mucilaginosa_TFCN_17-329Y-4.proteins","Rhodotorula_mucilaginosa_TFCN_17-329Y-4","Rhodotorula mucilaginosa","China","marsh_tidalflat","Rhodotorula mucilaginosa",-0.024512506092527,2.51909177980275,0.391508485713231,4.41147923259372,0.00543808103097885,0.304428848209448
8,"TFCN_107A-6","Rhodotorula_mucilaginosa_TFCN_107A-6.proteins","Rhodotorula_mucilaginosa_TFCN_107A-6","Rhodotorula mucilaginosa","China","marsh_tidalflat","Rhodotorula mucilaginosa",-0.0450540648809084,2.72817035234106,0.629265229017936,4.33381114690422,-0.00376219253357229,0.0880311916392002
9,"TFCN_17-390M-1","Rhodotorula_mucilaginosa_TFCN_17-390M-1.proteins","Rhodotorula_mucilaginosa_TFCN_17-390M-1","Rhodotorula mucilaginosa","China","marsh_tidalflat","Rhodotorula mucilaginosa",-0.0267283814306351,2.65663455982131,0.538954813741659,4.49697854748003,0.00361024003059067,0.532100654436147
10,"TFCN_86C-9","Rhodotorula_sphaerocarpa_TFCN_86C-9.proteins","Rhodotorula_sphaerocarpa_TFCN_86C-9","Rhodotorula sphaerocarpa","China","marsh_tidalflat","Rhodotorula sphaerocarpa",-0.00784771133976156,2.22020754510388,0.0161078118655071,4.22589383555583,0.0125928794997951,0.466579183201656
11,"TFCN_122C-2","Rhodotorula_mucilaginosa_TFCN_122C-2.proteins","Rhodotorula_mucilaginosa_TFCN_122C-2","Rhodotorula mucilaginosa","China","marsh_tidalflat","Rhodotorula mucilaginosa",-0.0108128626817148,2.37182369704937,0.346795450715828,4.57931458380093,0.000688779264985536,0.488926679818662
12,"TFCN_4M-1-3","Rhodotorula_mucilaginosa_TFCN_4M-1-3.proteins","Rhodotorula_mucilaginosa_TFCN_4M-1-3","Rhodotorula mucilaginosa","China","marsh_tidalflat","Rhodotorula mucilaginosa",-0.0113615733264623,2.5296450273605,0.410092267951027,4.55012650086875,0.00346374405242531,0.474970551629743
13,"TFCN_141C-2","Rhodotorula_mucilaginosa_TFCN_141C-2.proteins","Rhodotorula_mucilaginosa_TFCN_141C-2","Rhodotorula mucilaginosa","China","marsh_tidalflat","Rhodotorula mucilaginosa",-0.0121058972561482,2.53000642769793,0.538373946451044,4.50917653505626,0.0106217753622068,0.89314957632103
14,"TFCN_130D-4","Rhodotorula_mucilaginosa_TFCN_130D-4.proteins","Rhodotorula_mucilaginosa_TFCN_130D-4","Rhodotorula mucilaginosa","China","marsh_tidalflat","Rhodotorula mucilaginosa",-0.0233218285498318,2.54043580246202,0.431882886037634,4.4304635033543,-0.000851344137566397,0.390550222173781
15,"TFCN_3M-1-1","Rhodotorula_mucilaginosa_TFCN_3M-1-1.proteins","Rhodotorula_mucilaginosa_TFCN_3M-1-1","Rhodotorula mucilaginosa","China","marsh_tidalflat","Rhodotorula mucilaginosa",-0.0189474275317214,2.62654012743999,0.266218143824887,4.48349656364746,-0.00476197163689369,0.492139686163814
16,"TFCN_186DK3-2","Rhodotorula_sp._clade_XI_TFCN_186DK3-2.proteins","Rhodotorula_sp._clade_XI_TFCN_186DK3-2","Rhodotorula sp. clade XI","China","marsh_tidalflat","Rhodotorula sp. clade XI",-0.0111653737209478,2.39669320394776,0.232594158299026,4.44724516413442,-0.00448479785526097,0.379474506723845
17,"TFCN_7-9-3","Rhodotorula_diobovata_TFCN_7-9-3.proteins","Rhodotorula_diobovata_TFCN_7-9-3","Rhodotorula diobovata","China","marsh_tidalflat","Rhodotorula diobovata",-0.0336244942724961,2.5318419720402,0.451920490743333,4.26161059534239,0.0282209950609334,0.313774463990995
18,"TFCN_25-395P-1","Rhodotorula_mucilaginosa_TFCN_25-395P-1.proteins","Rhodotorula_mucilaginosa_TFCN_25-395P-1","Rhodotorula mucilaginosa","China","marsh_tidalflat","Rhodotorula mucilaginosa",-0.027486955739701,2.49666412155045,0.391941991264381,4.40781544160021,0.000217030666771699,0.5187549517584
19,"TFCN_152A-12","Rhodotorula_mucilaginosa_TFCN_152A-12.proteins","Rhodotorula_mucilaginosa_TFCN_152A-12","Rhodotorula mucilaginosa","China","marsh_tidalflat","Rhodotorula mucilaginosa",-0.0132427394411934,2.55316494035567,0.609109962505304,4.50253146496677,-0.00385338384135048,0.49045435530293
20,"TFCN_102D-1","Rhodotorula_mucilaginosa_TFCN_102D-1.proteins","Rhodotorula_mucilaginosa_TFCN_102D-1","Rhodotorula mucilaginosa","China","marsh_tidalflat","Rhodotorula mucilaginosa",-0.0154743335984171,2.31910685348841,0.0696425114013716,4.38599095324386,-0.0100505392211313,0.744901075339039
21,"TFCN_4M-1-2","Rhodotorula_mucilaginosa_TFCN_4M-1-2.proteins","Rhodotorula_mucilaginosa_TFCN_4M-1-2","Rhodotorula mucilaginosa","China","marsh_tidalflat","Rhodotorula mucilaginosa",-0.0323429674394821,2.55846278657646,0.610487576230305,4.32014167836296,0.0213305025521853,0.895872247553421
22,"TFCN_209-6-11","Rhodotorula_mucilaginosa_TFCN_209-6-11.proteins","Rhodotorula_mucilaginosa_TFCN_209-6-11","Rhodotorula mucilaginosa","China","marsh_tidalflat","Rhodotorula mucilaginosa",-0.0276543956834161,2.5404964979764,0.39344942692886,4.35949928051468,0.00889351558826844,0.219208253334188
23,"TFCN_110C-1","Rhodotorula_mucilaginosa_TFCN_110C-1.proteins","Rhodotorula_mucilaginosa_TFCN_110C-1","Rhodotorula mucilaginosa","China","marsh_tidalflat","Rhodotorula mucilaginosa",-0.00152770419623485,2.05362249974339,0.00106418473792474,3.5657068878611,-0.013335269151939,0.376479143022467
24,"TFCN_17-337P-5","Rhodotorula_mucilaginosa_TFCN_17-337P-5.proteins","Rhodotorula_mucilaginosa_TFCN_17-337P-5","Rhodotorula mucilaginosa","China","marsh_tidalflat","Rhodotorula mucilaginosa",-0.0165659785396088,2.58156815764484,0.590634540092676,4.59737308100025,0.0024330574423815,0.470881537950219
25,"TFCN_137C-3","Rhodotorula_mucilaginosa_TFCN_137C-3.proteins","Rhodotorula_mucilaginosa_TFCN_137C-3","Rhodotorula mucilaginosa","China","marsh_tidalflat","Rhodotorula mucilaginosa",-0.00419574765901874,2.15158570440951,0.00626686369621936,4.43027656683662,0.00210170927806687,0.602179787617773
26,"TFCN_212C-2","Rhodotorula_mucilaginosa_TFCN_212C-2.proteins","Rhodotorula_mucilaginosa_TFCN_212C-2","Rhodotorula mucilaginosa","China","marsh_tidalflat","Rhodotorula mucilaginosa",-0.0206297691158628,2.54333601387071,0.421377808760683,4.48955227374143,0.00609034612143981,0.767017501203549
27,"TFCN_25-0-2E390-1","Rhodotorula_mucilaginosa_TFCN_25-0-2E390-1.proteins","Rhodotorula_mucilaginosa_TFCN_25-0-2E390-1","Rhodotorula mucilaginosa","China","marsh_tidalflat","Rhodotorula mucilaginosa",-0.0157949394068624,2.51851490004272,0.395684275110255,4.49412889568887,-0.000630246483745602,0.478113159252997
28,"TFCN_1A-1-3","Rhodotorula_pacifica_TFCN_1A-1-3.proteins","Rhodotorula_pacifica_TFCN_1A-1-3","Rhodotorula pacifica","China","marsh_tidalflat","Rhodotorula pacifica",-0.0232303779735946,2.50219686933542,0.22065659104075,4.46327916978433,0.00865672936658754,0.224348443867006
30,"TFCN_2M-1-4","Rhodotorula_mucilaginosa_TFCN_2M-1-4.proteins","Rhodotorula_mucilaginosa_TFCN_2M-1-4","Rhodotorula mucilaginosa","China","marsh_tidalflat","Rhodotorula mucilaginosa",-0.0404510568313674,2.74910336515835,0.634092022137335,4.39845789881211,0.00177348996790681,0.485891482517192
31,"TFCN_340-3","Rhodotorula_mucilaginosa_TFCN_340-3.proteins","Rhodotorula_mucilaginosa_TFCN_340-3","Rhodotorula mucilaginosa","China","marsh_tidalflat","Rhodotorula mucilaginosa",-0.0334297304872574,2.63712710158464,0.654223901352188,4.40668861005102,-0.00240316734283611,0.361951621534634
32,"TFCN_100D-1","Rhodotorula_mucilaginosa_TFCN_100D-1.proteins","Rhodotorula_mucilaginosa_TFCN_100D-1","Rhodotorula mucilaginosa","China","marsh_tidalflat","Rhodotorula mucilaginosa",-0.0358361706990411,2.66330256016185,0.736446903963879,4.36402358614348,0.000619861281907082,0.328498553605848
33,"TFCN_340-1","Rhodotorula_mucilaginosa_TFCN_340-1.proteins","Rhodotorula_mucilaginosa_TFCN_340-1","Rhodotorula mucilaginosa","China","marsh_tidalflat","Rhodotorula mucilaginosa",-0.0341783858604626,2.57916852755296,0.581188666472882,4.35711927298159,-0.000657286718124291,0.727680609639998
36,"TFCN_17-267M-1","Rhodotorula_mucilaginosa_TFCN_17-267M-1.proteins","Rhodotorula_mucilaginosa_TFCN_17-267M-1","Rhodotorula mucilaginosa","China","marsh_tidalflat","Rhodotorula mucilaginosa",-0.020525806480311,2.3927989239852,0.623223975029758,4.48008611970299,0.00866100754139594,0.5551216469975
37,"TFCN_48A-15","Rhodotorula_paludigena_TFCN_48A-15.proteins","Rhodotorula_paludigena_TFCN_48A-15","Rhodotorula paludigena","China","marsh_tidalflat","Rhodotorula paludigena",-0.0341802364114025,2.51698133284103,0.709937045080611,4.10930099392802,-0.0350652671577991,0.388334578743461
38,"TFCN_25-332C-1","Rhodotorula_mucilaginosa_TFCN_25-332C-1.proteins","Rhodotorula_mucilaginosa_TFCN_25-332C-1","Rhodotorula mucilaginosa","China","marsh_tidalflat","Rhodotorula mucilaginosa",-0.0315769784143321,2.67907887288103,0.524725063832128,4.51784564746536,0.00807384177691784,0.699798386774066
39,"TFCN_17-334Y-3","Rhodotorula_mucilaginosa_TFCN_17-334Y-3.proteins","Rhodotorula_mucilaginosa_TFCN_17-334Y-3","Rhodotorula mucilaginosa","China","marsh_tidalflat","Rhodotorula mucilaginosa",-0.0372444190329865,2.64493815299516,0.72989943960553,4.48238283391474,-0.00117890037399002,0.399570491480517
41,"TFCN_107C-3","Rhodotorula_mucilaginosa_TFCN_107C-3.proteins","Rhodotorula_mucilaginosa_TFCN_107C-3","Rhodotorula mucilaginosa","China","marsh_tidalflat","Rhodotorula mucilaginosa",-0.0250182437590168,2.62008796668204,0.493112379710986,4.47354870235717,-0.00275068584075593,0.327178206465904
42,"TFCN_33A-4","Rhodotorula_mucilaginosa_TFCN_33A-4.proteins","Rhodotorula_mucilaginosa_TFCN_33A-4","Rhodotorula mucilaginosa","China","marsh_tidalflat","Rhodotorula mucilaginosa",0.00291756552209305,1.90175272406732,0.00498882655574993,4.2697034103684,0.0116541653019962,0.322174826668314
43,"TFCN_152D-4","Rhodotorula_toruloides_TFCN_152D-4.proteins","Rhodotorula_toruloides_TFCN_152D-4","Rhodotorula toruloides","China","marsh_tidalflat","Rhodotorula toruloides",-0.0150364891367105,1.95822181072345,0.06657055928814,4.30407761537459,0.00670863680107873,0.139146579255106
44,"TFCN_7-9-2","Rhodotorula_diobovata_TFCN_7-9-2.proteins","Rhodotorula_diobovata_TFCN_7-9-2","Rhodotorula diobovata","China","marsh_tidalflat","Rhodotorula diobovata",-0.0125112019584418,2.34551255165138,0.169581241620177,4.42985810660738,0.0339490862231223,0.220797161616345
45,"TFCN_17Y-278-1","Rhodotorula_mucilaginosa_TFCN_17Y-278-1.proteins","Rhodotorula_mucilaginosa_TFCN_17Y-278-1","Rhodotorula mucilaginosa","China","marsh_tidalflat","Rhodotorula mucilaginosa",-0.021936116566896,2.38194830877667,0.250378859961575,4.43027533797307,0.00292870563393793,0.43506719231532
46,"TFCN_43A-4","Rhodotorula_paludigena_TFCN_43A-4.proteins","Rhodotorula_paludigena_TFCN_43A-4","Rhodotorula paludigena","China","marsh_tidalflat","Rhodotorula paludigena",-0.0202369386840138,2.39276123482974,0.214514264522833,4.28021970100265,-0.0222238251141013,0.744269954423789
47,"TFCN_25-331D-1","Rhodotorula_mucilaginosa_TFCN_25-331D-1.proteins","Rhodotorula_mucilaginosa_TFCN_25-331D-1","Rhodotorula mucilaginosa","China","marsh_tidalflat","Rhodotorula mucilaginosa",-0.0130399155866054,2.41558014201087,0.153042582253112,4.4021612826384,0.00167271344199133,0.86181242624032
48,"TFCN_25-333C-2","Rhodotorula_mucilaginosa_TFCN_25-333C-2.proteins","Rhodotorula_mucilaginosa_TFCN_25-333C-2","Rhodotorula mucilaginosa","China","marsh_tidalflat","Rhodotorula mucilaginosa",-0.0328377396517536,2.55147528158595,0.367202451150709,4.32752941827585,0.0226384381309005,0.468871549390604
49,"TFCN_270H-2","Rhodotorula_mucilaginosa_TFCN_270H-2.proteins","Rhodotorula_mucilaginosa_TFCN_270H-2","Rhodotorula mucilaginosa","China","marsh_tidalflat","Rhodotorula mucilaginosa",-0.0449043600208317,2.77909965827643,0.781609464479372,4.37429038770411,-0.0069631414321451,0.407914751735997
50,"TFCN_118C-2","Rhodotorula_mucilaginosa_TFCN_118C-2.proteins","Rhodotorula_mucilaginosa_TFCN_118C-2","Rhodotorula mucilaginosa","China","marsh_tidalflat","Rhodotorula mucilaginosa",-0.0491851341214573,2.75276208212078,0.723602825729244,4.3864665011572,0.00217586269075468,0.467649642519722
51,"TFCN_25-334D-3","Rhodotorula_mucilaginosa_TFCN_25-334D-3.proteins","Rhodotorula_mucilaginosa_TFCN_25-334D-3","Rhodotorula mucilaginosa","China","marsh_tidalflat","Rhodotorula mucilaginosa",-0.0391314204862491,2.69418677518231,0.783279418979482,4.46498584382416,-0.0457374990369899,0.421426696993736
52,"TFCN_1A-14","Rhodotorula_mucilaginosa_TFCN_1A-14.proteins","Rhodotorula_mucilaginosa_TFCN_1A-14","Rhodotorula mucilaginosa","China","","Rhodotorula mucilaginosa",-0.013877799597413,2.48407433249005,0.348827037648743,4.42532258500484,-0.0187641198479182,0.7071856911118
53,"TFCN_211A-3","Rhodotorula_mucilaginosa_TFCN_211A-3.proteins","Rhodotorula_mucilaginosa_TFCN_211A-3","Rhodotorula mucilaginosa","China","marsh_tidalflat","Rhodotorula mucilaginosa",-0.0363397347898118,2.70689454027068,0.707899614157856,4.37589351065833,0.00137794386242571,0.519277712902645
54,"TFCN_17-0-2E390-1","Rhodotorula_mucilaginosa_TFCN_17-0-2E390-1.proteins","Rhodotorula_mucilaginosa_TFCN_17-0-2E390-1","Rhodotorula mucilaginosa","China","marsh_tidalflat","Rhodotorula mucilaginosa",-0.0191539973483438,2.55237884077184,0.482276498101219,4.50026183155169,0.00172543899341115,0.605922674911962
55,"TFCN_172A-1","Rhodotorula_mucilaginosa_TFCN_172A-1.proteins","Rhodotorula_mucilaginosa_TFCN_172A-1","Rhodotorula mucilaginosa","China","marsh_tidalflat","Rhodotorula mucilaginosa",-0.0266271654200156,2.47542746959027,0.442439357898425,4.47432561925744,0.00745007292926156,0.359498596321564
56,"TFCN_22C-4","Rhodotorula_mucilaginosa_TFCN_22C-4.proteins","Rhodotorula_mucilaginosa_TFCN_22C-4","Rhodotorula mucilaginosa","China","marsh_tidalflat","Rhodotorula mucilaginosa",-0.0336444562464522,2.6325878846993,0.503215789345131,4.46780736090817,-0.000727598926114819,0.549536709212399
57,"TFCN_98D-11","Rhodotorula_mucilaginosa_TFCN_98D-11.proteins","Rhodotorula_mucilaginosa_TFCN_98D-11","Rhodotorula mucilaginosa","China","","Rhodotorula mucilaginosa",-0.0170414820558662,2.52790029768205,0.299098447768528,4.48738943400311,0.0103229896692607,0.319207887128515
58,"TFCN_25-332Y-1","Rhodotorula_mucilaginosa_TFCN_25-332Y-1.proteins","Rhodotorula_mucilaginosa_TFCN_25-332Y-1","Rhodotorula mucilaginosa","China","marsh_tidalflat","Rhodotorula mucilaginosa",-0.0259311388704252,2.61771607853086,0.549761300093638,4.49442960246852,-0.00159208156980886,0.681310495424149
59,"TFCN_25-333Y-9","Rhodotorula_mucilaginosa_TFCN_25-333Y-9.proteins","Rhodotorula_mucilaginosa_TFCN_25-333Y-9","Rhodotorula mucilaginosa","China","marsh_tidalflat","Rhodotorula mucilaginosa",-0.0300051217046203,2.62370761986735,0.602061474796384,4.46625641927923,0.00134761876203991,0.999654785956943
60,"TFCN_25-325Y-1","Rhodotorula_mucilaginosa_TFCN_25-325Y-1.proteins","Rhodotorula_mucilaginosa_TFCN_25-325Y-1","Rhodotorula mucilaginosa","China","marsh_tidalflat","Rhodotorula mucilaginosa",-0.0135014445771257,2.48937127774025,0.446950457072801,4.4787365553998,0.000369783760269762,0.383418313105704
61,"TFCN_152A-6","Rhodotorula_toruloides_TFCN_152A-6.proteins","Rhodotorula_toruloides_TFCN_152A-6","Rhodotorula toruloides","China","marsh_tidalflat","Rhodotorula toruloides",-0.0386280703496865,2.51845254954694,0.572406037133204,4.24678021726198,0.00402180765041769,0.715140290955075
62,"TFCN_17-338D-3","Rhodotorula_mucilaginosa_TFCN_17-338D-3.proteins","Rhodotorula_mucilaginosa_TFCN_17-338D-3","Rhodotorula mucilaginosa","China","marsh_tidalflat","Rhodotorula mucilaginosa",-0.00756287827843381,2.31451860455843,0.0417396417107348,4.47166189188062,0.0142892374875706,0.367318270002565
63,"TFCN_17-0-2E390-2","Rhodotorula_mucilaginosa_TFCN_17-0-2E390-2.proteins","Rhodotorula_mucilaginosa_TFCN_17-0-2E390-2","Rhodotorula mucilaginosa","China","","Rhodotorula mucilaginosa",-0.0279033147818294,2.61115518370855,0.583009728423058,4.40343387811905,0.0153693546451366,0.884120605181665
64,"TFCN_140A-3","Rhodotorula_mucilaginosa_TFCN_140A-3.proteins","Rhodotorula_mucilaginosa_TFCN_140A-3","Rhodotorula mucilaginosa","China","marsh_tidalflat","Rhodotorula mucilaginosa",-0.0409275690852117,2.68349903377875,0.540639893509341,4.43472973632057,0.00563326793127664,0.368855790615998
66,"TFCN_209-6-5","Rhodotorula_mucilaginosa_TFCN_209-6-5.proteins","Rhodotorula_mucilaginosa_TFCN_209-6-5","Rhodotorula mucilaginosa","China","marsh_tidalflat","Rhodotorula mucilaginosa",-0.020292689369041,2.56729199320114,0.44699977417285,4.49611254389691,-0.000104336664631481,0.449793476974511
67,"TFCN_17-333P-6","Rhodotorula_mucilaginosa_TFCN_17-333P-6.proteins","Rhodotorula_mucilaginosa_TFCN_17-333P-6","Rhodotorula mucilaginosa","China","marsh_tidalflat","Rhodotorula mucilaginosa",-0.0211653013344854,2.58463880967777,0.678794681113514,4.56078711442829,0.00390963351030696,0.442469758784804
68,"TFCN_17-325D-2","Rhodotorula_mucilaginosa_TFCN_17-325D-2.proteins","Rhodotorula_mucilaginosa_TFCN_17-325D-2","Rhodotorula mucilaginosa","China","marsh_tidalflat","Rhodotorula mucilaginosa",-0.0194298313763796,2.52767093026636,0.218430886796715,4.51017564825571,0.0109573985804351,0.747748735297057
69,"TFCN_17-325P-1","Rhodotorula_mucilaginosa_TFCN_17-325P-1.proteins","Rhodotorula_mucilaginosa_TFCN_17-325P-1","Rhodotorula mucilaginosa","China","marsh_tidalflat","Rhodotorula mucilaginosa",-0.0165909290344076,2.46846527663133,0.339032529132207,4.50171656864993,-0.00235526477428928,0.370618858120781
71,"TFCN_7W-292-3","Rhodotorula_dairenensis_TFCN_7W-292-3.proteins","Rhodotorula_dairenensis_TFCN_7W-292-3","Rhodotorula dairenensis","China","marsh_tidalflat","Rhodotorula dairenensis",-0.00462413473167164,2.40104545101824,0.0580787264140839,4.46651190591023,-0.00660899778832641,0.423284805500083
72,"TFCN_89D-3","Rhodotorula_mucilaginosa_TFCN_89D-3.proteins","Rhodotorula_mucilaginosa_TFCN_89D-3","Rhodotorula mucilaginosa","China","marsh_tidalflat","Rhodotorula mucilaginosa",-0.0394895467416541,2.71295000066215,0.682909424994456,4.35592353676778,0.0331073957693906,0.282602273802534
73,"TFCN_138A-1","Rhodotorula_mucilaginosa_TFCN_138A-1.proteins","Rhodotorula_mucilaginosa_TFCN_138A-1","Rhodotorula mucilaginosa","China","marsh_tidalflat","Rhodotorula mucilaginosa",-0.0137808522142027,2.47089948886867,0.465114047450808,4.51348467541971,0.000198904767692458,0.334868765335154
74,"TFCN_209-6-17","Rhodotorula_mucilaginosa_TFCN_209-6-17.proteins","Rhodotorula_mucilaginosa_TFCN_209-6-17","Rhodotorula mucilaginosa","China","marsh_tidalflat","Rhodotorula mucilaginosa",-0.0106099983193063,2.45197269902053,0.364824361593485,4.55183590149192,0.000440051631588965,0.510253034733969
75,"TFCN_137D-4","Rhodotorula_mucilaginosa_TFCN_137D-4.proteins","Rhodotorula_mucilaginosa_TFCN_137D-4","Rhodotorula mucilaginosa","China","marsh_tidalflat","Rhodotorula mucilaginosa",-0.0199471044361038,2.54995290063108,0.653312633817346,4.50749796767547,0.000475302590818203,0.892854691029705
76,"TFCN_25-337Y-1","Rhodotorula_mucilaginosa_TFCN_25-337Y-1.proteins","Rhodotorula_mucilaginosa_TFCN_25-337Y-1","Rhodotorula mucilaginosa","China","marsh_tidalflat","Rhodotorula mucilaginosa",-0.0212419527808446,2.61076944126353,0.407046810919185,4.47199771504538,0.00167533047701351,0.794382374333947
77,"TFCN_209-6-2","Rhodotorula_mucilaginosa_TFCN_209-6-2.proteins","Rhodotorula_mucilaginosa_TFCN_209-6-2","Rhodotorula mucilaginosa","China","","Rhodotorula mucilaginosa",-0.0133131660968633,2.48581952559059,0.517996210863418,4.51759697823416,0.000240735233725082,0.347808801793411
78,"TFCN_25-332P-2","Rhodotorula_mucilaginosa_TFCN_25-332P-2.proteins","Rhodotorula_mucilaginosa_TFCN_25-332P-2","Rhodotorula mucilaginosa","China","marsh_tidalflat","Rhodotorula mucilaginosa",-0.021141822886023,2.47820339836108,0.746931365665534,4.46272562586361,-0.00770067600628759,0.353677748012015
79,"TFCN_98C-7","Rhodotorula_mucilaginosa_TFCN_98C-7.proteins","Rhodotorula_mucilaginosa_TFCN_98C-7","Rhodotorula mucilaginosa","China","marsh_tidalflat","Rhodotorula mucilaginosa",-0.044169464656613,2.6140802300458,0.812039825047852,4.32086308506085,0.00051546731906709,0.585532072946909
80,"TFCN_1B-1-2","Rhodotorula_pacifica_TFCN_1B-1-2.proteins","Rhodotorula_pacifica_TFCN_1B-1-2","Rhodotorula pacifica","China","marsh_tidalflat","Rhodotorula pacifica",-0.0139327888314805,2.49949940893914,0.26206740383972,4.50321396574185,0.00810616278745302,0.364212001593831
81,"TFCN_98C-5","Rhodotorula_mucilaginosa_TFCN_98C-5.proteins","Rhodotorula_mucilaginosa_TFCN_98C-5","Rhodotorula mucilaginosa","China","marsh_tidalflat","Rhodotorula mucilaginosa",-0.0363795454659469,2.69666110162627,0.582352497970116,4.44288942483421,0.00494318431953605,0.703948240971254
83,"TFCN_152A-2","Rhodotorula_mucilaginosa_TFCN_152A-2.proteins","Rhodotorula_mucilaginosa_TFCN_152A-2","Rhodotorula mucilaginosa","China","marsh_tidalflat","Rhodotorula mucilaginosa",-0.0284784397946392,2.47100709332444,0.246631044190458,4.36453159043874,-0.016423265441193,0.349663598887163
85,"TFCN_48A-3","Rhodotorula_paludigena_TFCN_48A-3.proteins","Rhodotorula_paludigena_TFCN_48A-3","Rhodotorula paludigena","China","marsh_tidalflat","Rhodotorula paludigena",-0.0213102391212404,2.50008098564297,0.676664971444995,4.33100769364632,-0.0265062673633006,0.31367817331304
86,"TFCN_25-333Y-10","Rhodotorula_mucilaginosa_TFCN_25-333Y-10.proteins","Rhodotorula_mucilaginosa_TFCN_25-333Y-10","Rhodotorula mucilaginosa","China","","Rhodotorula mucilaginosa",-0.0218744125709513,2.3528491578,0.386414635556944,4.40514604786395,-0.0101385041746005,0.405011752162467
88,"TFCN_152C-3","Rhodotorula_toruloides_TFCN_152C-3.proteins","Rhodotorula_toruloides_TFCN_152C-3","Rhodotorula toruloides","China","","Rhodotorula toruloides",-0.0307469497367873,2.20557158459119,0.222042785690816,4.35342571221762,-0.0127355775867709,0.391000792227391
89,"TFCN_4M-1-5","Rhodotorula_mucilaginosa_TFCN_4M-1-5.proteins","Rhodotorula_mucilaginosa_TFCN_4M-1-5","Rhodotorula mucilaginosa","China","marsh_tidalflat","Rhodotorula mucilaginosa",-0.00136079853796398,2.17853794701549,0.000875730544471801,4.48847107468872,-0.00188331988132064,0.328090891614352
91,"TFCN_25-335P-1","Rhodotorula_diobovata_TFCN_25-335P-1.proteins","Rhodotorula_diobovata_TFCN_25-335P-1","Rhodotorula diobovata","China","marsh_tidalflat","Rhodotorula diobovata",-0.0503183596594137,2.73879565478051,0.671053075657661,4.19259515910525,0.00442662979276235,0.286456767076748
92,"TFCN_S22D-1","Rhodotorula_taiwanensis_TFCN_S22D-1.proteins","Rhodotorula_taiwanensis_TFCN_S22D-1","Rhodotorula taiwanensis","China","marsh_tidalflat","Rhodotorula taiwanensis",-0.0257872407968396,2.7194718568455,0.864073585069921,4.09889370053108,0.0088432309108136,0.362367154867596
94,"TFCN_48D-4","Rhodotorula_paludigena_TFCN_48D-4.proteins","Rhodotorula_paludigena_TFCN_48D-4","Rhodotorula paludigena","China","marsh_tidalflat","Rhodotorula paludigena",-0.0243902722157126,2.57751195505017,0.738428554065878,NA,NA,0.220467477789345
95,"TFCN_86A-3","Rhodotorula_mucilaginosa_TFCN_86A-3.proteins","Rhodotorula_mucilaginosa_TFCN_86A-3","Rhodotorula mucilaginosa","China","marsh_tidalflat","Rhodotorula mucilaginosa",-0.0133021534981552,2.4171531560514,0.100756844606385,4.55752140542675,-0.00567743489674905,0.428085406506658
96,"TFCN_152A-4","Rhodotorula_toruloides_TFCN_152A-4.proteins","Rhodotorula_toruloides_TFCN_152A-4","Rhodotorula toruloides","China","marsh_tidalflat","Rhodotorula toruloides",-0.0435418371120584,2.27369703647791,0.306318545946965,4.41283745523907,0.0020896796035312,0.053784826058347
97,"TFCN_17-332P-1","Rhodotorula_mucilaginosa_TFCN_17-332P-1.proteins","Rhodotorula_mucilaginosa_TFCN_17-332P-1","Rhodotorula mucilaginosa","China","marsh_tidalflat","Rhodotorula mucilaginosa",-0.0213290562848372,2.51980152883179,0.586054617623389,4.50299355357919,0.0021617964297783,0.353009597744901
98,"TFCN_4M-1-4","Rhodotorula_mucilaginosa_TFCN_4M-1-4.proteins","Rhodotorula_mucilaginosa_TFCN_4M-1-4","Rhodotorula mucilaginosa","China","marsh_tidalflat","Rhodotorula mucilaginosa",-0.0232852319531662,2.65074920417004,0.457628742418691,4.56455452019068,0.00457482050372707,0.40639699971083
99,"TFCN_102C-1","Rhodotorula_mucilaginosa_TFCN_102C-1.proteins","Rhodotorula_mucilaginosa_TFCN_102C-1","Rhodotorula mucilaginosa","China","marsh_tidalflat","Rhodotorula mucilaginosa",-0.0105675636287636,2.58541043153339,0.472102583285905,4.55269210202542,-0.00399922245395577,0.311772294554564
100,"TFCN_404D-1","Rhodotorula_mucilaginosa_TFCN_404D-1.proteins","Rhodotorula_mucilaginosa_TFCN_404D-1","Rhodotorula mucilaginosa","China","marsh_tidalflat","Rhodotorula mucilaginosa",-0.015507562711875,2.56533003718509,0.558909125645646,4.5399174705726,-0.00332092231644234,0.340951280548367
101,"TFCN_86C-10","Rhodotorula_sphaerocarpa_TFCN_86C-10.proteins","Rhodotorula_sphaerocarpa_TFCN_86C-10","Rhodotorula sphaerocarpa","China","marsh_tidalflat","Rhodotorula sphaerocarpa",-0.017273718298923,2.17006476145179,0.103448055025665,2.59916274095099,-0.0345482774406174,0.425896064146864
102,"TFCN_342-2","Rhodotorula_paludigena_TFCN_342-2.proteins","Rhodotorula_paludigena_TFCN_342-2","Rhodotorula paludigena","China","marsh_tidalflat","Rhodotorula paludigena",-0.00924114794575142,2.26906265619457,0.297799440990797,3.43063999932864,-0.0250044504363157,0.054163819569854
103,"TFCN_48A-10","Rhodotorula_paludigena_TFCN_48A-10.proteins","Rhodotorula_paludigena_TFCN_48A-10","Rhodotorula paludigena","China","marsh_tidalflat","Rhodotorula paludigena",-0.018101903899789,2.67544870381985,0.657207031886658,NA,NA,0.421680671465029
104,"TFCN_213-6-2","Rhodotorula_mucilaginosa_TFCN_213-6-2.proteins","Rhodotorula_mucilaginosa_TFCN_213-6-2","Rhodotorula mucilaginosa","China","marsh_tidalflat","Rhodotorula mucilaginosa",-0.0245357848277081,2.67206894906733,0.572601004867633,4.56018984929681,0.00159192026635864,0.457693059636561
105,"TFCN_152C-6","Rhodotorula_toruloides_TFCN_152C-6.proteins","Rhodotorula_toruloides_TFCN_152C-6","Rhodotorula toruloides","China","marsh_tidalflat","Rhodotorula toruloides",-0.0278105366343286,2.72522346880962,0.560144600422962,4.21304998309318,0.0856100951822351,0.437448108144384
106,"TFCN_273H-1","Rhodotorula_mucilaginosa_TFCN_273H-1.proteins","Rhodotorula_mucilaginosa_TFCN_273H-1","Rhodotorula mucilaginosa","China","marsh_tidalflat","Rhodotorula mucilaginosa",-0.0446442223826791,2.78472360762117,0.858682632468002,4.3761490530598,0.00361780009170017,0.40776642306338
107,"TFCN_209-6-4","Rhodotorula_mucilaginosa_TFCN_209-6-4.proteins","Rhodotorula_mucilaginosa_TFCN_209-6-4","Rhodotorula mucilaginosa","China","","Rhodotorula mucilaginosa",-0.0103204773571415,2.42773072624348,0.365892504550425,4.61030945471866,-0.00201820666404862,0.308340315102248
109,"TFCN_98C-8","Rhodotorula_mucilaginosa_TFCN_98C-8.proteins","Rhodotorula_mucilaginosa_TFCN_98C-8","Rhodotorula mucilaginosa","China","marsh_tidalflat","Rhodotorula mucilaginosa",-0.0219417739608741,2.59625675871032,0.466029094637218,4.52734328921119,0.00292357071817339,0.363607890707466
110,"TFCN_25-333D-1","Rhodotorula_sp._clade_I_TFCN_25-333D-1.proteins","Rhodotorula_sp._clade_I_TFCN_25-333D-1","Rhodotorula sp. clade I","China","marsh_tidalflat","Rhodotorula sp. clade I",-0.00534905610443614,2.14486610020942,0.00850052785960803,3.50357982247688,-0.0300816136912866,0.295171383051799
111,"TFCN_25-335C-1","Rhodotorula_diobovata_TFCN_25-335C-1.proteins","Rhodotorula_diobovata_TFCN_25-335C-1","Rhodotorula diobovata","China","marsh_tidalflat","Rhodotorula diobovata",-0.0254634381839967,2.6375710038241,0.632309381881306,4.15281682041534,-0.0049574864931925,0.340848629555803
112,"TFCN_17-328P-3","Rhodotorula_sp._clade_I_TFCN_17-328P-3.proteins","Rhodotorula_sp._clade_I_TFCN_17-328P-3","Rhodotorula sp. clade I","China","marsh_tidalflat","Rhodotorula sp. clade I",0.013890791022678,1.96238617758358,0.0843751606935469,2.74537149221273,-0.0225967352638946,0.266154464389668
113,"TFCN_54D-2","Rhodotorula_mucilaginosa_TFCN_54D-2.proteins","Rhodotorula_mucilaginosa_TFCN_54D-2","Rhodotorula mucilaginosa","China","marsh_tidalflat","Rhodotorula mucilaginosa",-0.00511589029105779,2.35404394502894,0.0225476153159688,4.5383151785132,-0.0239959837949271,0.364344047283275
114,"TFCN_152D-6","Rhodotorula_toruloides_TFCN_152D-6.proteins","Rhodotorula_toruloides_TFCN_152D-6","Rhodotorula toruloides","China","marsh_tidalflat","Rhodotorula toruloides",-0.0474771034390392,2.44232726856856,0.593935855211977,4.21799736598026,0.00796052974712273,0.135671835339231
115,"TFCN_25-0-2E332-1","Rhodotorula_mucilaginosa_TFCN_25-0-2E332-1.proteins","Rhodotorula_mucilaginosa_TFCN_25-0-2E332-1","Rhodotorula mucilaginosa","China","marsh_tidalflat","Rhodotorula mucilaginosa",-0.0117253165686474,2.48668328257339,0.544229130624113,4.54271179908739,0.0186598040362114,0.312362904021047
116,"TFCN_25-0-2E333-9","Rhodotorula_mucilaginosa_TFCN_25-0-2E333-9.proteins","Rhodotorula_mucilaginosa_TFCN_25-0-2E333-9","Rhodotorula mucilaginosa","China","marsh_tidalflat","Rhodotorula mucilaginosa",-0.0469584583014926,2.68410481630073,0.611507801135575,4.25081151978829,0.00463602642797205,0.323741725795604
117,"TFCN_17-0-2E334-10","Rhodotorula_mucilaginosa_TFCN_17-0-2E334-10.proteins","Rhodotorula_mucilaginosa_TFCN_17-0-2E334-10","Rhodotorula mucilaginosa","China","marsh_tidalflat","Rhodotorula mucilaginosa",-0.0381449514720534,2.65070786202193,0.772130525634997,4.44665420264359,-0.00297037144757299,0.269387369736241
118,"TFCN_357-1","Rhodotorula_taiwanensis_TFCN_357-1.proteins","Rhodotorula_taiwanensis_TFCN_357-1","Rhodotorula taiwanensis","China","marsh_tidalflat","Rhodotorula taiwanensis",-0.0299327987338572,2.69165628422312,0.710784408025734,4.01089908210482,0.036787922674763,0.28963375167335
119,"TFCN_17-328C-3","Rhodotorula_sp._clade_I_TFCN_17-328C-3.proteins","Rhodotorula_sp._clade_I_TFCN_17-328C-3","Rhodotorula sp. clade I","China","marsh_tidalflat","Rhodotorula sp. clade I",-0.0363169923713549,2.68099860800573,0.663531136926989,4.46582877333445,-0.0115698897271048,0.358738539854408
120,"TFCN_17-334Y-6","Rhodotorula_diobovata_TFCN_17-334Y-6.proteins","Rhodotorula_diobovata_TFCN_17-334Y-6","Rhodotorula diobovata","China","marsh_tidalflat","Rhodotorula diobovata",-0.0303320451557957,2.38840065229618,0.22606777338034,4.12671955737018,-0.0196314859053589,0.13253256955003
121,"TFCN_25-333P-5","Rhodotorula_paludigena_TFCN_25-333P-5.proteins","Rhodotorula_paludigena_TFCN_25-333P-5","Rhodotorula paludigena","China","marsh_tidalflat","Rhodotorula paludigena",-0.0122056500375171,1.74789429579219,0.0318166360572601,3.03651803725022,-0.0118703237440127,0.0282005780897206
122,"TFCN_222A-2","Rhodotorula_sp._clade_I_TFCN_222A-2.proteins","Rhodotorula_sp._clade_I_TFCN_222A-2","Rhodotorula sp. clade I","China","marsh_tidalflat","Rhodotorula sp. clade I",-0.00630491433380161,2.52195594103854,0.863719391634847,NA,NA,0.299980616242561
123,"TFCN_25-333Y-2","Rhodotorula_sp._clade_I_TFCN_25-333Y-2.proteins","Rhodotorula_sp._clade_I_TFCN_25-333Y-2","Rhodotorula sp. clade I","China","marsh_tidalflat","Rhodotorula sp. clade I",-0.000235785947620778,2.05100786729744,1.42083246292673e-05,3.51811520784256,0.00213926171972575,0.366237646521497
124,"TFCN_98A-10","Rhodotorula_mucilaginosa_TFCN_98A-10.proteins","Rhodotorula_mucilaginosa_TFCN_98A-10","Rhodotorula mucilaginosa","China","marsh_tidalflat","Rhodotorula mucilaginosa",-0.0386708224764332,2.69924562849534,0.64695074926737,4.37739111375665,0.0100397798051295,0.359374132771607
125,"TFCN_17-334D-6","Rhodotorula_mucilaginosa_TFCN_17-334D-6.proteins","Rhodotorula_mucilaginosa_TFCN_17-334D-6","Rhodotorula mucilaginosa","China","marsh_tidalflat","Rhodotorula mucilaginosa",-0.0256973602792892,2.50116296757359,0.502995267970074,4.52228775609372,-0.00538168726207002,0.396120106799916
126,"TFCN_17-0-2E334-4","Rhodotorula_mucilaginosa_TFCN_17-0-2E334-4.proteins","Rhodotorula_mucilaginosa_TFCN_17-0-2E334-4","Rhodotorula mucilaginosa","China","marsh_tidalflat","Rhodotorula mucilaginosa",-0.0309773928998129,2.69469895219508,0.476918511755029,4.587492193788,0.000899386250415113,0.346139786907621
127,"TFCN_363-1-2","Rhodotorula_mucilaginosa_TFCN_363-1-2.proteins","Rhodotorula_mucilaginosa_TFCN_363-1-2","Rhodotorula mucilaginosa","China","marsh_tidalflat","Rhodotorula mucilaginosa",-0.0374495201861852,2.7197719570646,0.742217063279626,4.47753769036471,-0.00319989969845131,0.354405124765096
129,"TFCN_25-0-2E333-7","Rhodotorula_mucilaginosa_TFCN_25-0-2E333-7.proteins","Rhodotorula_mucilaginosa_TFCN_25-0-2E333-7","Rhodotorula mucilaginosa","China","marsh_tidalflat","Rhodotorula mucilaginosa",-0.0155482032877992,2.55373357453142,0.303417431937602,4.51761828400559,0.019188167829894,0.430941863605964
130,"TFCN_25-335Y-1","Rhodotorula_mucilaginosa_TFCN_25-335Y-1.proteins","Rhodotorula_mucilaginosa_TFCN_25-335Y-1","Rhodotorula mucilaginosa","China","","Rhodotorula mucilaginosa",-0.00523939124743176,2.21067445645863,0.027243687844423,4.59803754045877,-0.00334348551708333,0.240051819689206
131,"TFCN_213-6-4","Rhodotorula_mucilaginosa_TFCN_213-6-4.proteins","Rhodotorula_mucilaginosa_TFCN_213-6-4","Rhodotorula mucilaginosa","China","marsh_tidalflat","Rhodotorula mucilaginosa",-0.0153784189966674,2.56513908625836,0.611264893298174,4.49978775328567,-0.00204347423858998,0.434532511084974
133,"TFCN_98C-3","Rhodotorula_mucilaginosa_TFCN_98C-3.proteins","Rhodotorula_mucilaginosa_TFCN_98C-3","Rhodotorula mucilaginosa","China","marsh_tidalflat","Rhodotorula mucilaginosa",-0.0137283382391157,2.54551261113022,0.61118917013048,4.55089884961094,0.00045046708449601,0.388793469152192
134,"TFCN_17-333D-2","Rhodotorula_mucilaginosa_TFCN_17-333D-2.proteins","Rhodotorula_mucilaginosa_TFCN_17-333D-2","Rhodotorula mucilaginosa","China","marsh_tidalflat","Rhodotorula mucilaginosa",-0.0205636573385868,2.57653421718169,0.533857007791539,4.56208961487741,0.00987576990961257,0.358262372556484
135,"TFCN_17-332C-2","Rhodotorula_mucilaginosa_TFCN_17-332C-2.proteins","Rhodotorula_mucilaginosa_TFCN_17-332C-2","Rhodotorula mucilaginosa","China","marsh_tidalflat","Rhodotorula mucilaginosa",-0.0241760907960781,2.6208549997621,0.658376290745207,4.53319705204306,0.00152106767244358,0.323000041944983
136,"TFCN_86A-6","Rhodotorula_sphaerocarpa_TFCN_86A-6.proteins","Rhodotorula_sphaerocarpa_TFCN_86A-6","Rhodotorula sphaerocarpa","China","marsh_tidalflat","Rhodotorula sphaerocarpa",0.00492851131314022,2.03908722593273,0.00684249554688903,4.04915853368938,8.6602684809642e-05,0.350711233510781
137,"TFCN_0520-4-2-2","Rhodotorula_taiwanensis_TFCN_0520-4-2-2.proteins","Rhodotorula_taiwanensis_TFCN_0520-4-2-2","Rhodotorula taiwanensis","China","marsh_tidalflat","Rhodotorula taiwanensis",-0.034735105441194,2.66912882112451,0.619142449489173,4.42534156122587,0.0184539272542487,0.371137893121222
138,"TFCN_49A-1","Rhodotorula_paludigena_TFCN_49A-1.proteins","Rhodotorula_paludigena_TFCN_49A-1","Rhodotorula paludigena","China","marsh_tidalflat","Rhodotorula paludigena",-0.0167860980148962,2.60644743044035,0.702512510987821,NA,NA,0.4589110701041
139,"TFCN_25-333D-5","Rhodotorula_sp._clade_I_TFCN_25-333D-5.proteins","Rhodotorula_sp._clade_I_TFCN_25-333D-5","Rhodotorula sp. clade I","China","","Rhodotorula sp. clade I",-0.0305342845204222,2.58078087278109,0.318460501808004,4.47835473490272,0.0357287092850662,0.410812554935747
140,"TFCN_86C-7","Rhodotorula_sp._clade_I_TFCN_86C-7.proteins","Rhodotorula_sp._clade_I_TFCN_86C-7","Rhodotorula sp. clade I","China","marsh_tidalflat","Rhodotorula sp. clade I",-0.0316679197893701,2.59980584220863,0.339602402038318,3.65380677774678,0.00301713540700338,0.309208028916347
142,"TFCN_98D-9","Rhodotorula_mucilaginosa_TFCN_98D-9.proteins","Rhodotorula_mucilaginosa_TFCN_98D-9","Rhodotorula mucilaginosa","China","","Rhodotorula mucilaginosa",-0.0107946730350901,2.50070033962192,0.465820061074718,4.61364756359415,-0.00225170657637165,0.561414111927001
143,"TFCN_17-325D-4","Rhodotorula_mucilaginosa_TFCN_17-325D-4.proteins","Rhodotorula_mucilaginosa_TFCN_17-325D-4","Rhodotorula mucilaginosa","China","marsh_tidalflat","Rhodotorula mucilaginosa",-0.0128962228824429,2.60400455681787,0.632640303222331,4.53942608514369,-0.000203117615114102,0.600741135159382
144,"TFCN_17-332P-2","Rhodotorula_mucilaginosa_TFCN_17-332P-2.proteins","Rhodotorula_mucilaginosa_TFCN_17-332P-2","Rhodotorula mucilaginosa","China","marsh_tidalflat","Rhodotorula mucilaginosa",-0.0159767669526046,2.55156219074272,0.546274487485024,4.54641356117606,-0.00059055285112462,0.458221401267155
145,"TFCN_54D-1","Rhodotorula_mucilaginosa_TFCN_54D-1.proteins","Rhodotorula_mucilaginosa_TFCN_54D-1","Rhodotorula mucilaginosa","China","marsh_tidalflat","Rhodotorula mucilaginosa",-0.0183956453916511,2.53372814453687,0.479837717363093,4.56639269135583,0.000145775249562537,0.383306767146992
146,"TFCN_86A-12","Rhodotorula_mucilaginosa_TFCN_86A-12.proteins","Rhodotorula_mucilaginosa_TFCN_86A-12","Rhodotorula mucilaginosa","China","marsh_tidalflat","Rhodotorula mucilaginosa",-0.0160070874344548,2.56916737530186,0.68355077680531,4.49992460783613,0.000704608653984614,0.341334090469214
147,"TFCN_48C-3","Rhodotorula_paludigena_TFCN_48C-3.proteins","Rhodotorula_paludigena_TFCN_48C-3","Rhodotorula paludigena","China","marsh_tidalflat","Rhodotorula paludigena",-0.00468503119981884,2.23397542090617,0.05926601227294,NA,NA,0.183468082890985
148,"TFCN_342-3","Rhodotorula_mucilaginosa_TFCN_342-3.proteins","Rhodotorula_mucilaginosa_TFCN_342-3","Rhodotorula mucilaginosa","China","marsh_tidalflat","Rhodotorula mucilaginosa",-0.0201860097190596,2.6094516287065,0.385794615245211,4.54737633036077,0.00114471857832121,0.423491022066462
149,"TFCN_86A-8","Rhodotorula_sphaerocarpa_TFCN_86A-8.proteins","Rhodotorula_sphaerocarpa_TFCN_86A-8","Rhodotorula sphaerocarpa","China","marsh_tidalflat","Rhodotorula sphaerocarpa",0.0120089774991269,1.85541409818131,0.0263364711398773,4.13730063387864,0.00303626034438432,0.260686147135155
150,"TFCN_152C-5","Rhodotorula_mucilaginosa_TFCN_152C-5.proteins","Rhodotorula_mucilaginosa_TFCN_152C-5","Rhodotorula mucilaginosa","China","marsh_tidalflat","Rhodotorula mucilaginosa",-0.0369142198106301,2.76705949705023,0.69203317075026,4.51603404051001,-0.00204665766138897,0.415767603996209
151,"TFCN_98D-7","Rhodotorula_mucilaginosa_TFCN_98D-7.proteins","Rhodotorula_mucilaginosa_TFCN_98D-7","Rhodotorula mucilaginosa","China","","Rhodotorula mucilaginosa",-0.0208837449877918,2.56940951748921,0.421309066859248,4.57251376521566,-0.00222821226368726,0.398383548228532
152,"TFCN_25-337M-3","Rhodotorula_mucilaginosa_TFCN_25-337M-3.proteins","Rhodotorula_mucilaginosa_TFCN_25-337M-3","Rhodotorula mucilaginosa","China","marsh_tidalflat","Rhodotorula mucilaginosa",-0.0222904608893844,2.59427571974825,0.407680880036406,4.49691459994565,0.000317660612589362,0.498203061163276
153,"TFCN_25-0-2E333-5","Rhodotorula_mucilaginosa_TFCN_25-0-2E333-5.proteins","Rhodotorula_mucilaginosa_TFCN_25-0-2E333-5","Rhodotorula mucilaginosa","China","marsh_tidalflat","Rhodotorula mucilaginosa",-0.0310663894943823,2.59849815993057,0.326788871087209,4.48366700429172,-0.00994172739742498,0.290799729062724
155,"TFCN_0520-4-2-1","Rhodotorula_taiwanensis_TFCN_0520-4-2-1.proteins","Rhodotorula_taiwanensis_TFCN_0520-4-2-1","Rhodotorula taiwanensis","China","marsh_tidalflat","Rhodotorula taiwanensis",-0.027451608348725,2.75930300470193,0.563618879279509,4.26290173041499,0.00785128700923431,0.278808766903005
156,"TFCN_48A-2","Rhodotorula_paludigena_TFCN_48A-2.proteins","Rhodotorula_paludigena_TFCN_48A-2","Rhodotorula paludigena","China","marsh_tidalflat","Rhodotorula paludigena",-0.0389749892377748,2.82980483063552,0.659837356179304,4.49352461164678,0.00103392644410062,0.507463783579997
157,"TFCN_1A-1-2","Rhodotorula_paludigena_TFCN_1A-1-2.proteins","Rhodotorula_paludigena_TFCN_1A-1-2","Rhodotorula paludigena","China","marsh_tidalflat","Rhodotorula paludigena",-0.0481177860164486,2.81683627633603,0.625600045306291,4.38081707896627,-0.00732205991643586,0.251835912901277
158,"TFCN_152A-1","Rhodotorula_mucilaginosa_TFCN_152A-1.proteins","Rhodotorula_mucilaginosa_TFCN_152A-1","Rhodotorula mucilaginosa","China","marsh_tidalflat","Rhodotorula mucilaginosa",-0.0134352768508212,2.3748487184906,0.134212025713072,4.56218086507558,-0.0147595373085763,0.315559230211591
159,"TFCN_152A-5","Rhodotorula_mucilaginosa_TFCN_152A-5.proteins","Rhodotorula_mucilaginosa_TFCN_152A-5","Rhodotorula mucilaginosa","China","marsh_tidalflat","Rhodotorula mucilaginosa",-0.0130180194788761,2.53579684045578,0.500191096606894,4.52580369300224,0.00181948186696489,0.416373236935099
161,"TFCN_102D-2","Rhodotorula_mucilaginosa_TFCN_102D-2.proteins","Rhodotorula_mucilaginosa_TFCN_102D-2","Rhodotorula mucilaginosa","China","marsh_tidalflat","Rhodotorula mucilaginosa",-0.0197167209853159,2.66907945478618,0.507720570853653,4.51238542250491,-0.00276217034754913,0.309499684807856
162,"TFCN_25-327D-1","Rhodotorula_mucilaginosa_TFCN_25-327D-1.proteins","Rhodotorula_mucilaginosa_TFCN_25-327D-1","Rhodotorula mucilaginosa","China","marsh_tidalflat","Rhodotorula mucilaginosa",-0.0425197218774426,2.73042576037148,0.848778017533171,4.49687592253795,0.0129002583622666,0.411274618794902
163,"TFCN_17-334Y-5","Rhodotorula_mucilaginosa_TFCN_17-334Y-5.proteins","Rhodotorula_mucilaginosa_TFCN_17-334Y-5","Rhodotorula mucilaginosa","China","marsh_tidalflat","Rhodotorula mucilaginosa",-0.0194656777254048,2.42727824932396,0.378357630807917,4.49525391799439,0.00394575148547165,0.353376382808157
164,"TFCN_17-334C-1","Rhodotorula_mucilaginosa_TFCN_17-334C-1.proteins","Rhodotorula_mucilaginosa_TFCN_17-334C-1","Rhodotorula mucilaginosa","China","marsh_tidalflat","Rhodotorula mucilaginosa",-0.0198859984959629,2.45966737410364,0.179698462339627,4.50624253185754,0.0039061528701244,0.414518107656708
166,"DBVPG_3238","Rhodotorula_mucilaginosa_DBVPG_3238.proteins","Rhodotorula_mucilaginosa_DBVPG_3238","Rhodotorula mucilaginosa","Italy","food","Rhodotorula mucilaginosa",-0.0327312040501811,2.34380258952339,0.232670230150988,4.10235545747206,0.0180473959338147,0.337177052926165
167,"DBVPG_3444","Rhodotorula_mucilaginosa_DBVPG_3444.proteins","Rhodotorula_mucilaginosa_DBVPG_3444","Rhodotorula mucilaginosa","Italy","food","Rhodotorula mucilaginosa",-0.0082894998661022,2.36201938785798,0.165979242056944,4.36800070416843,-0.00116324890208376,0.456191244031894
168,"DBVPG_3775","Rhodotorula_mucilaginosa_DBVPG_3775.proteins","Rhodotorula_mucilaginosa_DBVPG_3775","Rhodotorula mucilaginosa","Italy","soil","Rhodotorula mucilaginosa",-0.0184771559163927,2.60254209514388,0.540001712403664,4.44488996313634,-0.00147865675106108,0.336669676975487
169,"DBVPG_3983","Rhodotorula_mucilaginosa_DBVPG_3983.proteins","Rhodotorula_mucilaginosa_DBVPG_3983","Rhodotorula mucilaginosa","Italy","cave","Rhodotorula mucilaginosa",-0.00686220502265311,2.29024977863507,0.0781789981867965,4.29500243872612,0.00244427899372132,0.368529226315666
170,"DBVPG_4378","Rhodotorula_mucilaginosa_DBVPG_4378.proteins","Rhodotorula_mucilaginosa_DBVPG_4378","Rhodotorula mucilaginosa","Italy","food","Rhodotorula mucilaginosa",-0.0313031665141296,2.5665602466906,0.600558714607853,4.36800534540719,-0.00301666330237746,0.29256571282175
171,"DBVPG_4618","Rhodotorula_mucilaginosa_DBVPG_4618.proteins","Rhodotorula_mucilaginosa_DBVPG_4618","Rhodotorula mucilaginosa","Italy","soil","Rhodotorula mucilaginosa",-0.0216247955132154,2.68053508783031,0.639733279386845,4.20844087598704,-0.00435205736773172,0.587818910838207
172,"TFCN_106A-1","Rhodotorula_mucilaginosa_TFCN_106A-1.proteins","Rhodotorula_mucilaginosa_TFCN_106A-1","Rhodotorula mucilaginosa","China","marsh_tidalflat","Rhodotorula mucilaginosa",-0.00857337180266237,2.4570419998396,0.0603578181505397,4.56557869763314,-0.0111136624288253,0.403060172406827
174,"TFCN_17-0-2E337-3","Rhodotorula_mucilaginosa_TFCN_17-0-2E337-3.proteins","Rhodotorula_mucilaginosa_TFCN_17-0-2E337-3","Rhodotorula mucilaginosa","China","marsh_tidalflat","Rhodotorula mucilaginosa",-0.0300558972648208,2.61238485226103,0.563854793876814,4.51599072300627,-0.00886731701685787,0.366982229813889
177,"DBVPG_3776","Rhodotorula_mucilaginosa_DBVPG_3776.proteins","Rhodotorula_mucilaginosa_DBVPG_3776","Rhodotorula mucilaginosa","Italy","soil","Rhodotorula mucilaginosa",-0.0313884961203782,2.46713343128162,0.866421032652908,4.60443368705204,0.00273103684298903,0.72357312719626
178,"DBVPG_3984","Rhodotorula_mucilaginosa_DBVPG_3984.proteins","Rhodotorula_mucilaginosa_DBVPG_3984","Rhodotorula mucilaginosa","Italy","cave","Rhodotorula mucilaginosa",-0.0205736443432623,2.26046441500241,0.65868336790301,4.50341454717085,-0.001233516188485,0.344025933523145
181,"TFCN_25-332D-1","Rhodotorula_mucilaginosa_TFCN_25-332D-1.proteins","Rhodotorula_mucilaginosa_TFCN_25-332D-1","Rhodotorula mucilaginosa","China","marsh_tidalflat","Rhodotorula mucilaginosa",-0.0235622440436464,2.58050058135442,0.80412526958497,4.57178700203773,-0.000428405193813473,0.670796935316139
182,"TFCN_25-333P-2","Rhodotorula_mucilaginosa_TFCN_25-333P-2.proteins","Rhodotorula_mucilaginosa_TFCN_25-333P-2","Rhodotorula mucilaginosa","China","marsh_tidalflat","Rhodotorula mucilaginosa",-0.0425962210666511,2.7827583841882,0.836445903876851,4.48076328750922,-0.00352485456648683,0.413030887567127
183,"TFCN_181A-1","Rhodotorula_mucilaginosa_TFCN_181A-1.proteins","Rhodotorula_mucilaginosa_TFCN_181A-1","Rhodotorula mucilaginosa","China","marsh_tidalflat","Rhodotorula mucilaginosa",-0.0117951684086955,2.59175307794623,0.54416666062478,4.54899448985063,-0.000215324886446823,0.376672910515232
185,"DBVPG_3768","Rhodotorula_dairenensis_DBVPG_3768.proteins","Rhodotorula_dairenensis_DBVPG_3768","Rhodotorula dairenensis","Italy","soil","Rhodotorula dairenensis",-0.00412478872145623,2.42275373467335,0.105876095864717,4.44829555420654,-0.00207518145069845,0.498518519143652
186,"DBVPG_3777","Rhodotorula_mucilaginosa_DBVPG_3777.proteins","Rhodotorula_mucilaginosa_DBVPG_3777","Rhodotorula mucilaginosa","Italy","soil","Rhodotorula mucilaginosa",-0.015215906237238,2.51808010096086,0.785023452655281,4.57314526999038,0.00161492690729994,0.821891107855165
188,"DBVPG_4380","Rhodotorula_mucilaginosa_DBVPG_4380.proteins","Rhodotorula_mucilaginosa_DBVPG_4380","Rhodotorula mucilaginosa","Italy","sand","Rhodotorula mucilaginosa",-0.00148473691526124,2.18276156166991,0.00462504417663167,4.41909024626454,0.000212466062478967,0.318524602717533
189,"DBVPG_4669","Rhodotorula_mucilaginosa_DBVPG_4669.proteins","Rhodotorula_mucilaginosa_DBVPG_4669","Rhodotorula mucilaginosa","Italy","food","Rhodotorula mucilaginosa",-0.0541991966297714,2.72192277695545,0.833386782889884,4.43389703553979,-0.00223181584666082,0.359995992144136
190,"TFCN_17-332M-1","Rhodotorula_mucilaginosa_TFCN_17-332M-1.proteins","Rhodotorula_mucilaginosa_TFCN_17-332M-1","Rhodotorula mucilaginosa","China","marsh_tidalflat","Rhodotorula mucilaginosa",-0.00607907039879273,2.47229407579444,0.174585019881056,4.54031449515825,-0.000701985943270216,0.311132085708008
193,"DBVPG_3381","Rhodotorula_mucilaginosa_DBVPG_3381.proteins","Rhodotorula_mucilaginosa_DBVPG_3381","Rhodotorula mucilaginosa","Italy","plant","Rhodotorula mucilaginosa",-0.00650343185042888,2.56103353902654,0.469367891830607,4.71004676600541,-0.000156801720359913,0.471446105450442
194,"DBVPG_3769","Rhodotorula_dairenensis_DBVPG_3769.proteins","Rhodotorula_dairenensis_DBVPG_3769","Rhodotorula dairenensis","Italy","soil","Rhodotorula dairenensis",-0.00926562500435876,2.57109303742031,0.436993840795538,4.63439612532422,0.00253926481224112,0.678959912704281
195,"DBVPG_3853","Rhodotorula_dairenensis_DBVPG_3853.proteins","Rhodotorula_dairenensis_DBVPG_3853","Rhodotorula dairenensis","Italy","plant",NA,NA,NA,NA,NA,NA,NA
196,"DBVPG_4201","Rhodotorula_mucilaginosa_DBVPG_4201.proteins","Rhodotorula_mucilaginosa_DBVPG_4201","Rhodotorula mucilaginosa","Italy","plant","Rhodotorula mucilaginosa",-0.0189130336760829,2.48679825587659,0.847200307884302,4.60631130035118,-0.00273411820467064,0.603221703366667
197,"DBVPG_4408","Rhodotorula_mucilaginosa_DBVPG_4408.proteins","Rhodotorula_mucilaginosa_DBVPG_4408","Rhodotorula mucilaginosa","Italy","marine","Rhodotorula mucilaginosa",-0.0238552770981967,2.38867796337628,0.260427918361697,4.38477186916756,-0.0465712276285792,0.376371798598864
198,"DBVPG_4920","Rhodotorula_mucilaginosa_DBVPG_4920.proteins","Rhodotorula_mucilaginosa_DBVPG_4920","Rhodotorula mucilaginosa","Italy","food","Rhodotorula mucilaginosa",-0.021482660867365,2.81951274735867,0.759658301191952,4.53353089062448,0.0358277721080189,1.05684712183041
199,"TFCN_17-332M-2","Rhodotorula_mucilaginosa_TFCN_17-332M-2.proteins","Rhodotorula_mucilaginosa_TFCN_17-332M-2","Rhodotorula mucilaginosa","China","marsh_tidalflat","Rhodotorula mucilaginosa",-0.0157536880474355,2.58581508215983,0.7382098635949,4.58289875623392,-0.00155339500007114,0.613923286136074
200,"TFCN_209-6-14","Rhodotorula_mucilaginosa_TFCN_209-6-14.proteins","Rhodotorula_mucilaginosa_TFCN_209-6-14","Rhodotorula mucilaginosa","China","","Rhodotorula mucilaginosa",-0.0102272763587629,2.47758783465938,0.445299488499952,4.57322968658381,0.00218684712962626,0.335941505510739
201,"DBVPG_3044","Rhodotorula_mucilaginosa_DBVPG_3044.proteins","Rhodotorula_mucilaginosa_DBVPG_3044","Rhodotorula mucilaginosa","Italy","unknown","Rhodotorula mucilaginosa",-0.00641451447203702,2.1839701177361,0.080502277385759,3.40964734173149,-0.00448606437494592,0.287256038025172
202,"DBVPG_3382","Rhodotorula_mucilaginosa_DBVPG_3382.proteins","Rhodotorula_mucilaginosa_DBVPG_3382","Rhodotorula mucilaginosa","Italy","plant","Rhodotorula mucilaginosa",-0.0089925886626941,2.66841517058017,0.488814429273766,4.59955191906888,0.000570433264545907,0.561834650226431
203,"DBVPG_3770","Rhodotorula_dairenensis_DBVPG_3770.proteins","Rhodotorula_dairenensis_DBVPG_3770","Rhodotorula dairenensis","Italy","soil","Rhodotorula dairenensis",-0.0197591355931617,2.82138576968797,0.526586175727154,4.62784120419593,-0.000744018322493687,0.618601761692485
204,"DBVPG_3854","Rhodotorula_mucilaginosa_DBVPG_3854.proteins","Rhodotorula_mucilaginosa_DBVPG_3854","Rhodotorula mucilaginosa","Italy","plant","Rhodotorula mucilaginosa",-0.00925372556257449,2.21194987242299,0.0889362536530607,4.40046075898285,-0.0292848892453798,0.434774385173285
205,"DBVPG_4202","Rhodotorula_mucilaginosa_DBVPG_4202.proteins","Rhodotorula_mucilaginosa_DBVPG_4202","Rhodotorula mucilaginosa","Italy","soil","Rhodotorula mucilaginosa",-0.00796896687029907,2.25488184795166,0.038579245906845,4.41577007106375,0.0701902551717039,0.407578181618759
206,"DBVPG_4466","Rhodotorula_mucilaginosa_DBVPG_4466.proteins","Rhodotorula_mucilaginosa_DBVPG_4466","Rhodotorula mucilaginosa","Italy","plant","Rhodotorula mucilaginosa",-0.0210084495580412,2.6610118509162,0.585861436620549,4.52753482626799,0.00270510566758566,0.452266621840234
207,"DBVPG_4945","Rhodotorula_mucilaginosa_DBVPG_4945.proteins","Rhodotorula_mucilaginosa_DBVPG_4945","Rhodotorula mucilaginosa","Italy","food","Rhodotorula mucilaginosa",-0.0204515579038811,2.63645502353143,0.898529720398633,4.62322170031298,0.000610631906642806,0.406564911120063
208,"TFCN_25-332M-1","Rhodotorula_mucilaginosa_TFCN_25-332M-1.proteins","Rhodotorula_mucilaginosa_TFCN_25-332M-1","Rhodotorula mucilaginosa","China","marsh_tidalflat","Rhodotorula mucilaginosa",-0.0121137443751283,2.522961281984,0.429474751598902,4.52703884355306,0.000284983745135006,0.597826889545066
209,"TFCN_17-332C-1","Rhodotorula_mucilaginosa_TFCN_17-332C-1.proteins","Rhodotorula_mucilaginosa_TFCN_17-332C-1","Rhodotorula mucilaginosa","China","marsh_tidalflat","Rhodotorula mucilaginosa",-0.0234007486202054,2.60587898258599,0.772191609430715,4.55253843945322,-0.00056843997289739,0.718388755228279
210,"DBVPG_3045","Rhodotorula_mucilaginosa_DBVPG_3045.proteins","Rhodotorula_mucilaginosa_DBVPG_3045","Rhodotorula mucilaginosa","Italy","food","Rhodotorula mucilaginosa",-0.00429239325545418,2.20379425735032,0.0436858702578597,4.30938082246513,-0.0006995969192825,1.20586090752743
211,"DBVPG_3383","Rhodotorula_mucilaginosa_DBVPG_3383.proteins","Rhodotorula_mucilaginosa_DBVPG_3383","Rhodotorula mucilaginosa","Italy","plant","Rhodotorula mucilaginosa",-0.0143449720757322,2.80255258836774,0.524255204424327,4.57319512815827,0.000952811387685827,0.519568152449366
212,"DBVPG_3771","Rhodotorula_dairenensis_DBVPG_3771.proteins","Rhodotorula_dairenensis_DBVPG_3771","Rhodotorula dairenensis","Italy","soil",NA,NA,NA,NA,NA,NA,NA
213,"DBVPG_3855","Rhodotorula_mucilaginosa_DBVPG_3855.proteins","Rhodotorula_mucilaginosa_DBVPG_3855","Rhodotorula mucilaginosa","Italy","plant","Rhodotorula mucilaginosa",-0.0219969080959455,2.33732694528094,0.460287876029048,4.24439796519509,0.035842040497088,0.422232970816802
214,"DBVPG_4203","Rhodotorula_mucilaginosa_DBVPG_4203.proteins","Rhodotorula_mucilaginosa_DBVPG_4203","Rhodotorula mucilaginosa","Italy","soil","Rhodotorula mucilaginosa",-0.0119391955059739,2.52229176898801,0.682767685790113,4.52968712132074,0.000415651333383847,0.565055928029868
215,"DBVPG_4530","Rhodotorula_taiwanensis_DBVPG_4530.proteins","Rhodotorula_taiwanensis_DBVPG_4530","Rhodotorula taiwanensis","Italy","plant","Rhodotorula taiwanensis",-0.0489989470776286,2.7134457544825,0.417982644698418,3.48594011021123,0.00716275991411328,0.444099392985317
216,"DBVPG_4946","Rhodotorula_mucilaginosa_DBVPG_4946.proteins","Rhodotorula_mucilaginosa_DBVPG_4946","Rhodotorula mucilaginosa","Italy","food","Rhodotorula mucilaginosa",-0.0187323085465817,2.65346530599339,0.688831239270976,4.63115649909946,-0.00416022619810933,0.754558754573725
217,"TFCN_25-0-2E333-1","Rhodotorula_mucilaginosa_TFCN_25-0-2E333-1.proteins","Rhodotorula_mucilaginosa_TFCN_25-0-2E333-1","Rhodotorula mucilaginosa","China","marsh_tidalflat","Rhodotorula mucilaginosa",-0.0242187877622967,2.67677323018472,0.730586683918918,4.71100875332921,-0.000174015231051617,1.21707462850156
218,"TFCN_25-0-2E334-1","Rhodotorula_mucilaginosa_TFCN_25-0-2E334-1.proteins","Rhodotorula_mucilaginosa_TFCN_25-0-2E334-1","Rhodotorula mucilaginosa","China","marsh_tidalflat","Rhodotorula mucilaginosa",-0.0149178989303098,2.49868735669973,0.594887156528048,4.5772166268403,-0.000994619401016898,0.556572454203313
219,"DBVPG_3090","Rhodotorula_mucilaginosa_DBVPG_3090.proteins","Rhodotorula_mucilaginosa_DBVPG_3090","Rhodotorula mucilaginosa","Italy","food","Rhodotorula mucilaginosa",-0.0283013847102308,2.77428702026969,0.702611790484808,4.58630854970456,0.00236546715306636,0.496050921253387
220,"DBVPG_3384","Rhodotorula_mucilaginosa_DBVPG_3384.proteins","Rhodotorula_mucilaginosa_DBVPG_3384","Rhodotorula mucilaginosa","Italy","plant","Rhodotorula mucilaginosa",-0.0156383134811903,2.78553373652772,0.540825914915626,4.55769001203795,0.000506810171718947,0.542123360917634
221,"DBVPG_3772","Rhodotorula_dairenensis_DBVPG_3772.proteins","Rhodotorula_dairenensis_DBVPG_3772","Rhodotorula dairenensis","Italy","soil","Rhodotorula dairenensis",-0.0128070736606624,2.75110682223905,0.329616911398407,4.56771450976755,0.00202237093465908,0.473976061705626
222,"DBVPG_3856","Rhodotorula_mucilaginosa_DBVPG_3856.proteins","Rhodotorula_mucilaginosa_DBVPG_3856","Rhodotorula mucilaginosa","Italy","plant","Rhodotorula mucilaginosa",-0.0263533783390825,2.48208093573367,0.414053907125959,4.31931543478511,-0.00280211302703265,0.411176222213367
223,"DBVPG_4304","Rhodotorula_mucilaginosa_DBVPG_4304.proteins","Rhodotorula_mucilaginosa_DBVPG_4304","Rhodotorula mucilaginosa","Italy","unknown","Rhodotorula mucilaginosa",-0.0182984623158782,2.67940139214879,0.476705886338936,4.60876089170282,-0.000748810843017758,0.651157489915292
224,"DBVPG_4531","Rhodotorula_taiwanensis_DBVPG_4531.proteins","Rhodotorula_taiwanensis_DBVPG_4531","Rhodotorula taiwanensis","Italy","plant","Rhodotorula taiwanensis",-0.0504369393705351,2.87449108960301,0.714256406614116,3.68860158081531,0.0559053093155351,0.632264215217465
225,"DBVPG_4947","Rhodotorula_mucilaginosa_DBVPG_4947.proteins","Rhodotorula_mucilaginosa_DBVPG_4947","Rhodotorula mucilaginosa","Italy","food","Rhodotorula mucilaginosa",-0.0213118482932181,2.42766134814398,0.820963039975428,4.68043828815074,0.00600761612328775,0.42333771434964
227,"TFCN_25-334Y-6","Rhodotorula_mucilaginosa_TFCN_25-334Y-6.proteins","Rhodotorula_mucilaginosa_TFCN_25-334Y-6","Rhodotorula mucilaginosa","China","marsh_tidalflat","Rhodotorula mucilaginosa",-0.0493742087284576,2.74824633103417,0.836121441327568,4.35566372574165,-0.0023939854980859,0.465342841983443
228,"DBVPG_3235","Rhodotorula_mucilaginosa_DBVPG_3235.proteins","Rhodotorula_mucilaginosa_DBVPG_3235","Rhodotorula mucilaginosa","Italy","food","Rhodotorula mucilaginosa",-0.00996183594688524,2.24797268894058,0.311065506507308,4.49174762663563,-0.0016439140732274,0.429565326589468
229,"DBVPG_3442","Rhodotorula_mucilaginosa_DBVPG_3442.proteins","Rhodotorula_mucilaginosa_DBVPG_3442","Rhodotorula mucilaginosa","Italy","food","Rhodotorula mucilaginosa",-0.0171506955970367,2.46756500928376,0.373559120879147,4.52626200393565,0.00142819150547659,0.353678924874196
230,"DBVPG_3773","Rhodotorula_dairenensis_DBVPG_3773.proteins","Rhodotorula_dairenensis_DBVPG_3773","Rhodotorula dairenensis","Italy","soil","Rhodotorula dairenensis",0.0066204335493959,1.81497782699442,0.0159047360437696,4.20980377689222,0.000451538795124731,0.337188759909775
231,"DBVPG_3857","Rhodotorula_mucilaginosa_DBVPG_3857.proteins","Rhodotorula_mucilaginosa_DBVPG_3857","Rhodotorula mucilaginosa","Italy","plant","Rhodotorula mucilaginosa",-0.0199556532047372,2.80345480193253,0.60406470155105,4.71014116355354,-0.000432598250884334,0.825463709209779
232,"DBVPG_4376","Rhodotorula_mucilaginosa_DBVPG_4376.proteins","Rhodotorula_mucilaginosa_DBVPG_4376","Rhodotorula mucilaginosa","Italy","food","Rhodotorula mucilaginosa",-0.0188736886734646,2.43849167122208,0.583946392343308,4.40389796149884,-0.0030443444114454,0.483994300306029
233,"DBVPG_4534","Rhodotorula_mucilaginosa_DBVPG_4534.proteins","Rhodotorula_mucilaginosa_DBVPG_4534","Rhodotorula mucilaginosa","Italy","sand","Rhodotorula mucilaginosa",-0.0295805090425034,2.43160571830396,0.486605568245506,4.43071990168355,-0.00318796481443614,0.581803186250355
234,"DBVPG_4949","Rhodotorula_mucilaginosa_DBVPG_4949.proteins","Rhodotorula_mucilaginosa_DBVPG_4949","Rhodotorula mucilaginosa","Italy","soil","Rhodotorula mucilaginosa",-0.00379471372795882,2.3429851298999,0.0392111858079223,4.56039739391279,0.0372409409673534,0.389544614098566
235,"TFCN_209-6-1","Rhodotorula_mucilaginosa_TFCN_209-6-1.proteins","Rhodotorula_mucilaginosa_TFCN_209-6-1","Rhodotorula mucilaginosa","China","marsh_tidalflat","Rhodotorula mucilaginosa",-0.0396011963497914,2.81091321412628,0.617924713566636,4.38842053900691,-0.00434393642628863,0.433387739558384
236,"TFCN_209-6-12","Rhodotorula_mucilaginosa_TFCN_209-6-12.proteins","Rhodotorula_mucilaginosa_TFCN_209-6-12","Rhodotorula mucilaginosa","China","","Rhodotorula mucilaginosa",-0.0100986879170399,2.50900473087051,0.458817497126249,4.62116896988176,0.000255713567890962,0.721298389934246
237,"DBVPG_3237","Rhodotorula_mucilaginosa_DBVPG_3237.proteins","Rhodotorula_mucilaginosa_DBVPG_3237","Rhodotorula mucilaginosa","Italy","food","Rhodotorula mucilaginosa",-0.0112423016743112,2.50882567756061,0.512576105681719,4.60355162031696,0.000720930171366177,0.869878131604576
238,"DBVPG_3443","Rhodotorula_mucilaginosa_DBVPG_3443.proteins","Rhodotorula_mucilaginosa_DBVPG_3443","Rhodotorula mucilaginosa","Italy","food","Rhodotorula mucilaginosa",-0.0146016439399965,2.76251696626379,0.455564841478025,4.54220409935672,-0.00123083842565214,0.423715495347812
239,"DBVPG_3774","Rhodotorula_mucilaginosa_DBVPG_3774.proteins","Rhodotorula_mucilaginosa_DBVPG_3774","Rhodotorula mucilaginosa","Italy","food","Rhodotorula mucilaginosa",-0.0319279022359596,2.05220893825603,0.468204949045755,4.27375669433883,-0.0296001892448899,0.301270990917738
240,"DBVPG_3858","Rhodotorula_mucilaginosa_DBVPG_3858.proteins","Rhodotorula_mucilaginosa_DBVPG_3858","Rhodotorula mucilaginosa","Italy","insect","Rhodotorula mucilaginosa",-0.0083495505112787,2.56257803789036,0.40378424311414,4.63584743611103,2.48338977566197e-05,0.432381960474283
241,"DBVPG_4377","Rhodotorula_mucilaginosa_DBVPG_4377.proteins","Rhodotorula_mucilaginosa_DBVPG_4377","Rhodotorula mucilaginosa","Italy","marine","Rhodotorula mucilaginosa",-0.0251340639657111,2.44896211751863,0.265380963011372,4.49123915503483,0.0129159109932522,0.644905399271009
242,"DBVPG_4610","Rhodotorula_paludigena_DBVPG_4610.proteins","Rhodotorula_paludigena_DBVPG_4610","Rhodotorula paludigena","Italy","plant",NA,NA,NA,NA,NA,NA,NA
243,"DBVPG_4950","Rhodotorula_mucilaginosa_DBVPG_4950.proteins","Rhodotorula_mucilaginosa_DBVPG_4950","Rhodotorula mucilaginosa","Italy","soil","Rhodotorula mucilaginosa",-0.020668684585331,2.12534144052143,0.624759486654515,4.43069483876782,0.00355842086545764,0.621317614673446
245,"DBVPG_5227","Rhodotorula_mucilaginosa_DBVPG_5227.proteins","Rhodotorula_mucilaginosa_DBVPG_5227","Rhodotorula mucilaginosa","Italy","soil","Rhodotorula mucilaginosa",-0.0207416560965366,2.54538986215177,0.650024502356657,4.49193241803317,-0.00585720085425895,0.353859476891748
246,"DBVPG_6091","Rhodotorula_mucilaginosa_DBVPG_6091.proteins","Rhodotorula_mucilaginosa_DBVPG_6091","Rhodotorula mucilaginosa","Italy","insect","Rhodotorula mucilaginosa",-0.0268566842391907,2.60724928184511,0.870024030448484,4.60796403829096,-0.0017014191637138,0.444512194911464
247,"DBVPG_6739","Rhodotorula_toruloides_DBVPG_6739.proteins","Rhodotorula_toruloides_DBVPG_6739","Rhodotorula toruloides","Italy","soil","Rhodotorula toruloides",-0.0424022061040935,2.24936475651133,0.659447297486983,4.22829473170077,0.0251871442582119,-0.156297026396432
248,"DBVPG_7947","Rhodotorula_sp._clade_XIII_DBVPG_7947.proteins","Rhodotorula_sp._clade_XIII_DBVPG_7947","Rhodotorula sp. clade XIII","Italy","soil","Rhodotorula sp. clade XIII",-0.0369381429475673,1.68766820237028,0.572533730659061,4.22803746314925,0.0517713468015075,0.301630114062877
249,"DBVPG_3236","Rhodotorula_mucilaginosa_DBVPG_3236.proteins","Rhodotorula_mucilaginosa_DBVPG_3236","Rhodotorula mucilaginosa","Italy","food",NA,NA,NA,NA,NA,NA,NA
250,"DBVPG_7316","Rhodotorula_paludigena_DBVPG_7316.proteins","Rhodotorula_paludigena_DBVPG_7316","Rhodotorula paludigena","Italy","marsh_tidalflat","Rhodotorula paludigena",-0.0173600469430681,2.20143552252143,0.622788055364131,4.34353344524658,-0.00336720891114732,0.330489216475677
252,"TFCN_48D-10","Rhodotorula_paludigena_TFCN_48D-10.proteins","Rhodotorula_paludigena_TFCN_48D-10","","","marsh_tidalflat",NA,NA,NA,NA,NA,NA,NA
253,"DBVPG_4956","Rhodotorula_mucilaginosa_DBVPG_4956.proteins","Rhodotorula_mucilaginosa_DBVPG_4956","Rhodotorula mucilaginosa","Italy","soil","Rhodotorula mucilaginosa",-0.0170449014803531,2.59879158828647,0.705527673197258,4.52489324752105,-0.00302079229472204,0.459755672266156
254,"DBVPG_5228","Rhodotorula_mucilaginosa_DBVPG_5228.proteins","Rhodotorula_mucilaginosa_DBVPG_5228","Rhodotorula mucilaginosa","Italy","soil","Rhodotorula mucilaginosa",-0.0471628466957069,2.81718616230493,0.901974148946849,4.52775272518122,-0.000485792274150399,0.580431978372008
255,"DBVPG_6093","Rhodotorula_mucilaginosa_DBVPG_6093.proteins","Rhodotorula_mucilaginosa_DBVPG_6093","Rhodotorula mucilaginosa","Italy","unknown","Rhodotorula mucilaginosa",-0.0336925911792228,2.51160976733865,0.759922316852907,4.26719921830853,0.00398716820878244,0.39864782581995
256,"DBVPG_6742","Rhodotorula_mucilaginosa_DBVPG_6742.proteins","Rhodotorula_mucilaginosa_DBVPG_6742","Rhodotorula mucilaginosa","Italy","unknown","Rhodotorula mucilaginosa",-0.0187322878151228,2.69091822690935,0.487301442256462,4.58986883530612,0.000175236843627642,0.634582792884054
257,"DBVPG_8043","Rhodotorula_mucilaginosa_DBVPG_8043.proteins","Rhodotorula_mucilaginosa_DBVPG_8043","Rhodotorula mucilaginosa","Italy","water","Rhodotorula mucilaginosa",-0.018865077343539,2.69025853026568,0.476171381554809,4.5944716440974,-6.62545755721815e-05,0.661454411691615
262,"DBVPG_4957","Rhodotorula_mucilaginosa_DBVPG_4957.proteins","Rhodotorula_mucilaginosa_DBVPG_4957","Rhodotorula mucilaginosa","Italy","soil","Rhodotorula mucilaginosa",-0.0452218740412849,2.7896980512276,0.646681221683024,4.28421174598829,0.0150526114425567,0.442148767585025
263,"DBVPG_5229","Rhodotorula_mucilaginosa_DBVPG_5229.proteins","Rhodotorula_mucilaginosa_DBVPG_5229","Rhodotorula mucilaginosa","Italy","soil","Rhodotorula mucilaginosa",-0.0311696055344961,2.70789747798604,0.902112151155263,4.48371404906552,0.00449087037366954,0.388319256336236
265,"DBVPG_6743","Rhodotorula_mucilaginosa_DBVPG_6743.proteins","Rhodotorula_mucilaginosa_DBVPG_6743","Rhodotorula mucilaginosa","Italy","soil","Rhodotorula mucilaginosa",-0.0314239708519943,2.66013111171534,0.784379768299538,4.55337936113184,-0.00450867065380879,0.417047551511729
266,"DBVPG_8058","Rhodotorula_sp._clade_I_DBVPG_8058.proteins","Rhodotorula_sp._clade_I_DBVPG_8058","Rhodotorula sp. clade I","Italy","food","Rhodotorula sp. clade I",-0.0287075333816483,2.66027269054607,0.753217072050958,4.56287774548442,-0.00269218228232002,0.377126377807549
268,"DBVPG_10842","Rhodotorula_mucilaginosa_DBVPG_10842.proteins","Rhodotorula_mucilaginosa_DBVPG_10842","Rhodotorula mucilaginosa","Italy","snow_ice","Rhodotorula mucilaginosa",-0.00579210956537056,2.27405880928051,0.260066945103143,4.45411056002326,0.000206629331864881,0.351248061009347
271,"DBVPG_4958","Rhodotorula_mucilaginosa_DBVPG_4958.proteins","Rhodotorula_mucilaginosa_DBVPG_4958","Rhodotorula mucilaginosa","Italy","soil","Rhodotorula mucilaginosa",-0.0377415888143044,2.73402044239391,0.828793822511907,4.36808127197697,0.00173232046361224,0.360567299081949
272,"DBVPG_5235","Rhodotorula_mucilaginosa_DBVPG_5235.proteins","Rhodotorula_mucilaginosa_DBVPG_5235","Rhodotorula mucilaginosa","Italy","soil","Rhodotorula mucilaginosa",-0.029307378609451,2.57910113624409,0.884982288941752,4.5342836103389,0.00686741721667845,0.350097150225826
273,"DBVPG_6121","Rhodotorula_toruloides_DBVPG_6121.proteins","Rhodotorula_toruloides_DBVPG_6121","Rhodotorula toruloides","Italy","air_cloud","Rhodotorula toruloides",-0.0147420024678153,2.60915506227097,0.597660821216024,4.63087127871195,-0.000171316745113423,0.407717105314019
274,"DBVPG_6803","Rhodotorula_mucilaginosa_DBVPG_6803.proteins","Rhodotorula_mucilaginosa_DBVPG_6803","Rhodotorula mucilaginosa","Italy","soil","Rhodotorula mucilaginosa",-0.0067759720388218,2.20842885714769,0.150755482824887,4.42952672248563,0.0317942157740632,0.303043757201648
275,"DBVPG_10075","Cystobasidium_sp._DBVPG_10075.proteins","Cystobasidium_sp._DBVPG_10075","Cystobasidium sp.","Italy","soil","Cystobasidium sp.",-0.00681568039631239,2.21539915565747,0.184247346678966,NA,NA,0.330835345235638
276,"DBVPG_3778","Rhodotorula_mucilaginosa_DBVPG_3778.proteins","Rhodotorula_mucilaginosa_DBVPG_3778","Rhodotorula mucilaginosa","Italy","soil","Rhodotorula mucilaginosa",-0.0186728618714209,2.5772212654887,0.608903818702734,4.54409206310922,0.00221798535406943,0.427608860047178
277,"DBVPG_10882","Rhodotorula_mucilaginosa_DBVPG_10882.proteins","Rhodotorula_mucilaginosa_DBVPG_10882","Rhodotorula mucilaginosa","Italy","rock","Rhodotorula mucilaginosa",-0.00696221555203375,2.05171042243247,0.0391768794482088,4.21530711530985,0.00406087005580538,0.518314728717081
280,"DBVPG_4962","Rhodotorula_mucilaginosa_DBVPG_4962.proteins","Rhodotorula_mucilaginosa_DBVPG_4962","Rhodotorula mucilaginosa","Italy","soil","Rhodotorula mucilaginosa",-0.0230229675927117,2.67571041530412,0.773086305543502,4.51776703006019,0.00247082730685916,0.370208868845403
281,"DBVPG_5236","Rhodotorula_mucilaginosa_DBVPG_5236.proteins","Rhodotorula_mucilaginosa_DBVPG_5236","Rhodotorula mucilaginosa","Italy","soil","Rhodotorula mucilaginosa",-0.0155953632745267,2.57701944057647,0.517702489243236,4.45962095596596,-0.0187412299021442,0.446971251407748
282,"DBVPG_6195","Rhodotorula_diobovata_DBVPG_6195.proteins","Rhodotorula_diobovata_DBVPG_6195","Rhodotorula diobovata","Italy","marine","Rhodotorula diobovata",-0.0358088770207348,2.56310653243489,0.558487890528166,4.26683483866127,0.000331086739260496,0.396177047915013
283,"DBVPG_7019","Rhodotorula_mucilaginosa_DBVPG_7019.proteins","Rhodotorula_mucilaginosa_DBVPG_7019","Rhodotorula mucilaginosa","Italy","unknown","Rhodotorula mucilaginosa",-0.0112620025958132,2.50768088908173,0.613557000115481,4.22000837387082,0.00780667710764752,0.360994010366997
284,"DBVPG_10753","Rhodotorula_kratochvilovae_DBVPG_10753.proteins","Rhodotorula_kratochvilovae_DBVPG_10753","Rhodotorula kratochvilovae","Italy","built env","Rhodotorula kratochvilovae",-0.0221517957152863,2.22220625066153,0.210868917488752,3.88275360414037,-0.000101650081152127,0.109117148733423
285,"DBVPG_3780","Rhodotorula_mucilaginosa_DBVPG_3780.proteins","Rhodotorula_mucilaginosa_DBVPG_3780","Rhodotorula mucilaginosa","Italy","soil","Rhodotorula mucilaginosa",-0.0257957791950284,2.545897249478,0.424545638815744,4.50470492775496,0.00531327376189217,0.436894960738166
286,"DBVPG_10886","Rhodotorula_mucilaginosa_DBVPG_10886.proteins","Rhodotorula_mucilaginosa_DBVPG_10886","Rhodotorula mucilaginosa","Italy","rock","Rhodotorula mucilaginosa",-0.0242246106063339,2.64024455641775,0.929764144178685,4.34696553395371,-0.00353807334527293,0.50169680088717
289,"DBVPG_4963","Rhodotorula_mucilaginosa_DBVPG_4963.proteins","Rhodotorula_mucilaginosa_DBVPG_4963","Rhodotorula mucilaginosa","Italy","soil","Rhodotorula mucilaginosa",-0.0315556329489718,2.73864156918985,0.693202881255162,4.56580627307986,0.00157274168644976,0.479429228774453
290,"DBVPG_5757","Rhodotorula_mucilaginosa_DBVPG_5757.proteins","Rhodotorula_mucilaginosa_DBVPG_5757","Rhodotorula mucilaginosa","Italy","soil","Rhodotorula mucilaginosa",-0.0280438167194665,2.41406383924932,0.480954331941613,4.37863148071112,0.000610511504660703,0.356511436920971
291,"DBVPG_6202","Rhodotorula_diobovata_DBVPG_6202.proteins","Rhodotorula_diobovata_DBVPG_6202","Rhodotorula diobovata","Italy","marine","Rhodotorula diobovata",-0.024924890666603,2.50322321655722,0.281180203667732,4.40048420752798,0.0415454660935687,0.0655787468583353
292,"DBVPG_7021","Rhodotorula_graminis_DBVPG_7021.proteins","Rhodotorula_graminis_DBVPG_7021","Rhodotorula graminis","Italy","plant","Rhodotorula graminis",-0.0305211101134368,2.70090862498699,0.330238158353165,4.4280864917544,-0.132709022357501,NA
293,"DBVPG_10780","Rhodotorula_mucilaginosa_DBVPG_10780.proteins","Rhodotorula_mucilaginosa_DBVPG_10780","Rhodotorula mucilaginosa","Italy","snow_ice","Rhodotorula mucilaginosa",-0.0289474415059213,2.75288080334237,0.893298124387629,4.29067989182223,0.00422372453178915,0.446297183262948
294,"DBVPG_6083","Rhodotorula_graminis_DBVPG_6083.proteins","Rhodotorula_graminis_DBVPG_6083","Rhodotorula graminis","Italy","plant","Rhodotorula graminis",-0.03172455540197,2.4079156805807,0.404521086385908,4.23120914005063,-0.0121574021891616,0.593108497999164
295,"DBVPG_10937","Rhodotorula_mucilaginosa_DBVPG_10937.proteins","Rhodotorula_mucilaginosa_DBVPG_10937","Rhodotorula mucilaginosa","Italy","food","Rhodotorula mucilaginosa",-0.0329642249235244,2.71429146072198,0.49273525521483,4.50920801550822,-0.00951328476302672,0.480832629138294
298,"DBVPG_4964","Rhodotorula_mucilaginosa_DBVPG_4964.proteins","Rhodotorula_mucilaginosa_DBVPG_4964","Rhodotorula mucilaginosa","Italy","soil","Rhodotorula mucilaginosa",-0.0324806049175161,2.71393686758292,0.603718978560567,4.41975683648087,-0.00320065554302273,0.174294331863949
299,"DBVPG_5758","Rhodotorula_mucilaginosa_DBVPG_5758.proteins","Rhodotorula_mucilaginosa_DBVPG_5758","Rhodotorula mucilaginosa","Italy","soil","Rhodotorula mucilaginosa",-0.0348053311318932,2.37212336707648,0.792212306759786,4.34806697122545,0.00606919563306822,0.439531586659522
300,"DBVPG_6593","Rhodotorula_mucilaginosa_DBVPG_6593.proteins","Rhodotorula_mucilaginosa_DBVPG_6593","Rhodotorula mucilaginosa","Italy","unknown","Rhodotorula mucilaginosa",-0.0194136004311341,2.43864599369552,0.185860293379114,4.56101876520028,0.0101891663825299,0.377818182083761
301,"DBVPG_7323","Rhodotorula_paludigena_DBVPG_7323.proteins","Rhodotorula_paludigena_DBVPG_7323","Rhodotorula paludigena","Italy","marsh_tidalflat","Rhodotorula paludigena",-0.0288802599368808,2.54184863248142,0.423772220970242,4.11573225206145,-0.0335066014645998,0.216277879175549
302,"DBVPG_10348","Rhodotorula_sp._clade_XI_DBVPG_10348.proteins","Rhodotorula_sp._clade_XI_DBVPG_10348","Rhodotorula sp. clade XI","Italy","soil","Rhodotorula sp. clade XI",-0.00397984817608166,2.05734249539967,0.0147425902059092,4.4133293145858,-0.00944377014024629,0.0923646260974293
303,"DBVPG_6092","Rhodotorula_mucilaginosa_DBVPG_6092.proteins","Rhodotorula_mucilaginosa_DBVPG_6092","Rhodotorula mucilaginosa","Italy","unknown","Rhodotorula mucilaginosa",-0.0129091148067177,2.43379004906381,0.300519017174547,4.39803106437941,0.00447181519882269,0.352279037443858
307,"DBVPG_5225","Rhodotorula_mucilaginosa_DBVPG_5225.proteins","Rhodotorula_mucilaginosa_DBVPG_5225","Rhodotorula mucilaginosa","Italy","soil","Rhodotorula mucilaginosa",-0.0244426031381525,2.58920617874007,0.550212480541117,4.58286158541399,0.00432283384946805,0.199486815731681
308,"DBVPG_5759","Rhodotorula_mucilaginosa_DBVPG_5759.proteins","Rhodotorula_mucilaginosa_DBVPG_5759","Rhodotorula mucilaginosa","Italy","soil","Rhodotorula mucilaginosa",-0.0324979293464764,2.40595383177131,0.68458398420326,4.38150559056085,-0.0108101955943169,0.51882929379705
310,"DBVPG_7539","Rhodotorula_kratochvilovae_DBVPG_7539.proteins","Rhodotorula_kratochvilovae_DBVPG_7539","Rhodotorula kratochvilovae","Italy","unknown","Rhodotorula kratochvilovae",-0.00517171241650679,2.10499894082247,0.0111962574020664,3.69812027991118,-0.0483703209041748,0.232842410320049
311,"DBVPG_10383","Rhodotorula_kratochvilovae_DBVPG_10383.proteins","Rhodotorula_kratochvilovae_DBVPG_10383","Rhodotorula kratochvilovae","Italy","soil","Rhodotorula kratochvilovae",-0.0388488265446763,2.55333689663414,0.488001914248561,3.65533538967141,0.0217460410676808,0.502530272645752
312,"DBVPG_6740","Pseudomicrostroma_phylloplanum_DBVPG_6740.proteins","Pseudomicrostroma_phylloplanum_DBVPG_6740","Pseudomicrostroma phylloplanum","Italy","plant","Pseudomicrostroma phylloplanum",-0.0233972833760054,2.65151623375605,0.418573259929775,4.55300671829569,-9.09601730386865e-05,0.31140270115818
313,"DBVPG_5226","Rhodotorula_mucilaginosa_DBVPG_5226.proteins","Rhodotorula_mucilaginosa_DBVPG_5226","Rhodotorula mucilaginosa","Italy","soil","Rhodotorula mucilaginosa",-0.0173626492921452,2.24552826523034,0.195730469314886,4.48659602294935,-0.00546074009859876,0.168271612523983
314,"DBVPG_6081","Rhodotorula_glutinis_DBVPG_6081.proteins","Rhodotorula_glutinis_DBVPG_6081","Rhodotorula glutinis","Italy","air_cloud","Rhodotorula glutinis",-0.00642535081412757,2.0841146981669,0.0165588815817531,4.51266892288159,0.0152975220065823,0.607240500042168
315,"DBVPG_6660","Rhodotorula_mucilaginosa_DBVPG_6660.proteins","Rhodotorula_mucilaginosa_DBVPG_6660","Rhodotorula mucilaginosa","Italy","food","Rhodotorula mucilaginosa",-0.0294279287909081,2.27383492314451,0.451209057692052,4.46468009974221,-0.01533042195476,0.486411047858541
316,"DBVPG_7922","Rhodotorula_evergladensis_DBVPG_7922.proteins","Rhodotorula_evergladensis_DBVPG_7922","Rhodotorula evergladensis","Italy","soil","Rhodotorula evergladensis",-0.0241028927312884,2.4971831687778,0.629043988630593,3.24530997522138,-0.0403732965788933,NA
317,"DBVPG_10619","Rhodotorula_mucilaginosa_DBVPG_10619.proteins","Rhodotorula_mucilaginosa_DBVPG_10619","Rhodotorula mucilaginosa","Italy","plant","Rhodotorula mucilaginosa",-0.032032461699231,2.72522679382738,0.797920786605606,4.43128700498428,-0.00948809414036285,0.448336964302541
318,"DBVPG_6741","Rhodotorula_mucilaginosa_DBVPG_6741.proteins","Rhodotorula_mucilaginosa_DBVPG_6741","Rhodotorula mucilaginosa","Italy","soil","Rhodotorula mucilaginosa",-0.0144448665642985,2.57181706154143,0.807446910086613,4.49721247348601,-0.00519278247721911,0.346867383408566
320,"NRRL_Y-2474","Rhodotorula_graminis_NRRL_Y-2474.proteins","Rhodotorula_graminis_NRRL_Y-2474","Rhodotorula graminis","America","plant","Rhodotorula graminis",-0.00520975252410093,2.07214087852162,0.0124737771600994,3.42142443195947,-0.0981736362992659,0.0931045610446207
321,"NRRL_Y-2504","Rhodotorula_dairenensis_NRRL_Y-2504.proteins","Rhodotorula_dairenensis_NRRL_Y-2504","Rhodotorula dairenensis","America","soil","Rhodotorula dairenensis",-0.0124819344796491,2.47674926189839,0.0992529229145465,4.13354311609761,-0.0144179244862352,0.436749672456514
322,"NRRL_Y-2510","Rhodotorula_mucilaginosa_NRRL_Y-2510.proteins","Rhodotorula_mucilaginosa_NRRL_Y-2510","Rhodotorula mucilaginosa","America","unknown","Rhodotorula mucilaginosa",0.0296210427025331,1.35061664557973,0.239966367520406,4.14488985834481,0.0307227628811359,1.96228286999582
323,"NRRL_Y-7192","Rhodotorula_sphaerocarpa_NRRL_Y-7192.proteins","Rhodotorula_sphaerocarpa_NRRL_Y-7192","Rhodotorula sphaerocarpa","America","unknown","Rhodotorula sphaerocarpa",-0.00766768161063335,2.46307407122766,0.193433245113671,4.30869601094862,0.0177932771371528,0.289169336052291
324,"NRRL_Y-7196","Rhodotorula_diobovata_NRRL_Y-7196.proteins","Rhodotorula_diobovata_NRRL_Y-7196","Rhodotorula diobovata","America","unknown","Rhodotorula diobovata",-0.0401184547376697,2.68696669340347,0.35156413240518,3.67659553950067,-0.0321382478217226,0.171047396103385
325,"NRRL_Y-12923","Rhodotorula_paludigena_NRRL_Y-12923.proteins","Rhodotorula_paludigena_NRRL_Y-12923","Rhodotorula paludigena","America","plant","Rhodotorula paludigena",-0.0322600079421215,2.6267342161619,0.680601493959587,3.51078111683322,-0.0366649426131839,0.394236462044597
326,"NRRL_Y-17376","Rhodotorula_araucariae_NRRL_Y-17376.proteins","Rhodotorula_araucariae_NRRL_Y-17376","Rhodotorula araucariae","America","plant","Rhodotorula araucariae",-0.0111061259435681,2.15329946225013,0.0417166142999468,3.84623292606314,0.0105700100901051,0.317999079604028
NA,NA,"Rhodotorula_mucilaginosa_DH4148.proteins","Rhodotorula_mucilaginosa_DH4148",NA,NA,NA,NA,NA,NA,NA,NA,NA,NA
