species,copper_mm,aCV_median,n_colonies,aCV_mean
Cystobasidium sp.,0.0,0.3068542533417411,10,0.30743238293265357
Cystobasidium sp.,5.0,0.40364440807174906,10,0.4028100946025009
Cystobasidium sp.,10.0,0.5771503942925765,10,0.5910662242358639
Cystobasidium sp.,15.0,0.6245601064077644,10,0.6251315746388043
Cystobasidium sp.,20.0,0.8299001356351652,4,0.8315355232287678
Cystobasidium sp.,25.0,0.98935603111418,5,1.0299048758181024
Cystobasidium sp.,30.0,2.0157471968221783,10,1.9223795429926427
Pseudomicrostroma phylloplanum,0.0,0.3262210014262462,15,0.3231000606609742
Pseudomicrostroma phylloplanum,5.0,0.309036166393008,15,0.31002008475482534
Pseudomicrostroma phylloplanum,10.0,0.3730570159481267,15,0.3795727974674165
Pseudomicrostroma phylloplanum,15.0,0.3837505283069186,15,0.3758160428338951
Pseudomicrostroma phylloplanum,20.0,0.4109639068133065,15,0.4093474917385847
Pseudomicrostroma phylloplanum,25.0,0.4500460283895185,15,0.43767122150729265
Pseudomicrostroma phylloplanum,30.0,0.5586463794604837,15,0.6241661186317887
Rhodotorula araucariae,0.0,0.2595644277228784,15,0.2637906743429993
Rhodotorula araucariae,5.0,0.4234361356958843,15,0.39458466270575454
Rhodotorula araucariae,10.0,0.7103382277467625,15,0.6803921063065219
Rhodotorula araucariae,15.0,-0.229124944134937,15,-0.06973747869133132
Rhodotorula araucariae,20.0,0.5548286826097337,10,0.5555598012210483
Rhodotorula araucariae,25.0,0.5202360810059087,10,0.5210788733477124
Rhodotorula araucariae,30.0,0.2415879658177191,5,0.24429954994982667
Rhodotorula dairenensis,0.0,0.2886579649174537,157,0.2780758306753876
Rhodotorula dairenensis,5.0,0.3628279968433177,154,0.3635926870428262
Rhodotorula dairenensis,10.0,0.4094853384100188,144,0.41070066780001374
Rhodotorula dairenensis,15.0,0.4355117749760221,150,0.45225571687240756
Rhodotorula dairenensis,20.0,0.6397848995642524,147,0.6060558737267642
Rhodotorula dairenensis,25.0,0.5567829869533184,145,0.6625715782300613
Rhodotorula dairenensis,30.0,0.5775318376688285,147,0.7011654997520211
Rhodotorula diobovata,0.0,0.297585731813404,175,0.293709966442394
Rhodotorula diobovata,5.0,0.3284771478844361,171,0.3009336612466891
Rhodotorula diobovata,10.0,0.41382284886691867,162,0.4729423005245234
Rhodotorula diobovata,15.0,0.4317796443253242,165,0.3364265494808193
Rhodotorula diobovata,20.0,0.47715211246004163,146,0.7068607079531398
Rhodotorula diobovata,25.0,0.4514747060317656,134,0.27873799929625015
Rhodotorula diobovata,30.0,0.4140630304872635,133,-0.15761718732948526
Rhodotorula evergladensis,0.0,0.28046917398450766,20,0.2785415966151748
Rhodotorula evergladensis,5.0,0.2916716201621515,25,0.3246061373851253
Rhodotorula evergladensis,10.0,0.3639654301227845,20,0.3600653182280013
Rhodotorula evergladensis,15.0,0.3499491157036246,25,0.3811787254553273
Rhodotorula evergladensis,20.0,0.480041525765742,22,0.47455174803996414
Rhodotorula evergladensis,25.0,0.5090056186715337,25,0.5272615707321257
Rhodotorula evergladensis,30.0,0.4170410084582844,23,0.6589308391125033
Rhodotorula glutinis,0.0,0.2918741296075346,25,0.38391691460561306
Rhodotorula glutinis,5.0,0.3096810521066096,15,0.2788248423722697
Rhodotorula glutinis,10.0,0.4044888903836565,15,0.401302043206546
Rhodotorula glutinis,15.0,0.42260136797100245,10,0.41557279784047313
Rhodotorula glutinis,20.0,0.47058319992925635,12,0.46917064713719525
Rhodotorula glutinis,25.0,0.4320409230204439,20,0.436616472438809
Rhodotorula glutinis,30.0,0.35688912801026806,8,0.3483346485901616
Rhodotorula graminis,0.0,0.21421357635486965,30,0.2305528822853737
Rhodotorula graminis,5.0,0.3072480039451032,29,0.3344724283438495
Rhodotorula graminis,10.0,0.4514496634231051,40,0.4854470298080069
Rhodotorula graminis,15.0,0.45359916207183487,40,0.4827121206780247
Rhodotorula graminis,20.0,0.5562083228117665,37,0.48197471804620107
Rhodotorula graminis,25.0,0.5580006589737777,45,0.9083839840536498
Rhodotorula graminis,30.0,0.39369983293790606,28,0.17998439835624105
Rhodotorula kratochvilovae,0.0,0.2694029682947209,60,0.2873153998267564
Rhodotorula kratochvilovae,5.0,0.44737140535965864,60,0.43774241666781283
Rhodotorula kratochvilovae,10.0,1.4142745669210313,43,1.1396935380675186
Rhodotorula kratochvilovae,15.0,-0.9919312793345578,45,2.6489378098840484
Rhodotorula kratochvilovae,20.0,-0.2279613934276346,29,0.03530716158193033
Rhodotorula kratochvilovae,25.0,0.4360656954608225,25,0.3359314988642285
Rhodotorula kratochvilovae,30.0,-0.3205444483813983,19,-0.3526738162393886
Rhodotorula mucilaginosa,0.0,0.30879567123899,4236,0.3174286287469351
Rhodotorula mucilaginosa,5.0,0.318659192444946,4169,0.3134927042018794
Rhodotorula mucilaginosa,10.0,0.3970308276588242,3930,0.42295682661850564
Rhodotorula mucilaginosa,15.0,0.4041856134492428,4030,0.4400204334204904
Rhodotorula mucilaginosa,20.0,0.443243245048306,3963,0.48391822264574674
Rhodotorula mucilaginosa,25.0,0.45534312407387895,3888,0.5009572500230165
Rhodotorula mucilaginosa,30.0,0.5360514713027281,3967,3.719647919055293
Rhodotorula pacifica,0.0,0.3010291930472153,60,0.300084427653618
Rhodotorula pacifica,5.0,0.2878141482416654,59,0.3030065170789665
Rhodotorula pacifica,10.0,0.38595107595976424,60,0.7371016099905116
Rhodotorula pacifica,15.0,0.36626524663709364,60,0.1443898210339992
Rhodotorula pacifica,20.0,0.3914267024079256,59,0.4298941952753944
Rhodotorula pacifica,25.0,0.4535189633560038,55,0.4904281439853078
Rhodotorula pacifica,30.0,0.4711209970993879,57,0.42842418367018864
Rhodotorula paludigena,0.0,0.3004980218545172,165,0.3061506519524891
Rhodotorula paludigena,5.0,0.31002449369317575,156,0.45481703801039775
Rhodotorula paludigena,10.0,0.4179243907367659,152,0.4404785870942107
Rhodotorula paludigena,15.0,0.4997314718282135,155,0.580241144885798
Rhodotorula paludigena,20.0,0.4754230667830975,159,-0.5924780429246259
Rhodotorula paludigena,25.0,0.4916182876904614,160,0.46052622800927157
Rhodotorula paludigena,30.0,0.4655232258305611,143,1.3799728560087459
Rhodotorula sp. clade I,0.0,0.2979006236473367,115,0.16295876146397065
Rhodotorula sp. clade I,5.0,0.2984508962100164,110,0.17732474770084886
Rhodotorula sp. clade I,10.0,0.3560975204987801,109,0.2779253745754839
Rhodotorula sp. clade I,15.0,0.3617006392257538,105,0.3215836107148749
Rhodotorula sp. clade I,20.0,0.406410913099233,89,0.3136005990352098
Rhodotorula sp. clade I,25.0,0.4099823256712058,85,0.389997127783852
Rhodotorula sp. clade I,30.0,0.5074535787191584,90,0.6426517405023751
Rhodotorula sp. clade XI,0.0,0.30462714053077067,40,0.3068516148339938
Rhodotorula sp. clade XI,5.0,0.37147133623081896,40,0.3699044222654505
Rhodotorula sp. clade XI,10.0,0.42101138132313526,40,0.519629842106494
Rhodotorula sp. clade XI,15.0,0.7174298190225712,40,0.8465976503856453
Rhodotorula sp. clade XI,20.0,0.3866529688894423,34,2.5912205376390975
Rhodotorula sp. clade XI,25.0,0.39277449984681223,36,0.46272842173396866
Rhodotorula sp. clade XI,30.0,-0.4952849514803604,40,-0.41301703166487014
Rhodotorula sp. clade XIII,0.0,0.33483425735119526,20,0.3251804609786238
Rhodotorula sp. clade XIII,5.0,0.38166849216925247,20,0.38754268321156077
Rhodotorula sp. clade XIII,10.0,0.6877497803046861,20,2.9468150904635197
Rhodotorula sp. clade XIII,15.0,1.037957343712782,20,2.7931927974949398
Rhodotorula sp. clade XIII,20.0,-4.260556661723527,15,-97.30380446840921
Rhodotorula sp. clade XIII,25.0,-1.628364544139113,15,1.639243287375741
Rhodotorula sp. clade XIII,30.0,-0.6859943188762869,15,-0.8278840435413558
Rhodotorula sphaerocarpa,0.0,0.3228707025875977,116,0.31934053590383354
Rhodotorula sphaerocarpa,5.0,0.2803499734654337,125,-0.0720838055721339
Rhodotorula sphaerocarpa,10.0,0.35610459159989116,114,0.3005062696631116
Rhodotorula sphaerocarpa,15.0,0.3499507228552969,119,0.28286467510716806
Rhodotorula sphaerocarpa,20.0,0.3706911043639483,89,0.40159896514493704
Rhodotorula sphaerocarpa,25.0,0.4108568929123517,85,0.432882901271162
Rhodotorula sphaerocarpa,30.0,0.4861491837744921,94,18.918707211186128
Rhodotorula taiwanensis,0.0,0.3312332027127821,115,0.3283544634096098
Rhodotorula taiwanensis,5.0,0.32536854223702544,110,0.31528171317250697
Rhodotorula taiwanensis,10.0,0.392037844562795,111,0.4011582968103337
Rhodotorula taiwanensis,15.0,0.3361071151996109,105,0.40112188168742824
Rhodotorula taiwanensis,20.0,0.3231123426682818,95,0.0778377574370371
Rhodotorula taiwanensis,25.0,0.31746500914554704,90,0.8837821631060109
Rhodotorula taiwanensis,30.0,0.4372802998328298,48,1.4469250046886935
Rhodotorula toruloides,0.0,0.3076830295235786,175,0.31038488364171357
Rhodotorula toruloides,5.0,0.3373234208919997,170,0.344890770138467
Rhodotorula toruloides,10.0,0.4367353719473719,151,0.49612886455989796
Rhodotorula toruloides,15.0,0.4913276127733934,165,0.5752594298429303
Rhodotorula toruloides,20.0,0.4860934539019599,152,6.016809334815558
Rhodotorula toruloides,25.0,0.4241872751799811,130,0.2831637505092777
Rhodotorula toruloides,30.0,0.3647742712478403,125,0.7496334062528365
