strain_id,species,n_cu,slope_logchroma_per_mM,intercept_logchroma,r2,environment,origin
1.0,Rhodotorula mucilaginosa,28,-0.02507567092060919,2.544621258485267,0.5434417009476514,marsh_tidalflat,China
2.0,Rhodotorula mucilaginosa,28,-0.019046626882036347,2.559799572393261,0.4161846376674192,marsh_tidalflat,China
3.0,Rhodotorula mucilaginosa,24,0.00936436815696134,2.049503661899555,0.032215945171487834,marsh_tidalflat,China
4.0,Rhodotorula mucilaginosa,28,-0.020670377315735268,2.5841040742751136,0.48627376823757346,marsh_tidalflat,China
5.0,Rhodotorula mucilaginosa,28,-0.016901348865517994,2.4949918944098557,0.2698388955502177,marsh_tidalflat,China
6.0,Rhodotorula mucilaginosa,28,-0.024487876093763582,2.520995229687746,0.5038642419519666,marsh_tidalflat,China
7.0,Rhodotorula mucilaginosa,28,-0.024512506092527024,2.519091779802751,0.39150848571323066,marsh_tidalflat,China
8.0,Rhodotorula mucilaginosa,28,-0.04505406488090844,2.7281703523410643,0.6292652290179357,marsh_tidalflat,China
9.0,Rhodotorula mucilaginosa,28,-0.026728381430635082,2.6566345598213092,0.5389548137416587,marsh_tidalflat,China
10.0,Rhodotorula sphaerocarpa,17,-0.007847711339761556,2.220207545103878,0.016107811865507086,marsh_tidalflat,China
11.0,Rhodotorula mucilaginosa,28,-0.010812862681714844,2.3718236970493685,0.346795450715828,marsh_tidalflat,China
12.0,Rhodotorula mucilaginosa,28,-0.01136157332646233,2.5296450273605005,0.41009226795102693,marsh_tidalflat,China
13.0,Rhodotorula mucilaginosa,28,-0.012105897256148164,2.53000642769793,0.538373946451044,marsh_tidalflat,China
14.0,Rhodotorula mucilaginosa,28,-0.023321828549831766,2.5404358024620204,0.431882886037634,marsh_tidalflat,China
15.0,Rhodotorula mucilaginosa,28,-0.01894742753172135,2.626540127439994,0.2662181438248869,marsh_tidalflat,China
16.0,Rhodotorula sp. clade XI,28,-0.01116537372094781,2.396693203947765,0.23259415829902633,marsh_tidalflat,China
17.0,Rhodotorula diobovata,27,-0.0336244942724961,2.531841972040205,0.45192049074333257,marsh_tidalflat,China
18.0,Rhodotorula mucilaginosa,27,-0.027486955739700974,2.4966641215504457,0.3919419912643807,marsh_tidalflat,China
19.0,Rhodotorula mucilaginosa,28,-0.013242739441193436,2.5531649403556687,0.6091099625053042,marsh_tidalflat,China
20.0,Rhodotorula mucilaginosa,23,-0.01547433359841709,2.319106853488407,0.06964251140137165,marsh_tidalflat,China
21.0,Rhodotorula mucilaginosa,21,-0.032342967439482055,2.5584627865764613,0.610487576230305,marsh_tidalflat,China
22.0,Rhodotorula mucilaginosa,28,-0.027654395683416096,2.540496497976397,0.39344942692886015,marsh_tidalflat,China
23.0,Rhodotorula mucilaginosa,9,-0.0015277041962348547,2.0536224997433856,0.0010641847379247377,marsh_tidalflat,China
24.0,Rhodotorula mucilaginosa,28,-0.016565978539608815,2.5815681576448433,0.5906345400926757,marsh_tidalflat,China
25.0,Rhodotorula mucilaginosa,25,-0.004195747659018737,2.151585704409506,0.006266863696219362,marsh_tidalflat,China
26.0,Rhodotorula mucilaginosa,28,-0.020629769115862836,2.5433360138707055,0.4213778087606826,marsh_tidalflat,China
27.0,Rhodotorula mucilaginosa,28,-0.015794939406862364,2.518514900042716,0.39568427511025506,marsh_tidalflat,China
28.0,Rhodotorula pacifica,28,-0.023230377973594646,2.5021968693354233,0.22065659104075025,marsh_tidalflat,China
29.0,Rhodotorula mucilaginosa,24,0.006852864569169603,1.8203792738552746,0.02430400271842253,marsh_tidalflat,China
30.0,Rhodotorula mucilaginosa,28,-0.04045105683136736,2.7491033651583527,0.6340920221373353,marsh_tidalflat,China
31.0,Rhodotorula mucilaginosa,28,-0.03342973048725736,2.6371271015846443,0.6542239013521877,marsh_tidalflat,China
32.0,Rhodotorula mucilaginosa,27,-0.035836170699041096,2.66330256016185,0.7364469039638788,marsh_tidalflat,China
33.0,Rhodotorula mucilaginosa,28,-0.034178385860462554,2.579168527552958,0.5811886664728817,marsh_tidalflat,China
34.0,Rhodotorula sphaerocarpa,24,-0.017540398362016717,2.4872453661968894,0.09463826360409251,marsh_tidalflat,
36.0,Rhodotorula mucilaginosa,28,-0.020525806480310983,2.3927989239852026,0.6232239750297576,marsh_tidalflat,China
37.0,Rhodotorula paludigena,14,-0.0341802364114025,2.5169813328410258,0.709937045080611,marsh_tidalflat,China
38.0,Rhodotorula mucilaginosa,28,-0.03157697841433213,2.6790788728810333,0.5247250638321284,marsh_tidalflat,China
39.0,Rhodotorula mucilaginosa,28,-0.03724441903298652,2.6449381529951594,0.7298994396055302,marsh_tidalflat,China
40.0,Rhodotorula mucilaginosa,28,-0.022281517441097024,2.6205613676926025,0.29754914276396194,marsh_tidalflat,China
41.0,Rhodotorula mucilaginosa,28,-0.02501824375901683,2.6200879666820436,0.4931123797109863,marsh_tidalflat,China
42.0,Rhodotorula mucilaginosa,19,0.00291756552209305,1.901752724067318,0.004988826555749927,marsh_tidalflat,China
43.0,Rhodotorula toruloides,23,-0.015036489136710528,1.9582218107234548,0.06657055928814001,marsh_tidalflat,China
44.0,Rhodotorula diobovata,25,-0.0125112019584418,2.345512551651385,0.16958124162017718,marsh_tidalflat,China
45.0,Rhodotorula mucilaginosa,22,-0.02193611656689603,2.3819483087766704,0.2503788599615752,marsh_tidalflat,China
46.0,Rhodotorula paludigena,21,-0.020236938684013807,2.392761234829744,0.21451426452283331,marsh_tidalflat,China
47.0,Rhodotorula mucilaginosa,18,-0.013039915586605354,2.415580142010871,0.1530425822531123,marsh_tidalflat,China
48.0,Rhodotorula mucilaginosa,28,-0.032837739651753635,2.5514752815859523,0.36720245115070854,marsh_tidalflat,China
49.0,Rhodotorula mucilaginosa,28,-0.044904360020831736,2.7790996582764302,0.7816094644793715,marsh_tidalflat,China
50.0,Rhodotorula mucilaginosa,28,-0.04918513412145729,2.7527620821207788,0.7236028257292443,marsh_tidalflat,China
51.0,Rhodotorula mucilaginosa,21,-0.03913142048624907,2.694186775182315,0.7832794189794818,marsh_tidalflat,China
52.0,Rhodotorula mucilaginosa,28,-0.013877799597413002,2.4840743324900485,0.3488270376487427,,China
53.0,Rhodotorula mucilaginosa,20,-0.03633973478981177,2.7068945402706777,0.7078996141578563,marsh_tidalflat,China
54.0,Rhodotorula mucilaginosa,28,-0.019153997348343846,2.552378840771842,0.48227649810121875,marsh_tidalflat,China
55.0,Rhodotorula mucilaginosa,28,-0.02662716542001558,2.4754274695902727,0.442439357898425,marsh_tidalflat,China
56.0,Rhodotorula mucilaginosa,28,-0.03364445624645216,2.632587884699296,0.5032157893451313,marsh_tidalflat,China
57.0,Rhodotorula mucilaginosa,28,-0.017041482055866225,2.5279002976820504,0.299098447768528,,China
58.0,Rhodotorula mucilaginosa,28,-0.025931138870425155,2.617716078530857,0.5497613000936383,marsh_tidalflat,China
59.0,Rhodotorula mucilaginosa,28,-0.03000512170462027,2.6237076198673535,0.6020614747963845,marsh_tidalflat,China
60.0,Rhodotorula mucilaginosa,28,-0.013501444577125668,2.4893712777402537,0.4469504570728013,marsh_tidalflat,China
61.0,Rhodotorula toruloides,21,-0.03862807034968654,2.518452549546943,0.5724060371332039,marsh_tidalflat,China
62.0,Rhodotorula mucilaginosa,23,-0.007562878278433813,2.314518604558432,0.04173964171073481,marsh_tidalflat,China
63.0,Rhodotorula mucilaginosa,21,-0.027903314781829402,2.611155183708547,0.5830097284230579,,China
64.0,Rhodotorula mucilaginosa,28,-0.04092756908521166,2.683499033778751,0.540639893509341,marsh_tidalflat,China
65.0,Rhodotorula mucilaginosa,28,-0.012700093614384742,2.427513897359158,0.2566162900131549,marsh_tidalflat,China
66.0,Rhodotorula mucilaginosa,28,-0.020292689369041036,2.5672919932011427,0.4469997741728503,marsh_tidalflat,China
67.0,Rhodotorula mucilaginosa,28,-0.021165301334485444,2.584638809677767,0.6787946811135142,marsh_tidalflat,China
68.0,Rhodotorula mucilaginosa,27,-0.019429831376379617,2.527670930266363,0.21843088679671468,marsh_tidalflat,China
69.0,Rhodotorula mucilaginosa,28,-0.01659092903440761,2.4684652766313344,0.3390325291322074,marsh_tidalflat,China
71.0,Rhodotorula dairenensis,28,-0.004624134731671639,2.4010454510182373,0.05807872641408387,marsh_tidalflat,China
72.0,Rhodotorula mucilaginosa,21,-0.03948954674165415,2.712950000662148,0.6829094249944556,marsh_tidalflat,China
73.0,Rhodotorula mucilaginosa,28,-0.01378085221420273,2.4708994888686666,0.4651140474508083,marsh_tidalflat,China
74.0,Rhodotorula mucilaginosa,28,-0.010609998319306323,2.4519726990205313,0.36482436159348475,marsh_tidalflat,China
75.0,Rhodotorula mucilaginosa,28,-0.019947104436103848,2.5499529006310846,0.6533126338173463,marsh_tidalflat,China
76.0,Rhodotorula mucilaginosa,28,-0.02124195278084456,2.610769441263532,0.4070468109191854,marsh_tidalflat,China
77.0,Rhodotorula mucilaginosa,28,-0.013313166096863257,2.485819525590589,0.5179962108634182,,China
78.0,Rhodotorula mucilaginosa,28,-0.021141822886023044,2.478203398361078,0.7469313656655335,marsh_tidalflat,China
79.0,Rhodotorula mucilaginosa,28,-0.04416946465661295,2.6140802300458037,0.8120398250478523,marsh_tidalflat,China
80.0,Rhodotorula pacifica,28,-0.013932788831480507,2.499499408939139,0.2620674038397199,marsh_tidalflat,China
81.0,Rhodotorula mucilaginosa,28,-0.03637954546594688,2.696661101626274,0.5823524979701161,marsh_tidalflat,China
83.0,Rhodotorula mucilaginosa,23,-0.02847843979463922,2.471007093324442,0.24663104419045784,marsh_tidalflat,China
84.0,Rhodotorula paludigena,7,-0.0138411343230467,2.4624819000109786,0.3192459895043327,marsh_tidalflat,China
85.0,Rhodotorula paludigena,14,-0.021310239121240356,2.500080985642973,0.6766649714449949,marsh_tidalflat,China
86.0,Rhodotorula mucilaginosa,28,-0.021874412570951286,2.352849157799996,0.38641463555694444,,China
88.0,Rhodotorula toruloides,20,-0.030746949736787252,2.2055715845911914,0.222042785690816,,China
89.0,Rhodotorula mucilaginosa,28,-0.0013607985379639823,2.1785379470154913,0.000875730544471801,marsh_tidalflat,China
91.0,Rhodotorula diobovata,27,-0.05031835965941372,2.738795654780513,0.6710530756576608,marsh_tidalflat,China
92.0,Rhodotorula taiwanensis,25,-0.025787240796839618,2.719471856845502,0.8640735850699214,marsh_tidalflat,China
93.0,Rhodotorula paludigena,19,-0.01783632913922652,2.239002624702747,0.09748550635369872,marsh_tidalflat,China
94.0,Rhodotorula paludigena,7,-0.024390272215712595,2.5775119550501735,0.7384285540658776,marsh_tidalflat,China
95.0,Rhodotorula mucilaginosa,28,-0.013302153498155165,2.417153156051396,0.10075684460638527,marsh_tidalflat,China
96.0,Rhodotorula toruloides,24,-0.043541837112058425,2.2736970364779134,0.30631854594696534,marsh_tidalflat,China
97.0,Rhodotorula mucilaginosa,28,-0.021329056284837233,2.5198015288317905,0.5860546176233892,marsh_tidalflat,China
98.0,Rhodotorula mucilaginosa,28,-0.023285231953166226,2.6507492041700353,0.4576287424186905,marsh_tidalflat,China
99.0,Rhodotorula mucilaginosa,28,-0.010567563628763578,2.5854104315333863,0.4721025832859053,marsh_tidalflat,China
100.0,Rhodotorula mucilaginosa,28,-0.015507562711875018,2.565330037185088,0.5589091256456463,marsh_tidalflat,China
101.0,Rhodotorula sphaerocarpa,9,-0.017273718298923046,2.170064761451786,0.10344805502566486,marsh_tidalflat,China
102.0,Rhodotorula paludigena,7,-0.00924114794575142,2.2690626561945697,0.297799440990797,marsh_tidalflat,China
103.0,Rhodotorula paludigena,7,-0.018101903899788992,2.6754487038198462,0.6572070318866577,marsh_tidalflat,China
104.0,Rhodotorula mucilaginosa,28,-0.024535784827708098,2.6720689490673273,0.5726010048676333,marsh_tidalflat,China
105.0,Rhodotorula toruloides,20,-0.027810536634328552,2.7252234688096206,0.5601446004229619,marsh_tidalflat,China
106.0,Rhodotorula mucilaginosa,28,-0.04464422238267912,2.784723607621168,0.8586826324680016,marsh_tidalflat,China
107.0,Rhodotorula mucilaginosa,28,-0.010320477357141544,2.4277307262434813,0.36589250455042543,,China
108.0,Rhodotorula mucilaginosa,28,-0.0391698953365825,2.689230225332153,0.809622248792813,marsh_tidalflat,China
109.0,Rhodotorula mucilaginosa,28,-0.021941773960874076,2.596256758710319,0.4660290946372181,marsh_tidalflat,China
110.0,Rhodotorula sp. clade I,17,-0.0053490561044361356,2.1448661002094216,0.008500527859608033,marsh_tidalflat,China
111.0,Rhodotorula diobovata,27,-0.02546343818399667,2.6375710038241036,0.6323093818813065,marsh_tidalflat,China
112.0,Rhodotorula sp. clade I,9,0.013890791022678,1.9623861775835765,0.08437516069354688,marsh_tidalflat,China
113.0,Rhodotorula mucilaginosa,28,-0.0051158902910577895,2.354043945028944,0.022547615315968796,marsh_tidalflat,China
114.0,Rhodotorula toruloides,19,-0.047477103439039194,2.4423272685685578,0.5939358552119769,marsh_tidalflat,China
115.0,Rhodotorula mucilaginosa,21,-0.01172531656864744,2.4866832825733916,0.5442291306241132,marsh_tidalflat,China
116.0,Rhodotorula mucilaginosa,27,-0.04695845830149256,2.6841048163007257,0.611507801135575,marsh_tidalflat,China
117.0,Rhodotorula mucilaginosa,28,-0.03814495147205341,2.650707862021925,0.7721305256349972,marsh_tidalflat,China
118.0,Rhodotorula taiwanensis,27,-0.02993279873385716,2.691656284223119,0.7107844080257336,marsh_tidalflat,China
119.0,Rhodotorula sp. clade I,28,-0.036316992371354925,2.68099860800573,0.6635311369269892,marsh_tidalflat,China
120.0,Rhodotorula diobovata,20,-0.030332045155795722,2.388400652296177,0.22606777338033957,marsh_tidalflat,China
121.0,Rhodotorula paludigena,10,-0.0122056500375171,1.74789429579219,0.03181663605726014,marsh_tidalflat,China
122.0,Rhodotorula sp. clade I,7,-0.006304914333801612,2.5219559410385437,0.8637193916348468,marsh_tidalflat,China
123.0,Rhodotorula sp. clade I,18,-0.00023578594762077836,2.0510078672974372,1.4208324629267305e-05,marsh_tidalflat,China
124.0,Rhodotorula mucilaginosa,28,-0.03867082247643319,2.6992456284953414,0.6469507492673704,marsh_tidalflat,China
125.0,Rhodotorula mucilaginosa,28,-0.02569736027928918,2.5011629675735927,0.5029952679700738,marsh_tidalflat,China
126.0,Rhodotorula mucilaginosa,28,-0.030977392899812876,2.694698952195079,0.4769185117550292,marsh_tidalflat,China
127.0,Rhodotorula mucilaginosa,28,-0.03744952018618525,2.7197719570646024,0.7422170632796264,marsh_tidalflat,China
128.0,Rhodotorula graminis,7,-0.0539790143207154,2.477366672866734,0.7640769984808138,marsh_tidalflat,China
129.0,Rhodotorula mucilaginosa,28,-0.015548203287799234,2.5537335745314222,0.3034174319376018,marsh_tidalflat,China
130.0,Rhodotorula mucilaginosa,28,-0.00523939124743176,2.2106744564586274,0.027243687844423006,,China
131.0,Rhodotorula mucilaginosa,28,-0.0153784189966674,2.56513908625836,0.6112648932981742,marsh_tidalflat,China
133.0,Rhodotorula mucilaginosa,28,-0.013728338239115734,2.5455126111302167,0.6111891701304796,marsh_tidalflat,China
134.0,Rhodotorula mucilaginosa,28,-0.02056365733858684,2.5765342171816856,0.5338570077915389,marsh_tidalflat,China
135.0,Rhodotorula mucilaginosa,28,-0.024176090796078128,2.6208549997621002,0.6583762907452065,marsh_tidalflat,China
136.0,Rhodotorula sphaerocarpa,20,0.004928511313140222,2.0390872259327306,0.006842495546889027,marsh_tidalflat,China
137.0,Rhodotorula taiwanensis,27,-0.03473510544119402,2.669128821124513,0.619142449489173,marsh_tidalflat,China
138.0,Rhodotorula paludigena,7,-0.01678609801489621,2.606447430440353,0.7025125109878212,marsh_tidalflat,China
139.0,Rhodotorula sp. clade I,22,-0.030534284520422172,2.5807808727810944,0.3184605018080039,,China
140.0,Rhodotorula sp. clade I,15,-0.031667919789370065,2.599805842208627,0.3396024020383179,marsh_tidalflat,China
141.0,Rhodotorula toruloides,21,-0.042878608307388696,2.633868829057046,0.42149427539344947,marsh_tidalflat,China
142.0,Rhodotorula mucilaginosa,28,-0.010794673035090099,2.5007003396219245,0.46582006107471835,,China
143.0,Rhodotorula mucilaginosa,28,-0.012896222882442944,2.604004556817867,0.6326403032223307,marsh_tidalflat,China
144.0,Rhodotorula mucilaginosa,28,-0.015976766952604554,2.551562190742715,0.546274487485024,marsh_tidalflat,China
145.0,Rhodotorula mucilaginosa,28,-0.01839564539165113,2.5337281445368696,0.4798377173630926,marsh_tidalflat,China
146.0,Rhodotorula mucilaginosa,28,-0.01600708743445484,2.569167375301863,0.6835507768053104,marsh_tidalflat,China
147.0,Rhodotorula paludigena,7,-0.004685031199818845,2.2339754209061673,0.05926601227294001,marsh_tidalflat,China
148.0,Rhodotorula mucilaginosa,28,-0.020186009719059574,2.609451628706504,0.3857946152452114,marsh_tidalflat,China
149.0,Rhodotorula sphaerocarpa,21,0.012008977499126909,1.8554140981813134,0.026336471139877325,marsh_tidalflat,China
150.0,Rhodotorula mucilaginosa,28,-0.03691421981063008,2.7670594970502274,0.6920331707502603,marsh_tidalflat,China
151.0,Rhodotorula mucilaginosa,28,-0.02088374498779177,2.5694095174892118,0.42130906685924807,,China
152.0,Rhodotorula mucilaginosa,28,-0.02229046088938444,2.594275719748255,0.4076808800364064,marsh_tidalflat,China
153.0,Rhodotorula mucilaginosa,28,-0.031066389494382257,2.5984981599305716,0.3267888710872091,marsh_tidalflat,China
155.0,Rhodotorula taiwanensis,26,-0.02745160834872497,2.7593030047019345,0.5636188792795088,marsh_tidalflat,China
156.0,Rhodotorula paludigena,28,-0.038974989237774774,2.8298048306355206,0.6598373561793044,marsh_tidalflat,China
157.0,Rhodotorula paludigena,28,-0.048117786016448554,2.8168362763360317,0.6256000453062908,marsh_tidalflat,China
158.0,Rhodotorula mucilaginosa,28,-0.013435276850821165,2.374848718490598,0.13421202571307222,marsh_tidalflat,China
159.0,Rhodotorula mucilaginosa,28,-0.013018019478876057,2.5357968404557782,0.5001910966068936,marsh_tidalflat,China
161.0,Rhodotorula mucilaginosa,28,-0.019716720985315853,2.66907945478618,0.507720570853653,marsh_tidalflat,China
162.0,Rhodotorula mucilaginosa,21,-0.04251972187744256,2.7304257603714808,0.8487780175331711,marsh_tidalflat,China
163.0,Rhodotorula mucilaginosa,28,-0.019465677725404817,2.4272782493239635,0.37835763080791723,marsh_tidalflat,China
164.0,Rhodotorula mucilaginosa,28,-0.019885998495962925,2.45966737410364,0.17969846233962686,marsh_tidalflat,China
166.0,Rhodotorula mucilaginosa,24,-0.03273120405018112,2.343802589523392,0.2326702301509878,food,Italy
167.0,Rhodotorula mucilaginosa,28,-0.008289499866102197,2.3620193878579796,0.16597924205694387,food,Italy
168.0,Rhodotorula mucilaginosa,28,-0.018477155916392717,2.602542095143885,0.540001712403664,soil,Italy
169.0,Rhodotorula mucilaginosa,25,-0.00686220502265311,2.290249778635069,0.07817899818679655,cave,Italy
170.0,Rhodotorula mucilaginosa,28,-0.03130316651412965,2.566560246690603,0.600558714607853,food,Italy
171.0,Rhodotorula mucilaginosa,28,-0.021624795513215424,2.680535087830309,0.6397332793868445,soil,Italy
172.0,Rhodotorula mucilaginosa,28,-0.008573371802662367,2.4570419998396016,0.06035781815053971,marsh_tidalflat,China
174.0,Rhodotorula mucilaginosa,28,-0.030055897264820754,2.612384852261032,0.5638547938768136,marsh_tidalflat,China
175.0,Rhodotorula mucilaginosa,23,-0.02252632050417034,2.3097774931016644,0.14141764435189294,food,Italy
176.0,Rhodotorula mucilaginosa,28,-0.017484131084699615,2.578810132586988,0.5866791577903233,soil,Italy
177.0,Rhodotorula mucilaginosa,28,-0.03138849612037817,2.4671334312816224,0.8664210326529084,soil,Italy
178.0,Rhodotorula mucilaginosa,28,-0.020573644343262344,2.260464415002405,0.6586833679030095,cave,Italy
179.0,Rhodotorula mucilaginosa,28,-0.031362792470667,2.83073128095771,0.8713357701399035,food,Italy
181.0,Rhodotorula mucilaginosa,28,-0.023562244043646402,2.580500581354422,0.8041252695849701,marsh_tidalflat,China
182.0,Rhodotorula mucilaginosa,28,-0.04259622106665109,2.782758384188204,0.8364459038768508,marsh_tidalflat,China
183.0,Rhodotorula mucilaginosa,28,-0.011795168408695496,2.591753077946234,0.5441666606247803,marsh_tidalflat,China
185.0,Rhodotorula dairenensis,28,-0.004124788721456231,2.4227537346733548,0.10587609586471652,soil,Italy
186.0,Rhodotorula mucilaginosa,28,-0.015215906237237961,2.5180801009608587,0.7850234526552811,soil,Italy
188.0,Rhodotorula mucilaginosa,28,-0.0014847369152612394,2.182761561669907,0.004625044176631674,sand,Italy
189.0,Rhodotorula mucilaginosa,28,-0.05419919662977143,2.7219227769554455,0.8333867828898839,food,Italy
190.0,Rhodotorula mucilaginosa,28,-0.006079070398792734,2.4722940757944416,0.17458501988105568,marsh_tidalflat,China
192.0,Rhodotorula dairenensis,28,-0.01440118540132122,2.60398981780992,0.4845583693328026,plant,Italy
193.0,Rhodotorula mucilaginosa,28,-0.0065034318504288815,2.5610335390265435,0.4693678918306074,plant,Italy
194.0,Rhodotorula dairenensis,28,-0.009265625004358765,2.571093037420306,0.4369938407955376,soil,Italy
196.0,Rhodotorula mucilaginosa,28,-0.01891303367608288,2.486798255876589,0.8472003078843019,plant,Italy
197.0,Rhodotorula mucilaginosa,22,-0.023855277098196723,2.3886779633762827,0.26042791836169693,marine,Italy
198.0,Rhodotorula mucilaginosa,21,-0.021482660867364993,2.8195127473586736,0.7596583011919524,food,Italy
199.0,Rhodotorula mucilaginosa,28,-0.01575368804743554,2.585815082159834,0.7382098635949003,marsh_tidalflat,China
200.0,Rhodotorula mucilaginosa,28,-0.010227276358762949,2.4775878346593823,0.4452994884999521,,China
201.0,Rhodotorula mucilaginosa,12,-0.006414514472037015,2.1839701177361004,0.080502277385759,unknown,Italy
202.0,Rhodotorula mucilaginosa,28,-0.008992588662694097,2.6684151705801678,0.4888144292737659,plant,Italy
203.0,Rhodotorula dairenensis,28,-0.0197591355931617,2.82138576968797,0.5265861757271542,soil,Italy
204.0,Rhodotorula mucilaginosa,26,-0.009253725562574493,2.2119498724229922,0.08893625365306074,plant,Italy
205.0,Rhodotorula mucilaginosa,19,-0.00796896687029907,2.2548818479516557,0.03857924590684498,soil,Italy
206.0,Rhodotorula mucilaginosa,28,-0.021008449558041174,2.661011850916204,0.5858614366205492,plant,Italy
207.0,Rhodotorula mucilaginosa,28,-0.02045155790388111,2.6364550235314277,0.898529720398633,food,Italy
208.0,Rhodotorula mucilaginosa,28,-0.01211374437512827,2.5229612819840024,0.42947475159890197,marsh_tidalflat,China
209.0,Rhodotorula mucilaginosa,28,-0.02340074862020539,2.605878982585991,0.7721916094307145,marsh_tidalflat,China
210.0,Rhodotorula mucilaginosa,28,-0.00429239325545418,2.2037942573503164,0.04368587025785965,food,Italy
211.0,Rhodotorula mucilaginosa,28,-0.014344972075732152,2.802552588367739,0.5242552044243275,plant,Italy
213.0,Rhodotorula mucilaginosa,28,-0.021996908095945473,2.3373269452809375,0.46028787602904814,plant,Italy
214.0,Rhodotorula mucilaginosa,28,-0.011939195505973934,2.522291768988008,0.6827676857901129,soil,Italy
215.0,Rhodotorula taiwanensis,14,-0.048998947077628564,2.7134457544825015,0.41798264469841845,plant,Italy
216.0,Rhodotorula mucilaginosa,28,-0.018732308546581665,2.653465305993385,0.6888312392709762,food,Italy
217.0,Rhodotorula mucilaginosa,28,-0.024218787762296735,2.67677323018472,0.7305866839189176,marsh_tidalflat,China
218.0,Rhodotorula mucilaginosa,28,-0.014917898930309844,2.498687356699733,0.5948871565280485,marsh_tidalflat,China
219.0,Rhodotorula mucilaginosa,28,-0.02830138471023083,2.7742870202696874,0.7026117904848084,food,Italy
220.0,Rhodotorula mucilaginosa,28,-0.015638313481190314,2.785533736527724,0.5408259149156258,plant,Italy
221.0,Rhodotorula dairenensis,28,-0.01280707366066237,2.7511068222390485,0.3296169113984075,soil,Italy
222.0,Rhodotorula mucilaginosa,28,-0.026353378339082485,2.482080935733672,0.41405390712595924,plant,Italy
223.0,Rhodotorula mucilaginosa,28,-0.018298462315878186,2.6794013921487894,0.4767058863389355,unknown,Italy
224.0,Rhodotorula taiwanensis,17,-0.050436939370535075,2.8744910896030063,0.7142564066141163,plant,Italy
225.0,Rhodotorula mucilaginosa,28,-0.021311848293218073,2.4276613481439804,0.8209630399754275,food,Italy
227.0,Rhodotorula mucilaginosa,28,-0.04937420872845763,2.7482463310341654,0.8361214413275677,marsh_tidalflat,China
228.0,Rhodotorula mucilaginosa,28,-0.009961835946885244,2.247972688940583,0.3110655065073075,food,Italy
229.0,Rhodotorula mucilaginosa,28,-0.01715069559703668,2.4675650092837604,0.37355912087914667,food,Italy
230.0,Rhodotorula dairenensis,21,0.006620433549395895,1.8149778269944208,0.015904736043769616,soil,Italy
231.0,Rhodotorula mucilaginosa,28,-0.019955653204737227,2.803454801932529,0.6040647015510499,plant,Italy
232.0,Rhodotorula mucilaginosa,28,-0.01887368867346458,2.4384916712220783,0.5839463923433076,food,Italy
233.0,Rhodotorula mucilaginosa,28,-0.029580509042503433,2.431605718303962,0.4866055682455061,sand,Italy
234.0,Rhodotorula mucilaginosa,21,-0.0037947137279588177,2.342985129899898,0.03921118580792235,soil,Italy
235.0,Rhodotorula mucilaginosa,28,-0.039601196349791354,2.8109132141262796,0.6179247135666357,marsh_tidalflat,China
236.0,Rhodotorula mucilaginosa,28,-0.010098687917039882,2.509004730870515,0.45881749712624875,,China
237.0,Rhodotorula mucilaginosa,28,-0.01124230167431121,2.508825677560614,0.512576105681719,food,Italy
238.0,Rhodotorula mucilaginosa,28,-0.014601643939996474,2.7625169662637865,0.45556484147802534,food,Italy
239.0,Rhodotorula mucilaginosa,20,-0.03192790223595959,2.052208938256027,0.4682049490457548,food,Italy
240.0,Rhodotorula mucilaginosa,28,-0.008349550511278702,2.5625780378903635,0.40378424311413974,insect,Italy
241.0,Rhodotorula mucilaginosa,25,-0.02513406396571113,2.448962117518632,0.2653809630113718,marine,Italy
243.0,Rhodotorula mucilaginosa,28,-0.020668684585331044,2.1253414405214324,0.6247594866545153,soil,Italy
245.0,Rhodotorula mucilaginosa,28,-0.020741656096536613,2.545389862151765,0.6500245023566572,soil,Italy
246.0,Rhodotorula mucilaginosa,28,-0.026856684239190697,2.60724928184511,0.8700240304484842,insect,Italy
247.0,Rhodotorula toruloides,23,-0.042402206104093475,2.249364756511329,0.6594472974869835,soil,Italy
248.0,Rhodotorula sp. clade XIII,25,-0.03693814294756732,1.6876682023702823,0.572533730659061,soil,Italy
250.0,Rhodotorula paludigena,18,-0.017360046943068124,2.2014355225214346,0.6227880553641306,marsh_tidalflat,Italy
253.0,Rhodotorula mucilaginosa,28,-0.017044901480353123,2.598791588286473,0.7055276731972576,soil,Italy
254.0,Rhodotorula mucilaginosa,28,-0.04716284669570686,2.8171861623049343,0.9019741489468494,soil,Italy
255.0,Rhodotorula mucilaginosa,18,-0.03369259117922281,2.511609767338652,0.7599223168529066,unknown,Italy
256.0,Rhodotorula mucilaginosa,28,-0.01873228781512284,2.6909182269093463,0.48730144225646205,unknown,Italy
257.0,Rhodotorula mucilaginosa,28,-0.018865077343539042,2.6902585302656754,0.4761713815548094,water,Italy
258.0,Rhodotorula mucilaginosa,28,-0.01492453986939434,2.6900865798236517,0.4759164608248208,food,Italy
261.0,Rhodotorula sphaerocarpa,23,-0.024199647666959853,2.7353336408751296,0.3288880266032197,,China
262.0,Rhodotorula mucilaginosa,21,-0.045221874041284936,2.7896980512275995,0.6466812216830244,soil,Italy
263.0,Rhodotorula mucilaginosa,25,-0.03116960553449612,2.707897477986035,0.902112151155263,soil,Italy
264.0,Rhodotorula mucilaginosa,28,-0.04812471979016296,2.8677632793130625,0.6071304533933524,unknown,Italy
265.0,Rhodotorula mucilaginosa,28,-0.03142397085199431,2.660131111715338,0.7843797682995383,soil,Italy
266.0,Rhodotorula sp. clade I,26,-0.028707533381648255,2.66027269054607,0.753217072050958,food,Italy
267.0,Rhodotorula mucilaginosa,25,-0.0023337287268149123,2.1866098932322937,0.004568475474053831,food,Italy
268.0,Rhodotorula mucilaginosa,18,-0.0057921095653705595,2.2740588092805076,0.26006694510314315,snow_ice,Italy
270.0,Rhodotorula diobovata,28,-0.0172278025251746,2.2268265869889103,0.23597795645522104,,China
271.0,Rhodotorula mucilaginosa,23,-0.03774158881430443,2.7340204423939127,0.8287938225119068,soil,Italy
272.0,Rhodotorula mucilaginosa,21,-0.029307378609450985,2.579101136244087,0.884982288941752,soil,Italy
273.0,Rhodotorula toruloides,28,-0.014742002467815285,2.6091550622709687,0.5976608212160239,air_cloud,Italy
274.0,Rhodotorula mucilaginosa,16,-0.006775972038821797,2.2084288571476893,0.1507554828248867,soil,Italy
275.0,Cystobasidium sp.,12,-0.0068156803963123885,2.215399155657468,0.1842473466789662,soil,Italy
276.0,Rhodotorula mucilaginosa,21,-0.018672861871420927,2.5772212654886952,0.608903818702734,soil,Italy
277.0,Rhodotorula mucilaginosa,28,-0.006962215552033751,2.0517104224324743,0.03917687944820877,rock,Italy
278.0,Rhodotorula sphaerocarpa,19,-0.016168151925240473,2.731961580398904,0.42452682797662955,,China
279.0,Rhodotorula mucilaginosa,28,-0.02227596776169927,2.51628357185883,0.6052096223682825,,China
280.0,Rhodotorula mucilaginosa,25,-0.02302296759271174,2.6757104153041205,0.7730863055435017,soil,Italy
281.0,Rhodotorula mucilaginosa,19,-0.015595363274526711,2.57701944057647,0.5177024892432356,soil,Italy
282.0,Rhodotorula diobovata,24,-0.035808877020734826,2.5631065324348903,0.5584878905281659,marine,Italy
283.0,Rhodotorula mucilaginosa,18,-0.011262002595813204,2.507680889081732,0.6135570001154813,unknown,Italy
284.0,Rhodotorula kratochvilovae,26,-0.022151795715286342,2.22220625066153,0.2108689174887521,built env,Italy
285.0,Rhodotorula mucilaginosa,26,-0.025795779195028394,2.545897249478004,0.4245456388157445,soil,Italy
286.0,Rhodotorula mucilaginosa,24,-0.024224610606333876,2.64024455641775,0.9297641441786847,rock,Italy
287.0,Rhodotorula toruloides,18,-0.04309746614435184,2.2608264985812347,0.5816731829848131,,China
288.0,Rhodotorula pacifica,27,-0.02154931449411596,2.553015715603694,0.5290677871050975,,China
289.0,Rhodotorula mucilaginosa,28,-0.031555632948971846,2.738641569189849,0.6932028812551618,soil,Italy
290.0,Rhodotorula mucilaginosa,23,-0.02804381671946648,2.4140638392493186,0.48095433194161336,soil,Italy
291.0,Rhodotorula diobovata,20,-0.024924890666603004,2.503223216557222,0.2811802036677319,marine,Italy
292.0,Rhodotorula graminis,14,-0.0305211101134368,2.700908624986993,0.3302381583531651,plant,Italy
293.0,Rhodotorula mucilaginosa,18,-0.028947441505921313,2.7528808033423724,0.8932981243876293,snow_ice,Italy
294.0,Rhodotorula graminis,20,-0.03172455540197004,2.407915680580698,0.404521086385908,plant,Italy
295.0,Rhodotorula mucilaginosa,28,-0.032964224923524424,2.7142914607219804,0.4927352552148301,food,Italy
296.0,Rhodotorula mucilaginosa,22,-0.04926656886724338,2.8200649613515156,0.825576515181401,,China
297.0,Rhodotorula diobovata,12,-0.001283550263619766,2.1243747996778652,0.0006720290306027251,,China
298.0,Rhodotorula mucilaginosa,17,-0.03248060491751605,2.71393686758292,0.6037189785605669,soil,Italy
299.0,Rhodotorula mucilaginosa,22,-0.03480533113189319,2.3721233670764845,0.7922123067597863,soil,Italy
300.0,Rhodotorula mucilaginosa,23,-0.01941360043113413,2.438645993695517,0.1858602933791138,unknown,Italy
301.0,Rhodotorula paludigena,15,-0.028880259936880804,2.5418486324814182,0.4237722209702422,marsh_tidalflat,Italy
302.0,Rhodotorula sp. clade XI,26,-0.00397984817608166,2.057342495399669,0.014742590205909163,soil,Italy
303.0,Rhodotorula mucilaginosa,21,-0.012909114806717728,2.433790049063809,0.30051901717454677,unknown,Italy
304.0,Rhodotorula mucilaginosa,25,-0.022806765092855237,2.5309323522129774,0.5663579052032938,,China
307.0,Rhodotorula mucilaginosa,28,-0.02444260313815253,2.5892061787400724,0.5502124805411175,soil,Italy
308.0,Rhodotorula mucilaginosa,24,-0.032497929346476384,2.40595383177131,0.68458398420326,soil,Italy
309.0,Rhodotorula mucilaginosa,28,-0.022775278406695625,2.509067016423357,0.5609289843045697,plant,Italy
310.0,Rhodotorula kratochvilovae,17,-0.005171712416506788,2.1049989408224716,0.011196257402066388,unknown,Italy
311.0,Rhodotorula kratochvilovae,15,-0.038848826544676314,2.5533368966341365,0.488001914248561,soil,Italy
312.0,Pseudomicrostroma phylloplanum,21,-0.023397283376005412,2.651516233756051,0.41857325992977495,plant,Italy
313.0,Rhodotorula mucilaginosa,20,-0.017362649292145246,2.245528265230345,0.19573046931488583,soil,Italy
314.0,Rhodotorula glutinis,19,-0.006425350814127567,2.0841146981669043,0.016558881581753088,air_cloud,Italy
315.0,Rhodotorula mucilaginosa,26,-0.02942792879090813,2.273834923144511,0.4512090576920521,food,Italy
316.0,Rhodotorula evergladensis,8,-0.024102892731288426,2.4971831687778008,0.6290439886305934,soil,Italy
317.0,Rhodotorula mucilaginosa,26,-0.03203246169923099,2.725226793827383,0.7979207866056061,plant,Italy
318.0,Rhodotorula mucilaginosa,21,-0.014444866564298489,2.571817061541425,0.8074469100866128,soil,Italy
320.0,Rhodotorula graminis,12,-0.00520975252410093,2.07214087852162,0.012473777160099358,plant,America
321.0,Rhodotorula dairenensis,22,-0.012481934479649133,2.4767492618983904,0.09925292291454653,soil,America
322.0,Rhodotorula mucilaginosa,13,0.029621042702533115,1.350616645579728,0.23996636752040648,unknown,America
323.0,Rhodotorula sphaerocarpa,19,-0.007667681610633349,2.4630740712276564,0.1934332451136715,unknown,America
324.0,Rhodotorula diobovata,12,-0.04011845473766971,2.6869666934034715,0.35156413240517975,unknown,America
325.0,Rhodotorula paludigena,11,-0.03226000794212146,2.626734216161898,0.6806014939595867,plant,America
326.0,Rhodotorula araucariae,17,-0.011106125943568136,2.1532994622501342,0.041716614299946754,plant,America
327.0,Rhodotorula evergladensis,26,-0.020379084628570097,2.6636885357034834,0.24102058059656606,,America
334.0,Rhodotorula mucilaginosa,47,-0.009467304770327674,2.518624456414612,0.18173312873778408,,America
