strain_id,copper_mm,t_chroma_onset_h,t_darkening_h,pigmented,species
1.0,0.0,33.0,0.0,1,Rhodotorula mucilaginosa
1.0,5.0,21.0,0.0,1,Rhodotorula mucilaginosa
1.0,10.0,,0.0,0,Rhodotorula mucilaginosa
1.0,15.0,,0.0,0,Rhodotorula mucilaginosa
1.0,20.0,,0.0,0,Rhodotorula mucilaginosa
1.0,25.0,,0.0,0,Rhodotorula mucilaginosa
1.0,30.0,,0.0,0,Rhodotorula mucilaginosa
2.0,0.0,3.0,0.0,1,Rhodotorula mucilaginosa
2.0,5.0,27.0,0.0,1,Rhodotorula mucilaginosa
2.0,10.0,,0.0,0,Rhodotorula mucilaginosa
2.0,15.0,,0.0,0,Rhodotorula mucilaginosa
2.0,20.0,,0.0,0,Rhodotorula mucilaginosa
2.0,25.0,,0.0,0,Rhodotorula mucilaginosa
2.0,30.0,,0.0,0,Rhodotorula mucilaginosa
3.0,0.0,21.0,0.0,1,Rhodotorula mucilaginosa
3.0,5.0,21.0,0.0,1,Rhodotorula mucilaginosa
3.0,10.0,,0.0,0,Rhodotorula mucilaginosa
3.0,15.0,,0.0,0,Rhodotorula mucilaginosa
3.0,20.0,,0.0,0,Rhodotorula mucilaginosa
3.0,25.0,,0.0,0,Rhodotorula mucilaginosa
3.0,30.0,,0.0,0,Rhodotorula mucilaginosa
4.0,0.0,21.0,0.0,1,Rhodotorula mucilaginosa
4.0,5.0,15.0,0.0,1,Rhodotorula mucilaginosa
4.0,10.0,,0.0,0,Rhodotorula mucilaginosa
4.0,15.0,,0.0,0,Rhodotorula mucilaginosa
4.0,20.0,,0.0,0,Rhodotorula mucilaginosa
4.0,25.0,,0.0,0,Rhodotorula mucilaginosa
4.0,30.0,,0.0,0,Rhodotorula mucilaginosa
5.0,0.0,3.0,0.0,1,Rhodotorula mucilaginosa
5.0,5.0,21.0,0.0,1,Rhodotorula mucilaginosa
5.0,10.0,,0.0,0,Rhodotorula mucilaginosa
5.0,15.0,,0.0,0,Rhodotorula mucilaginosa
5.0,20.0,,0.0,0,Rhodotorula mucilaginosa
5.0,25.0,,0.0,0,Rhodotorula mucilaginosa
5.0,30.0,,0.0,0,Rhodotorula mucilaginosa
6.0,0.0,15.0,0.0,1,Rhodotorula mucilaginosa
6.0,5.0,21.0,0.0,1,Rhodotorula mucilaginosa
6.0,10.0,,0.0,0,Rhodotorula mucilaginosa
6.0,15.0,,0.0,0,Rhodotorula mucilaginosa
6.0,20.0,,0.0,0,Rhodotorula mucilaginosa
6.0,25.0,,0.0,0,Rhodotorula mucilaginosa
6.0,30.0,,0.0,0,Rhodotorula mucilaginosa
7.0,0.0,15.0,0.0,1,Rhodotorula mucilaginosa
7.0,5.0,33.0,0.0,1,Rhodotorula mucilaginosa
7.0,10.0,,0.0,0,Rhodotorula mucilaginosa
7.0,15.0,,0.0,0,Rhodotorula mucilaginosa
7.0,20.0,,0.0,0,Rhodotorula mucilaginosa
7.0,25.0,,0.0,0,Rhodotorula mucilaginosa
7.0,30.0,,0.0,0,Rhodotorula mucilaginosa
8.0,0.0,3.0,0.0,1,Rhodotorula mucilaginosa
8.0,5.0,21.0,0.0,1,Rhodotorula mucilaginosa
8.0,10.0,,0.0,0,Rhodotorula mucilaginosa
8.0,15.0,,0.0,0,Rhodotorula mucilaginosa
8.0,20.0,,0.0,0,Rhodotorula mucilaginosa
8.0,25.0,,0.0,0,Rhodotorula mucilaginosa
8.0,30.0,,0.0,0,Rhodotorula mucilaginosa
9.0,0.0,3.0,0.0,1,Rhodotorula mucilaginosa
9.0,5.0,21.0,0.0,1,Rhodotorula mucilaginosa
9.0,10.0,,0.0,0,Rhodotorula mucilaginosa
9.0,15.0,,0.0,0,Rhodotorula mucilaginosa
9.0,20.0,,0.0,0,Rhodotorula mucilaginosa
9.0,25.0,,0.0,0,Rhodotorula mucilaginosa
9.0,30.0,,0.0,0,Rhodotorula mucilaginosa
10.0,0.0,21.0,0.0,1,Rhodotorula sphaerocarpa
10.0,5.0,21.0,0.0,1,Rhodotorula sphaerocarpa
10.0,10.0,,0.0,0,Rhodotorula sphaerocarpa
10.0,15.0,,0.0,0,Rhodotorula sphaerocarpa
10.0,20.0,,0.0,0,Rhodotorula sphaerocarpa
10.0,25.0,,0.0,0,Rhodotorula sphaerocarpa
10.0,30.0,,0.0,0,Rhodotorula sphaerocarpa
11.0,0.0,15.0,0.0,1,Rhodotorula mucilaginosa
11.0,5.0,27.0,0.0,1,Rhodotorula mucilaginosa
11.0,10.0,,0.0,0,Rhodotorula mucilaginosa
11.0,15.0,,0.0,0,Rhodotorula mucilaginosa
11.0,20.0,,0.0,0,Rhodotorula mucilaginosa
11.0,25.0,,0.0,0,Rhodotorula mucilaginosa
11.0,30.0,,0.0,0,Rhodotorula mucilaginosa
12.0,0.0,9.0,0.0,1,Rhodotorula mucilaginosa
12.0,5.0,21.0,0.0,1,Rhodotorula mucilaginosa
12.0,10.0,,0.0,0,Rhodotorula mucilaginosa
12.0,15.0,,0.0,0,Rhodotorula mucilaginosa
12.0,20.0,,0.0,0,Rhodotorula mucilaginosa
12.0,25.0,,0.0,0,Rhodotorula mucilaginosa
12.0,30.0,,0.0,0,Rhodotorula mucilaginosa
13.0,0.0,15.0,0.0,1,Rhodotorula mucilaginosa
13.0,5.0,15.0,0.0,1,Rhodotorula mucilaginosa
13.0,10.0,,0.0,0,Rhodotorula mucilaginosa
13.0,15.0,,0.0,0,Rhodotorula mucilaginosa
13.0,20.0,,0.0,0,Rhodotorula mucilaginosa
13.0,25.0,,0.0,0,Rhodotorula mucilaginosa
13.0,30.0,,0.0,0,Rhodotorula mucilaginosa
14.0,0.0,27.0,0.0,1,Rhodotorula mucilaginosa
14.0,5.0,27.0,0.0,1,Rhodotorula mucilaginosa
14.0,10.0,,0.0,0,Rhodotorula mucilaginosa
14.0,15.0,,0.0,0,Rhodotorula mucilaginosa
14.0,20.0,,0.0,0,Rhodotorula mucilaginosa
14.0,25.0,,0.0,0,Rhodotorula mucilaginosa
14.0,30.0,,0.0,0,Rhodotorula mucilaginosa
15.0,0.0,33.0,0.0,1,Rhodotorula mucilaginosa
15.0,5.0,21.0,0.0,1,Rhodotorula mucilaginosa
15.0,10.0,,0.0,0,Rhodotorula mucilaginosa
15.0,15.0,,0.0,0,Rhodotorula mucilaginosa
15.0,20.0,,0.0,0,Rhodotorula mucilaginosa
15.0,25.0,,0.0,0,Rhodotorula mucilaginosa
15.0,30.0,,0.0,0,Rhodotorula mucilaginosa
16.0,0.0,21.0,0.0,1,Rhodotorula sp. clade XI
16.0,5.0,27.0,0.0,1,Rhodotorula sp. clade XI
16.0,10.0,,0.0,0,Rhodotorula sp. clade XI
16.0,15.0,,0.0,0,Rhodotorula sp. clade XI
16.0,20.0,,0.0,0,Rhodotorula sp. clade XI
16.0,25.0,,0.0,0,Rhodotorula sp. clade XI
16.0,30.0,,0.0,0,Rhodotorula sp. clade XI
17.0,0.0,3.0,0.0,1,Rhodotorula diobovata
17.0,5.0,21.0,0.0,1,Rhodotorula diobovata
17.0,10.0,,0.0,0,Rhodotorula diobovata
17.0,15.0,,0.0,0,Rhodotorula diobovata
17.0,20.0,,0.0,0,Rhodotorula diobovata
17.0,25.0,,0.0,0,Rhodotorula diobovata
17.0,30.0,,0.0,0,Rhodotorula diobovata
18.0,0.0,51.0,0.0,1,Rhodotorula mucilaginosa
18.0,5.0,21.0,0.0,1,Rhodotorula mucilaginosa
18.0,10.0,,0.0,0,Rhodotorula mucilaginosa
18.0,15.0,,0.0,0,Rhodotorula mucilaginosa
18.0,20.0,,0.0,0,Rhodotorula mucilaginosa
18.0,25.0,,0.0,0,Rhodotorula mucilaginosa
18.0,30.0,,0.0,0,Rhodotorula mucilaginosa
19.0,0.0,27.0,0.0,1,Rhodotorula mucilaginosa
19.0,5.0,21.0,0.0,1,Rhodotorula mucilaginosa
19.0,10.0,,0.0,0,Rhodotorula mucilaginosa
19.0,15.0,,0.0,0,Rhodotorula mucilaginosa
19.0,20.0,,0.0,0,Rhodotorula mucilaginosa
19.0,25.0,,0.0,0,Rhodotorula mucilaginosa
19.0,30.0,,0.0,0,Rhodotorula mucilaginosa
20.0,0.0,21.0,0.0,1,Rhodotorula mucilaginosa
20.0,5.0,21.0,0.0,1,Rhodotorula mucilaginosa
20.0,10.0,,0.0,0,Rhodotorula mucilaginosa
20.0,15.0,,0.0,0,Rhodotorula mucilaginosa
20.0,20.0,,0.0,0,Rhodotorula mucilaginosa
20.0,25.0,,0.0,0,Rhodotorula mucilaginosa
20.0,30.0,,0.0,0,Rhodotorula mucilaginosa
21.0,0.0,15.0,0.0,1,Rhodotorula mucilaginosa
21.0,5.0,27.0,0.0,1,Rhodotorula mucilaginosa
21.0,10.0,,0.0,0,Rhodotorula mucilaginosa
21.0,15.0,,0.0,0,Rhodotorula mucilaginosa
21.0,20.0,,0.0,0,Rhodotorula mucilaginosa
21.0,25.0,,0.0,0,Rhodotorula mucilaginosa
21.0,30.0,,0.0,0,Rhodotorula mucilaginosa
22.0,0.0,3.0,0.0,1,Rhodotorula mucilaginosa
22.0,5.0,27.0,0.0,1,Rhodotorula mucilaginosa
22.0,10.0,,0.0,0,Rhodotorula mucilaginosa
22.0,15.0,,0.0,0,Rhodotorula mucilaginosa
22.0,20.0,,0.0,0,Rhodotorula mucilaginosa
22.0,25.0,,0.0,0,Rhodotorula mucilaginosa
22.0,30.0,,0.0,0,Rhodotorula mucilaginosa
23.0,0.0,27.0,0.0,1,Rhodotorula mucilaginosa
23.0,5.0,111.0,0.0,1,Rhodotorula mucilaginosa
23.0,10.0,,0.0,0,Rhodotorula mucilaginosa
23.0,15.0,,0.0,0,Rhodotorula mucilaginosa
23.0,20.0,,0.0,0,Rhodotorula mucilaginosa
23.0,25.0,,0.0,0,Rhodotorula mucilaginosa
23.0,30.0,,0.0,0,Rhodotorula mucilaginosa
24.0,0.0,15.0,0.0,1,Rhodotorula mucilaginosa
24.0,5.0,21.0,0.0,1,Rhodotorula mucilaginosa
24.0,10.0,,0.0,0,Rhodotorula mucilaginosa
24.0,15.0,,0.0,0,Rhodotorula mucilaginosa
24.0,20.0,,0.0,0,Rhodotorula mucilaginosa
24.0,25.0,,0.0,0,Rhodotorula mucilaginosa
24.0,30.0,,0.0,0,Rhodotorula mucilaginosa
25.0,0.0,3.0,0.0,1,Rhodotorula mucilaginosa
25.0,5.0,21.0,0.0,1,Rhodotorula mucilaginosa
25.0,10.0,,0.0,0,Rhodotorula mucilaginosa
25.0,15.0,,0.0,0,Rhodotorula mucilaginosa
25.0,20.0,,0.0,0,Rhodotorula mucilaginosa
25.0,25.0,,0.0,0,Rhodotorula mucilaginosa
25.0,30.0,,0.0,0,Rhodotorula mucilaginosa
26.0,0.0,3.0,0.0,1,Rhodotorula mucilaginosa
26.0,5.0,15.0,0.0,1,Rhodotorula mucilaginosa
26.0,10.0,,0.0,0,Rhodotorula mucilaginosa
26.0,15.0,,0.0,0,Rhodotorula mucilaginosa
26.0,20.0,,0.0,0,Rhodotorula mucilaginosa
26.0,25.0,,0.0,0,Rhodotorula mucilaginosa
26.0,30.0,,0.0,0,Rhodotorula mucilaginosa
27.0,0.0,3.0,0.0,1,Rhodotorula mucilaginosa
27.0,5.0,27.0,0.0,1,Rhodotorula mucilaginosa
27.0,10.0,,0.0,0,Rhodotorula mucilaginosa
27.0,15.0,,0.0,0,Rhodotorula mucilaginosa
27.0,20.0,,0.0,0,Rhodotorula mucilaginosa
27.0,25.0,,0.0,0,Rhodotorula mucilaginosa
27.0,30.0,,0.0,0,Rhodotorula mucilaginosa
28.0,0.0,21.0,0.0,1,Rhodotorula pacifica
28.0,5.0,21.0,0.0,1,Rhodotorula pacifica
28.0,10.0,,0.0,0,Rhodotorula pacifica
28.0,15.0,,0.0,0,Rhodotorula pacifica
28.0,20.0,,0.0,0,Rhodotorula pacifica
28.0,25.0,,0.0,0,Rhodotorula pacifica
28.0,30.0,,0.0,0,Rhodotorula pacifica
29.0,0.0,39.0,0.0,1,Rhodotorula mucilaginosa
29.0,5.0,27.0,0.0,1,Rhodotorula mucilaginosa
29.0,10.0,,0.0,0,Rhodotorula mucilaginosa
29.0,15.0,,0.0,0,Rhodotorula mucilaginosa
29.0,20.0,,0.0,0,Rhodotorula mucilaginosa
29.0,25.0,,0.0,0,Rhodotorula mucilaginosa
29.0,30.0,,0.0,0,Rhodotorula mucilaginosa
30.0,0.0,21.0,0.0,1,Rhodotorula mucilaginosa
30.0,5.0,21.0,0.0,1,Rhodotorula mucilaginosa
30.0,10.0,,0.0,0,Rhodotorula mucilaginosa
30.0,15.0,,0.0,0,Rhodotorula mucilaginosa
30.0,20.0,,0.0,0,Rhodotorula mucilaginosa
30.0,25.0,,0.0,0,Rhodotorula mucilaginosa
30.0,30.0,,0.0,0,Rhodotorula mucilaginosa
31.0,0.0,21.0,0.0,1,Rhodotorula mucilaginosa
31.0,5.0,27.0,0.0,1,Rhodotorula mucilaginosa
31.0,10.0,,0.0,0,Rhodotorula mucilaginosa
31.0,15.0,,0.0,0,Rhodotorula mucilaginosa
31.0,20.0,,0.0,0,Rhodotorula mucilaginosa
31.0,25.0,,0.0,0,Rhodotorula mucilaginosa
31.0,30.0,,0.0,0,Rhodotorula mucilaginosa
32.0,0.0,3.0,0.0,1,Rhodotorula mucilaginosa
32.0,5.0,21.0,0.0,1,Rhodotorula mucilaginosa
32.0,10.0,,0.0,0,Rhodotorula mucilaginosa
32.0,15.0,,0.0,0,Rhodotorula mucilaginosa
32.0,20.0,,0.0,0,Rhodotorula mucilaginosa
32.0,25.0,,0.0,0,Rhodotorula mucilaginosa
32.0,30.0,,0.0,0,Rhodotorula mucilaginosa
33.0,0.0,21.0,0.0,1,Rhodotorula mucilaginosa
33.0,5.0,27.0,0.0,1,Rhodotorula mucilaginosa
33.0,10.0,,0.0,0,Rhodotorula mucilaginosa
33.0,15.0,,0.0,0,Rhodotorula mucilaginosa
33.0,20.0,,0.0,0,Rhodotorula mucilaginosa
33.0,25.0,,0.0,0,Rhodotorula mucilaginosa
33.0,30.0,,0.0,0,Rhodotorula mucilaginosa
34.0,0.0,21.0,0.0,1,Rhodotorula sphaerocarpa
34.0,5.0,21.0,0.0,1,Rhodotorula sphaerocarpa
34.0,10.0,,0.0,0,Rhodotorula sphaerocarpa
34.0,15.0,,0.0,0,Rhodotorula sphaerocarpa
34.0,20.0,,0.0,0,Rhodotorula sphaerocarpa
34.0,25.0,,0.0,0,Rhodotorula sphaerocarpa
34.0,30.0,,0.0,0,Rhodotorula sphaerocarpa
35.0,0.0,15.0,0.0,1,
35.0,5.0,45.0,0.0,1,
35.0,10.0,,3.0,0,
35.0,15.0,,0.0,0,
35.0,20.0,,9.0,0,
35.0,25.0,,0.0,0,
35.0,30.0,,0.0,0,
36.0,0.0,3.0,0.0,1,Rhodotorula mucilaginosa
36.0,5.0,21.0,0.0,1,Rhodotorula mucilaginosa
36.0,10.0,,0.0,0,Rhodotorula mucilaginosa
36.0,15.0,,0.0,0,Rhodotorula mucilaginosa
36.0,20.0,,0.0,0,Rhodotorula mucilaginosa
36.0,25.0,,0.0,0,Rhodotorula mucilaginosa
36.0,30.0,,0.0,0,Rhodotorula mucilaginosa
37.0,0.0,9.0,0.0,1,Rhodotorula paludigena
37.0,5.0,21.0,0.0,1,Rhodotorula paludigena
37.0,10.0,,0.0,0,Rhodotorula paludigena
37.0,15.0,,0.0,0,Rhodotorula paludigena
37.0,20.0,,0.0,0,Rhodotorula paludigena
37.0,25.0,,0.0,0,Rhodotorula paludigena
37.0,30.0,,0.0,0,Rhodotorula paludigena
38.0,0.0,3.0,0.0,1,Rhodotorula mucilaginosa
38.0,5.0,21.0,0.0,1,Rhodotorula mucilaginosa
38.0,10.0,,0.0,0,Rhodotorula mucilaginosa
38.0,15.0,,0.0,0,Rhodotorula mucilaginosa
38.0,20.0,,0.0,0,Rhodotorula mucilaginosa
38.0,25.0,,0.0,0,Rhodotorula mucilaginosa
38.0,30.0,,0.0,0,Rhodotorula mucilaginosa
39.0,0.0,27.0,0.0,1,Rhodotorula mucilaginosa
39.0,5.0,21.0,0.0,1,Rhodotorula mucilaginosa
39.0,10.0,,0.0,0,Rhodotorula mucilaginosa
39.0,15.0,,0.0,0,Rhodotorula mucilaginosa
39.0,20.0,,0.0,0,Rhodotorula mucilaginosa
39.0,25.0,,0.0,0,Rhodotorula mucilaginosa
39.0,30.0,,0.0,0,Rhodotorula mucilaginosa
40.0,0.0,15.0,0.0,1,Rhodotorula mucilaginosa
40.0,5.0,21.0,0.0,1,Rhodotorula mucilaginosa
40.0,10.0,,0.0,0,Rhodotorula mucilaginosa
40.0,15.0,,0.0,0,Rhodotorula mucilaginosa
40.0,20.0,,0.0,0,Rhodotorula mucilaginosa
40.0,25.0,,0.0,0,Rhodotorula mucilaginosa
40.0,30.0,,0.0,0,Rhodotorula mucilaginosa
41.0,0.0,27.0,0.0,1,Rhodotorula mucilaginosa
41.0,5.0,27.0,0.0,1,Rhodotorula mucilaginosa
41.0,10.0,,0.0,0,Rhodotorula mucilaginosa
41.0,15.0,,0.0,0,Rhodotorula mucilaginosa
41.0,20.0,,0.0,0,Rhodotorula mucilaginosa
41.0,25.0,,0.0,0,Rhodotorula mucilaginosa
41.0,30.0,,0.0,0,Rhodotorula mucilaginosa
42.0,0.0,27.0,0.0,1,Rhodotorula mucilaginosa
42.0,5.0,33.0,0.0,1,Rhodotorula mucilaginosa
42.0,10.0,,0.0,0,Rhodotorula mucilaginosa
42.0,15.0,,0.0,0,Rhodotorula mucilaginosa
42.0,20.0,,0.0,0,Rhodotorula mucilaginosa
42.0,25.0,,0.0,0,Rhodotorula mucilaginosa
42.0,30.0,,0.0,0,Rhodotorula mucilaginosa
43.0,0.0,21.0,0.0,1,Rhodotorula toruloides
43.0,5.0,39.0,0.0,1,Rhodotorula toruloides
43.0,10.0,,0.0,0,Rhodotorula toruloides
43.0,15.0,,0.0,0,Rhodotorula toruloides
43.0,20.0,,0.0,0,Rhodotorula toruloides
43.0,25.0,,0.0,0,Rhodotorula toruloides
43.0,30.0,,0.0,0,Rhodotorula toruloides
44.0,0.0,3.0,0.0,1,Rhodotorula diobovata
44.0,5.0,21.0,0.0,1,Rhodotorula diobovata
44.0,10.0,,0.0,0,Rhodotorula diobovata
44.0,15.0,,0.0,0,Rhodotorula diobovata
44.0,20.0,,0.0,0,Rhodotorula diobovata
44.0,25.0,,0.0,0,Rhodotorula diobovata
44.0,30.0,,0.0,0,Rhodotorula diobovata
45.0,0.0,15.0,0.0,1,Rhodotorula mucilaginosa
45.0,5.0,21.0,0.0,1,Rhodotorula mucilaginosa
45.0,10.0,,0.0,0,Rhodotorula mucilaginosa
45.0,15.0,,0.0,0,Rhodotorula mucilaginosa
45.0,20.0,,0.0,0,Rhodotorula mucilaginosa
45.0,25.0,,0.0,0,Rhodotorula mucilaginosa
45.0,30.0,,0.0,0,Rhodotorula mucilaginosa
46.0,0.0,27.0,0.0,1,Rhodotorula paludigena
46.0,5.0,27.0,0.0,1,Rhodotorula paludigena
46.0,10.0,,0.0,0,Rhodotorula paludigena
46.0,15.0,,0.0,0,Rhodotorula paludigena
46.0,20.0,,0.0,0,Rhodotorula paludigena
46.0,25.0,,0.0,0,Rhodotorula paludigena
46.0,30.0,,0.0,0,Rhodotorula paludigena
47.0,0.0,15.0,0.0,1,Rhodotorula mucilaginosa
47.0,5.0,15.0,0.0,1,Rhodotorula mucilaginosa
47.0,10.0,,0.0,0,Rhodotorula mucilaginosa
47.0,15.0,,0.0,0,Rhodotorula mucilaginosa
47.0,20.0,,0.0,0,Rhodotorula mucilaginosa
47.0,25.0,,0.0,0,Rhodotorula mucilaginosa
47.0,30.0,,0.0,0,Rhodotorula mucilaginosa
48.0,0.0,21.0,0.0,1,Rhodotorula mucilaginosa
48.0,5.0,0.0,0.0,1,Rhodotorula mucilaginosa
48.0,10.0,,0.0,0,Rhodotorula mucilaginosa
48.0,15.0,,0.0,0,Rhodotorula mucilaginosa
48.0,20.0,,0.0,0,Rhodotorula mucilaginosa
48.0,25.0,,0.0,0,Rhodotorula mucilaginosa
48.0,30.0,,0.0,0,Rhodotorula mucilaginosa
49.0,0.0,3.0,0.0,1,Rhodotorula mucilaginosa
49.0,5.0,27.0,0.0,1,Rhodotorula mucilaginosa
49.0,10.0,,0.0,0,Rhodotorula mucilaginosa
49.0,15.0,,0.0,0,Rhodotorula mucilaginosa
49.0,20.0,,0.0,0,Rhodotorula mucilaginosa
49.0,25.0,,0.0,0,Rhodotorula mucilaginosa
49.0,30.0,,0.0,0,Rhodotorula mucilaginosa
50.0,0.0,33.0,0.0,1,Rhodotorula mucilaginosa
50.0,5.0,21.0,0.0,1,Rhodotorula mucilaginosa
50.0,10.0,,0.0,0,Rhodotorula mucilaginosa
50.0,15.0,,0.0,0,Rhodotorula mucilaginosa
50.0,20.0,,0.0,0,Rhodotorula mucilaginosa
50.0,25.0,,0.0,0,Rhodotorula mucilaginosa
50.0,30.0,,0.0,0,Rhodotorula mucilaginosa
51.0,0.0,15.0,0.0,1,Rhodotorula mucilaginosa
51.0,5.0,27.0,0.0,1,Rhodotorula mucilaginosa
51.0,10.0,,0.0,0,Rhodotorula mucilaginosa
51.0,15.0,,0.0,0,Rhodotorula mucilaginosa
51.0,20.0,,0.0,0,Rhodotorula mucilaginosa
51.0,25.0,,0.0,0,Rhodotorula mucilaginosa
51.0,30.0,,0.0,0,Rhodotorula mucilaginosa
52.0,0.0,21.0,0.0,1,Rhodotorula mucilaginosa
52.0,5.0,15.0,0.0,1,Rhodotorula mucilaginosa
52.0,10.0,,0.0,0,Rhodotorula mucilaginosa
52.0,15.0,,0.0,0,Rhodotorula mucilaginosa
52.0,20.0,,0.0,0,Rhodotorula mucilaginosa
52.0,25.0,,0.0,0,Rhodotorula mucilaginosa
52.0,30.0,,0.0,0,Rhodotorula mucilaginosa
53.0,0.0,15.0,0.0,1,Rhodotorula mucilaginosa
53.0,5.0,27.0,0.0,1,Rhodotorula mucilaginosa
53.0,10.0,,0.0,0,Rhodotorula mucilaginosa
53.0,15.0,,0.0,0,Rhodotorula mucilaginosa
53.0,20.0,,0.0,0,Rhodotorula mucilaginosa
53.0,25.0,,0.0,0,Rhodotorula mucilaginosa
53.0,30.0,,0.0,0,Rhodotorula mucilaginosa
54.0,0.0,21.0,0.0,1,Rhodotorula mucilaginosa
54.0,5.0,15.0,0.0,1,Rhodotorula mucilaginosa
54.0,10.0,,0.0,0,Rhodotorula mucilaginosa
54.0,15.0,,0.0,0,Rhodotorula mucilaginosa
54.0,20.0,,0.0,0,Rhodotorula mucilaginosa
54.0,25.0,,0.0,0,Rhodotorula mucilaginosa
54.0,30.0,,0.0,0,Rhodotorula mucilaginosa
55.0,0.0,27.0,0.0,1,Rhodotorula mucilaginosa
55.0,5.0,21.0,0.0,1,Rhodotorula mucilaginosa
55.0,10.0,,0.0,0,Rhodotorula mucilaginosa
55.0,15.0,,0.0,0,Rhodotorula mucilaginosa
55.0,20.0,,0.0,0,Rhodotorula mucilaginosa
55.0,25.0,,0.0,0,Rhodotorula mucilaginosa
55.0,30.0,,0.0,0,Rhodotorula mucilaginosa
56.0,0.0,9.0,0.0,1,Rhodotorula mucilaginosa
56.0,5.0,33.0,0.0,1,Rhodotorula mucilaginosa
56.0,10.0,,0.0,0,Rhodotorula mucilaginosa
56.0,15.0,,0.0,0,Rhodotorula mucilaginosa
56.0,20.0,,0.0,0,Rhodotorula mucilaginosa
56.0,25.0,,0.0,0,Rhodotorula mucilaginosa
56.0,30.0,,0.0,0,Rhodotorula mucilaginosa
57.0,0.0,3.0,0.0,1,Rhodotorula mucilaginosa
57.0,5.0,33.0,0.0,1,Rhodotorula mucilaginosa
57.0,10.0,,0.0,0,Rhodotorula mucilaginosa
57.0,15.0,,0.0,0,Rhodotorula mucilaginosa
57.0,20.0,,0.0,0,Rhodotorula mucilaginosa
57.0,25.0,,0.0,0,Rhodotorula mucilaginosa
57.0,30.0,,0.0,0,Rhodotorula mucilaginosa
58.0,0.0,15.0,0.0,1,Rhodotorula mucilaginosa
58.0,5.0,21.0,0.0,1,Rhodotorula mucilaginosa
58.0,10.0,,0.0,0,Rhodotorula mucilaginosa
58.0,15.0,,0.0,0,Rhodotorula mucilaginosa
58.0,20.0,,0.0,0,Rhodotorula mucilaginosa
58.0,25.0,,0.0,0,Rhodotorula mucilaginosa
58.0,30.0,,0.0,0,Rhodotorula mucilaginosa
59.0,0.0,27.0,0.0,1,Rhodotorula mucilaginosa
59.0,5.0,15.0,0.0,1,Rhodotorula mucilaginosa
59.0,10.0,,0.0,0,Rhodotorula mucilaginosa
59.0,15.0,,0.0,0,Rhodotorula mucilaginosa
59.0,20.0,,0.0,0,Rhodotorula mucilaginosa
59.0,25.0,,0.0,0,Rhodotorula mucilaginosa
59.0,30.0,,0.0,0,Rhodotorula mucilaginosa
60.0,0.0,21.0,0.0,1,Rhodotorula mucilaginosa
60.0,5.0,21.0,0.0,1,Rhodotorula mucilaginosa
60.0,10.0,,0.0,0,Rhodotorula mucilaginosa
60.0,15.0,,0.0,0,Rhodotorula mucilaginosa
60.0,20.0,,0.0,0,Rhodotorula mucilaginosa
60.0,25.0,,0.0,0,Rhodotorula mucilaginosa
60.0,30.0,,0.0,0,Rhodotorula mucilaginosa
61.0,0.0,27.0,0.0,1,Rhodotorula toruloides
61.0,5.0,21.0,0.0,1,Rhodotorula toruloides
61.0,10.0,,0.0,0,Rhodotorula toruloides
61.0,15.0,,0.0,0,Rhodotorula toruloides
61.0,20.0,,0.0,0,Rhodotorula toruloides
61.0,25.0,,0.0,0,Rhodotorula toruloides
61.0,30.0,,0.0,0,Rhodotorula toruloides
62.0,0.0,21.0,0.0,1,Rhodotorula mucilaginosa
62.0,5.0,27.0,0.0,1,Rhodotorula mucilaginosa
62.0,10.0,,0.0,0,Rhodotorula mucilaginosa
62.0,15.0,,0.0,0,Rhodotorula mucilaginosa
62.0,20.0,,0.0,0,Rhodotorula mucilaginosa
62.0,25.0,,0.0,0,Rhodotorula mucilaginosa
62.0,30.0,,0.0,0,Rhodotorula mucilaginosa
63.0,0.0,9.0,0.0,1,Rhodotorula mucilaginosa
63.0,5.0,27.0,0.0,1,Rhodotorula mucilaginosa
63.0,10.0,,0.0,0,Rhodotorula mucilaginosa
63.0,15.0,,0.0,0,Rhodotorula mucilaginosa
63.0,20.0,,0.0,0,Rhodotorula mucilaginosa
63.0,25.0,,0.0,0,Rhodotorula mucilaginosa
63.0,30.0,,0.0,0,Rhodotorula mucilaginosa
64.0,0.0,27.0,0.0,1,Rhodotorula mucilaginosa
64.0,5.0,21.0,0.0,1,Rhodotorula mucilaginosa
64.0,10.0,,0.0,0,Rhodotorula mucilaginosa
64.0,15.0,,0.0,0,Rhodotorula mucilaginosa
64.0,20.0,,0.0,0,Rhodotorula mucilaginosa
64.0,25.0,,0.0,0,Rhodotorula mucilaginosa
64.0,30.0,,0.0,0,Rhodotorula mucilaginosa
65.0,0.0,3.0,0.0,1,Rhodotorula mucilaginosa
65.0,5.0,27.0,0.0,1,Rhodotorula mucilaginosa
65.0,10.0,,0.0,0,Rhodotorula mucilaginosa
65.0,15.0,,0.0,0,Rhodotorula mucilaginosa
65.0,20.0,,0.0,0,Rhodotorula mucilaginosa
65.0,25.0,,0.0,0,Rhodotorula mucilaginosa
65.0,30.0,,0.0,0,Rhodotorula mucilaginosa
66.0,0.0,21.0,0.0,1,Rhodotorula mucilaginosa
66.0,5.0,27.0,0.0,1,Rhodotorula mucilaginosa
66.0,10.0,,0.0,0,Rhodotorula mucilaginosa
66.0,15.0,,0.0,0,Rhodotorula mucilaginosa
66.0,20.0,,0.0,0,Rhodotorula mucilaginosa
66.0,25.0,,0.0,0,Rhodotorula mucilaginosa
66.0,30.0,,0.0,0,Rhodotorula mucilaginosa
67.0,0.0,15.0,0.0,1,Rhodotorula mucilaginosa
67.0,5.0,21.0,0.0,1,Rhodotorula mucilaginosa
67.0,10.0,,0.0,0,Rhodotorula mucilaginosa
67.0,15.0,,0.0,0,Rhodotorula mucilaginosa
67.0,20.0,,0.0,0,Rhodotorula mucilaginosa
67.0,25.0,,0.0,0,Rhodotorula mucilaginosa
67.0,30.0,,0.0,0,Rhodotorula mucilaginosa
68.0,0.0,39.0,0.0,1,Rhodotorula mucilaginosa
68.0,5.0,15.0,0.0,1,Rhodotorula mucilaginosa
68.0,10.0,,0.0,0,Rhodotorula mucilaginosa
68.0,15.0,,0.0,0,Rhodotorula mucilaginosa
68.0,20.0,,0.0,0,Rhodotorula mucilaginosa
68.0,25.0,,0.0,0,Rhodotorula mucilaginosa
68.0,30.0,,0.0,0,Rhodotorula mucilaginosa
69.0,0.0,21.0,0.0,1,Rhodotorula mucilaginosa
69.0,5.0,15.0,0.0,1,Rhodotorula mucilaginosa
69.0,10.0,,0.0,0,Rhodotorula mucilaginosa
69.0,15.0,,0.0,0,Rhodotorula mucilaginosa
69.0,20.0,,0.0,0,Rhodotorula mucilaginosa
69.0,25.0,,0.0,0,Rhodotorula mucilaginosa
69.0,30.0,,0.0,0,Rhodotorula mucilaginosa
71.0,0.0,3.0,0.0,1,Rhodotorula dairenensis
71.0,5.0,21.0,0.0,1,Rhodotorula dairenensis
71.0,10.0,,0.0,0,Rhodotorula dairenensis
71.0,15.0,,0.0,0,Rhodotorula dairenensis
71.0,20.0,,0.0,0,Rhodotorula dairenensis
71.0,25.0,,0.0,0,Rhodotorula dairenensis
71.0,30.0,,0.0,0,Rhodotorula dairenensis
72.0,0.0,21.0,0.0,1,Rhodotorula mucilaginosa
72.0,5.0,27.0,0.0,1,Rhodotorula mucilaginosa
72.0,10.0,,0.0,0,Rhodotorula mucilaginosa
72.0,15.0,,0.0,0,Rhodotorula mucilaginosa
72.0,20.0,,0.0,0,Rhodotorula mucilaginosa
72.0,25.0,,0.0,0,Rhodotorula mucilaginosa
72.0,30.0,,0.0,0,Rhodotorula mucilaginosa
73.0,0.0,3.0,0.0,1,Rhodotorula mucilaginosa
73.0,5.0,27.0,0.0,1,Rhodotorula mucilaginosa
73.0,10.0,,0.0,0,Rhodotorula mucilaginosa
73.0,15.0,,0.0,0,Rhodotorula mucilaginosa
73.0,20.0,,0.0,0,Rhodotorula mucilaginosa
73.0,25.0,,0.0,0,Rhodotorula mucilaginosa
73.0,30.0,,0.0,0,Rhodotorula mucilaginosa
74.0,0.0,3.0,0.0,1,Rhodotorula mucilaginosa
74.0,5.0,27.0,0.0,1,Rhodotorula mucilaginosa
74.0,10.0,,0.0,0,Rhodotorula mucilaginosa
74.0,15.0,,0.0,0,Rhodotorula mucilaginosa
74.0,20.0,,0.0,0,Rhodotorula mucilaginosa
74.0,25.0,,0.0,0,Rhodotorula mucilaginosa
74.0,30.0,,0.0,0,Rhodotorula mucilaginosa
75.0,0.0,33.0,0.0,1,Rhodotorula mucilaginosa
75.0,5.0,0.0,0.0,1,Rhodotorula mucilaginosa
75.0,10.0,,0.0,0,Rhodotorula mucilaginosa
75.0,15.0,,0.0,0,Rhodotorula mucilaginosa
75.0,20.0,,0.0,0,Rhodotorula mucilaginosa
75.0,25.0,,0.0,0,Rhodotorula mucilaginosa
75.0,30.0,,0.0,0,Rhodotorula mucilaginosa
76.0,0.0,3.0,0.0,1,Rhodotorula mucilaginosa
76.0,5.0,21.0,0.0,1,Rhodotorula mucilaginosa
76.0,10.0,,0.0,0,Rhodotorula mucilaginosa
76.0,15.0,,0.0,0,Rhodotorula mucilaginosa
76.0,20.0,,0.0,0,Rhodotorula mucilaginosa
76.0,25.0,,0.0,0,Rhodotorula mucilaginosa
76.0,30.0,,0.0,0,Rhodotorula mucilaginosa
77.0,0.0,21.0,0.0,1,Rhodotorula mucilaginosa
77.0,5.0,21.0,0.0,1,Rhodotorula mucilaginosa
77.0,10.0,,0.0,0,Rhodotorula mucilaginosa
77.0,15.0,,0.0,0,Rhodotorula mucilaginosa
77.0,20.0,,0.0,0,Rhodotorula mucilaginosa
77.0,25.0,,0.0,0,Rhodotorula mucilaginosa
77.0,30.0,,0.0,0,Rhodotorula mucilaginosa
78.0,0.0,27.0,0.0,1,Rhodotorula mucilaginosa
78.0,5.0,33.0,0.0,1,Rhodotorula mucilaginosa
78.0,10.0,,0.0,0,Rhodotorula mucilaginosa
78.0,15.0,,0.0,0,Rhodotorula mucilaginosa
78.0,20.0,,0.0,0,Rhodotorula mucilaginosa
78.0,25.0,,0.0,0,Rhodotorula mucilaginosa
78.0,30.0,,0.0,0,Rhodotorula mucilaginosa
79.0,0.0,9.0,0.0,1,Rhodotorula mucilaginosa
79.0,5.0,27.0,0.0,1,Rhodotorula mucilaginosa
79.0,10.0,,0.0,0,Rhodotorula mucilaginosa
79.0,15.0,,0.0,0,Rhodotorula mucilaginosa
79.0,20.0,,0.0,0,Rhodotorula mucilaginosa
79.0,25.0,,0.0,0,Rhodotorula mucilaginosa
79.0,30.0,,0.0,0,Rhodotorula mucilaginosa
80.0,0.0,3.0,0.0,1,Rhodotorula pacifica
80.0,5.0,21.0,0.0,1,Rhodotorula pacifica
80.0,10.0,,0.0,0,Rhodotorula pacifica
80.0,15.0,,0.0,0,Rhodotorula pacifica
80.0,20.0,,0.0,0,Rhodotorula pacifica
80.0,25.0,,0.0,0,Rhodotorula pacifica
80.0,30.0,,0.0,0,Rhodotorula pacifica
81.0,0.0,3.0,0.0,1,Rhodotorula mucilaginosa
81.0,5.0,21.0,0.0,1,Rhodotorula mucilaginosa
81.0,10.0,,0.0,0,Rhodotorula mucilaginosa
81.0,15.0,,0.0,0,Rhodotorula mucilaginosa
81.0,20.0,,0.0,0,Rhodotorula mucilaginosa
81.0,25.0,,0.0,0,Rhodotorula mucilaginosa
81.0,30.0,,0.0,0,Rhodotorula mucilaginosa
83.0,0.0,3.0,0.0,1,Rhodotorula mucilaginosa
83.0,5.0,21.0,0.0,1,Rhodotorula mucilaginosa
83.0,10.0,,0.0,0,Rhodotorula mucilaginosa
83.0,15.0,,0.0,0,Rhodotorula mucilaginosa
83.0,20.0,,0.0,0,Rhodotorula mucilaginosa
83.0,25.0,,0.0,0,Rhodotorula mucilaginosa
83.0,30.0,,0.0,0,Rhodotorula mucilaginosa
84.0,0.0,21.0,0.0,1,Rhodotorula paludigena
84.0,5.0,,0.0,0,Rhodotorula paludigena
84.0,10.0,,0.0,0,Rhodotorula paludigena
84.0,15.0,,3.0,0,Rhodotorula paludigena
84.0,20.0,,0.0,0,Rhodotorula paludigena
84.0,25.0,,0.0,0,Rhodotorula paludigena
84.0,30.0,,0.0,0,Rhodotorula paludigena
85.0,0.0,15.0,0.0,1,Rhodotorula paludigena
85.0,5.0,33.0,0.0,1,Rhodotorula paludigena
85.0,10.0,,0.0,0,Rhodotorula paludigena
85.0,15.0,,0.0,0,Rhodotorula paludigena
85.0,20.0,,0.0,0,Rhodotorula paludigena
85.0,25.0,,0.0,0,Rhodotorula paludigena
85.0,30.0,,0.0,0,Rhodotorula paludigena
86.0,0.0,33.0,0.0,1,Rhodotorula mucilaginosa
86.0,5.0,27.0,0.0,1,Rhodotorula mucilaginosa
86.0,10.0,,0.0,0,Rhodotorula mucilaginosa
86.0,15.0,,0.0,0,Rhodotorula mucilaginosa
86.0,20.0,,0.0,0,Rhodotorula mucilaginosa
86.0,25.0,,0.0,0,Rhodotorula mucilaginosa
86.0,30.0,,0.0,0,Rhodotorula mucilaginosa
88.0,0.0,42.0,0.0,1,Rhodotorula toruloides
88.0,5.0,18.0,0.0,1,Rhodotorula toruloides
88.0,10.0,,0.0,0,Rhodotorula toruloides
88.0,15.0,,0.0,0,Rhodotorula toruloides
88.0,20.0,,0.0,0,Rhodotorula toruloides
88.0,25.0,,0.0,0,Rhodotorula toruloides
88.0,30.0,,0.0,0,Rhodotorula toruloides
89.0,0.0,24.0,0.0,1,Rhodotorula mucilaginosa
89.0,5.0,18.0,0.0,1,Rhodotorula mucilaginosa
89.0,10.0,,0.0,0,Rhodotorula mucilaginosa
89.0,15.0,,0.0,0,Rhodotorula mucilaginosa
89.0,20.0,,0.0,0,Rhodotorula mucilaginosa
89.0,25.0,,0.0,0,Rhodotorula mucilaginosa
89.0,30.0,,0.0,0,Rhodotorula mucilaginosa
91.0,0.0,42.0,0.0,1,Rhodotorula diobovata
91.0,5.0,18.0,0.0,1,Rhodotorula diobovata
91.0,10.0,,0.0,0,Rhodotorula diobovata
91.0,15.0,,0.0,0,Rhodotorula diobovata
91.0,20.0,,0.0,0,Rhodotorula diobovata
91.0,25.0,,0.0,0,Rhodotorula diobovata
91.0,30.0,,6.0,0,Rhodotorula diobovata
92.0,0.0,24.0,0.0,1,Rhodotorula taiwanensis
92.0,5.0,18.0,0.0,1,Rhodotorula taiwanensis
92.0,10.0,,0.0,0,Rhodotorula taiwanensis
92.0,15.0,,0.0,0,Rhodotorula taiwanensis
92.0,20.0,,0.0,0,Rhodotorula taiwanensis
92.0,25.0,,0.0,0,Rhodotorula taiwanensis
92.0,30.0,,6.0,0,Rhodotorula taiwanensis
93.0,0.0,66.0,0.0,1,Rhodotorula paludigena
93.0,5.0,24.0,0.0,1,Rhodotorula paludigena
93.0,10.0,,0.0,0,Rhodotorula paludigena
93.0,15.0,,0.0,0,Rhodotorula paludigena
93.0,20.0,,0.0,0,Rhodotorula paludigena
93.0,25.0,,0.0,0,Rhodotorula paludigena
93.0,30.0,,6.0,0,Rhodotorula paludigena
94.0,0.0,60.0,0.0,1,Rhodotorula paludigena
94.0,5.0,18.0,0.0,1,Rhodotorula paludigena
94.0,10.0,,0.0,0,Rhodotorula paludigena
94.0,15.0,,6.0,0,Rhodotorula paludigena
94.0,20.0,,6.0,0,Rhodotorula paludigena
94.0,25.0,,0.0,0,Rhodotorula paludigena
94.0,30.0,,0.0,0,Rhodotorula paludigena
95.0,0.0,18.0,0.0,1,Rhodotorula mucilaginosa
95.0,5.0,6.0,0.0,1,Rhodotorula mucilaginosa
95.0,10.0,,0.0,0,Rhodotorula mucilaginosa
95.0,15.0,,0.0,0,Rhodotorula mucilaginosa
95.0,20.0,,0.0,0,Rhodotorula mucilaginosa
95.0,25.0,,0.0,0,Rhodotorula mucilaginosa
95.0,30.0,,0.0,0,Rhodotorula mucilaginosa
96.0,0.0,18.0,0.0,1,Rhodotorula toruloides
96.0,5.0,18.0,0.0,1,Rhodotorula toruloides
96.0,10.0,,0.0,0,Rhodotorula toruloides
96.0,15.0,,0.0,0,Rhodotorula toruloides
96.0,20.0,,0.0,0,Rhodotorula toruloides
96.0,25.0,,0.0,0,Rhodotorula toruloides
96.0,30.0,,0.0,0,Rhodotorula toruloides
97.0,0.0,18.0,0.0,1,Rhodotorula mucilaginosa
97.0,5.0,18.0,0.0,1,Rhodotorula mucilaginosa
97.0,10.0,,0.0,0,Rhodotorula mucilaginosa
97.0,15.0,,0.0,0,Rhodotorula mucilaginosa
97.0,20.0,,0.0,0,Rhodotorula mucilaginosa
97.0,25.0,,0.0,0,Rhodotorula mucilaginosa
97.0,30.0,,0.0,0,Rhodotorula mucilaginosa
98.0,0.0,36.0,0.0,1,Rhodotorula mucilaginosa
98.0,5.0,12.0,0.0,1,Rhodotorula mucilaginosa
98.0,10.0,,0.0,0,Rhodotorula mucilaginosa
98.0,15.0,,0.0,0,Rhodotorula mucilaginosa
98.0,20.0,,0.0,0,Rhodotorula mucilaginosa
98.0,25.0,,0.0,0,Rhodotorula mucilaginosa
98.0,30.0,,0.0,0,Rhodotorula mucilaginosa
99.0,0.0,42.0,0.0,1,Rhodotorula mucilaginosa
99.0,5.0,18.0,0.0,1,Rhodotorula mucilaginosa
99.0,10.0,,0.0,0,Rhodotorula mucilaginosa
99.0,15.0,,0.0,0,Rhodotorula mucilaginosa
99.0,20.0,,0.0,0,Rhodotorula mucilaginosa
99.0,25.0,,0.0,0,Rhodotorula mucilaginosa
99.0,30.0,,0.0,0,Rhodotorula mucilaginosa
100.0,0.0,24.0,0.0,1,Rhodotorula mucilaginosa
100.0,5.0,12.0,0.0,1,Rhodotorula mucilaginosa
100.0,10.0,60.0,0.0,1,Rhodotorula mucilaginosa
100.0,15.0,,0.0,0,Rhodotorula mucilaginosa
100.0,20.0,,0.0,0,Rhodotorula mucilaginosa
100.0,25.0,,0.0,0,Rhodotorula mucilaginosa
100.0,30.0,,0.0,0,Rhodotorula mucilaginosa
101.0,0.0,42.0,0.0,1,Rhodotorula sphaerocarpa
101.0,5.0,24.0,0.0,1,Rhodotorula sphaerocarpa
101.0,10.0,,0.0,0,Rhodotorula sphaerocarpa
101.0,15.0,,0.0,0,Rhodotorula sphaerocarpa
101.0,20.0,,0.0,0,Rhodotorula sphaerocarpa
101.0,25.0,,0.0,0,Rhodotorula sphaerocarpa
101.0,30.0,,6.0,0,Rhodotorula sphaerocarpa
102.0,0.0,60.0,0.0,1,Rhodotorula paludigena
102.0,5.0,24.0,0.0,1,Rhodotorula paludigena
102.0,10.0,,0.0,0,Rhodotorula paludigena
102.0,15.0,,0.0,0,Rhodotorula paludigena
102.0,20.0,,6.0,0,Rhodotorula paludigena
102.0,25.0,,0.0,0,Rhodotorula paludigena
102.0,30.0,,6.0,0,Rhodotorula paludigena
103.0,0.0,30.0,0.0,1,Rhodotorula paludigena
103.0,5.0,18.0,0.0,1,Rhodotorula paludigena
103.0,10.0,,0.0,0,Rhodotorula paludigena
103.0,15.0,,0.0,0,Rhodotorula paludigena
103.0,20.0,,0.0,0,Rhodotorula paludigena
103.0,25.0,,0.0,0,Rhodotorula paludigena
103.0,30.0,,6.0,0,Rhodotorula paludigena
104.0,0.0,30.0,0.0,1,Rhodotorula mucilaginosa
104.0,5.0,18.0,0.0,1,Rhodotorula mucilaginosa
104.0,10.0,,0.0,0,Rhodotorula mucilaginosa
104.0,15.0,,0.0,0,Rhodotorula mucilaginosa
104.0,20.0,,0.0,0,Rhodotorula mucilaginosa
104.0,25.0,,0.0,0,Rhodotorula mucilaginosa
104.0,30.0,,0.0,0,Rhodotorula mucilaginosa
105.0,0.0,30.0,0.0,1,Rhodotorula toruloides
105.0,5.0,18.0,0.0,1,Rhodotorula toruloides
105.0,10.0,78.0,0.0,1,Rhodotorula toruloides
105.0,15.0,,0.0,0,Rhodotorula toruloides
105.0,20.0,,0.0,0,Rhodotorula toruloides
105.0,25.0,,0.0,0,Rhodotorula toruloides
105.0,30.0,,0.0,0,Rhodotorula toruloides
106.0,0.0,30.0,0.0,1,Rhodotorula mucilaginosa
106.0,5.0,12.0,0.0,1,Rhodotorula mucilaginosa
106.0,10.0,108.0,0.0,1,Rhodotorula mucilaginosa
106.0,15.0,,0.0,0,Rhodotorula mucilaginosa
106.0,20.0,,0.0,0,Rhodotorula mucilaginosa
106.0,25.0,,0.0,0,Rhodotorula mucilaginosa
106.0,30.0,,6.0,0,Rhodotorula mucilaginosa
107.0,0.0,42.0,0.0,1,Rhodotorula mucilaginosa
107.0,5.0,0.0,0.0,1,Rhodotorula mucilaginosa
107.0,10.0,,0.0,0,Rhodotorula mucilaginosa
107.0,15.0,,0.0,0,Rhodotorula mucilaginosa
107.0,20.0,,0.0,0,Rhodotorula mucilaginosa
107.0,25.0,,0.0,0,Rhodotorula mucilaginosa
107.0,30.0,,0.0,0,Rhodotorula mucilaginosa
108.0,0.0,24.0,0.0,1,Rhodotorula mucilaginosa
108.0,5.0,12.0,0.0,1,Rhodotorula mucilaginosa
108.0,10.0,,0.0,0,Rhodotorula mucilaginosa
108.0,15.0,,0.0,0,Rhodotorula mucilaginosa
108.0,20.0,,0.0,0,Rhodotorula mucilaginosa
108.0,25.0,,0.0,0,Rhodotorula mucilaginosa
108.0,30.0,,0.0,0,Rhodotorula mucilaginosa
109.0,0.0,18.0,0.0,1,Rhodotorula mucilaginosa
109.0,5.0,18.0,0.0,1,Rhodotorula mucilaginosa
109.0,10.0,,0.0,0,Rhodotorula mucilaginosa
109.0,15.0,,0.0,0,Rhodotorula mucilaginosa
109.0,20.0,,0.0,0,Rhodotorula mucilaginosa
109.0,25.0,,0.0,0,Rhodotorula mucilaginosa
109.0,30.0,,0.0,0,Rhodotorula mucilaginosa
110.0,0.0,18.0,0.0,1,Rhodotorula sp. clade I
110.0,5.0,0.0,0.0,1,Rhodotorula sp. clade I
110.0,10.0,102.0,0.0,1,Rhodotorula sp. clade I
110.0,15.0,,0.0,0,Rhodotorula sp. clade I
110.0,20.0,,0.0,0,Rhodotorula sp. clade I
110.0,25.0,,0.0,0,Rhodotorula sp. clade I
110.0,30.0,,0.0,0,Rhodotorula sp. clade I
111.0,0.0,48.0,0.0,1,Rhodotorula diobovata
111.0,5.0,18.0,0.0,1,Rhodotorula diobovata
111.0,10.0,,0.0,0,Rhodotorula diobovata
111.0,15.0,,0.0,0,Rhodotorula diobovata
111.0,20.0,,0.0,0,Rhodotorula diobovata
111.0,25.0,,0.0,0,Rhodotorula diobovata
111.0,30.0,,0.0,0,Rhodotorula diobovata
112.0,0.0,24.0,0.0,1,Rhodotorula sp. clade I
112.0,5.0,18.0,0.0,1,Rhodotorula sp. clade I
112.0,10.0,,0.0,0,Rhodotorula sp. clade I
112.0,15.0,,0.0,0,Rhodotorula sp. clade I
112.0,20.0,,0.0,0,Rhodotorula sp. clade I
112.0,25.0,,0.0,0,Rhodotorula sp. clade I
112.0,30.0,,0.0,0,Rhodotorula sp. clade I
113.0,0.0,36.0,0.0,1,Rhodotorula mucilaginosa
113.0,5.0,12.0,0.0,1,Rhodotorula mucilaginosa
113.0,10.0,,0.0,0,Rhodotorula mucilaginosa
113.0,15.0,,0.0,0,Rhodotorula mucilaginosa
113.0,20.0,,0.0,0,Rhodotorula mucilaginosa
113.0,25.0,,0.0,0,Rhodotorula mucilaginosa
113.0,30.0,,0.0,0,Rhodotorula mucilaginosa
114.0,0.0,36.0,0.0,1,Rhodotorula toruloides
114.0,5.0,0.0,0.0,1,Rhodotorula toruloides
114.0,10.0,,0.0,0,Rhodotorula toruloides
114.0,15.0,,0.0,0,Rhodotorula toruloides
114.0,20.0,,0.0,0,Rhodotorula toruloides
114.0,25.0,,0.0,0,Rhodotorula toruloides
114.0,30.0,,6.0,0,Rhodotorula toruloides
115.0,0.0,30.0,0.0,1,Rhodotorula mucilaginosa
115.0,5.0,18.0,0.0,1,Rhodotorula mucilaginosa
115.0,10.0,,0.0,0,Rhodotorula mucilaginosa
115.0,15.0,,0.0,0,Rhodotorula mucilaginosa
115.0,20.0,,0.0,0,Rhodotorula mucilaginosa
115.0,25.0,,0.0,0,Rhodotorula mucilaginosa
115.0,30.0,,0.0,0,Rhodotorula mucilaginosa
116.0,0.0,0.0,0.0,1,Rhodotorula mucilaginosa
116.0,5.0,18.0,0.0,1,Rhodotorula mucilaginosa
116.0,10.0,,0.0,0,Rhodotorula mucilaginosa
116.0,15.0,,0.0,0,Rhodotorula mucilaginosa
116.0,20.0,,0.0,0,Rhodotorula mucilaginosa
116.0,25.0,,0.0,0,Rhodotorula mucilaginosa
116.0,30.0,,0.0,0,Rhodotorula mucilaginosa
117.0,0.0,48.0,0.0,1,Rhodotorula mucilaginosa
117.0,5.0,12.0,0.0,1,Rhodotorula mucilaginosa
117.0,10.0,,0.0,0,Rhodotorula mucilaginosa
117.0,15.0,,0.0,0,Rhodotorula mucilaginosa
117.0,20.0,,0.0,0,Rhodotorula mucilaginosa
117.0,25.0,,0.0,0,Rhodotorula mucilaginosa
117.0,30.0,,0.0,0,Rhodotorula mucilaginosa
118.0,0.0,24.0,0.0,1,Rhodotorula taiwanensis
118.0,5.0,18.0,0.0,1,Rhodotorula taiwanensis
118.0,10.0,,0.0,0,Rhodotorula taiwanensis
118.0,15.0,,0.0,0,Rhodotorula taiwanensis
118.0,20.0,,0.0,0,Rhodotorula taiwanensis
118.0,25.0,,0.0,0,Rhodotorula taiwanensis
118.0,30.0,,0.0,0,Rhodotorula taiwanensis
119.0,0.0,30.0,0.0,1,Rhodotorula sp. clade I
119.0,5.0,18.0,0.0,1,Rhodotorula sp. clade I
119.0,10.0,102.0,0.0,1,Rhodotorula sp. clade I
119.0,15.0,,0.0,0,Rhodotorula sp. clade I
119.0,20.0,,0.0,0,Rhodotorula sp. clade I
119.0,25.0,,0.0,0,Rhodotorula sp. clade I
119.0,30.0,,0.0,0,Rhodotorula sp. clade I
120.0,0.0,48.0,0.0,1,Rhodotorula diobovata
120.0,5.0,18.0,0.0,1,Rhodotorula diobovata
120.0,10.0,,0.0,0,Rhodotorula diobovata
120.0,15.0,,0.0,0,Rhodotorula diobovata
120.0,20.0,,0.0,0,Rhodotorula diobovata
120.0,25.0,,0.0,0,Rhodotorula diobovata
120.0,30.0,,0.0,0,Rhodotorula diobovata
121.0,0.0,42.0,0.0,1,Rhodotorula paludigena
121.0,5.0,30.0,0.0,1,Rhodotorula paludigena
121.0,10.0,,0.0,0,Rhodotorula paludigena
121.0,15.0,,0.0,0,Rhodotorula paludigena
121.0,20.0,,0.0,0,Rhodotorula paludigena
121.0,25.0,,6.0,0,Rhodotorula paludigena
121.0,30.0,,6.0,0,Rhodotorula paludigena
122.0,0.0,60.0,0.0,1,Rhodotorula sp. clade I
122.0,5.0,24.0,0.0,1,Rhodotorula sp. clade I
122.0,10.0,,0.0,0,Rhodotorula sp. clade I
122.0,15.0,,6.0,0,Rhodotorula sp. clade I
122.0,20.0,,6.0,0,Rhodotorula sp. clade I
122.0,25.0,,0.0,0,Rhodotorula sp. clade I
122.0,30.0,,0.0,0,Rhodotorula sp. clade I
123.0,0.0,6.0,0.0,1,Rhodotorula sp. clade I
123.0,5.0,12.0,0.0,1,Rhodotorula sp. clade I
123.0,10.0,,0.0,0,Rhodotorula sp. clade I
123.0,15.0,,0.0,0,Rhodotorula sp. clade I
123.0,20.0,,0.0,0,Rhodotorula sp. clade I
123.0,25.0,,0.0,0,Rhodotorula sp. clade I
123.0,30.0,,0.0,0,Rhodotorula sp. clade I
124.0,0.0,30.0,0.0,1,Rhodotorula mucilaginosa
124.0,5.0,18.0,0.0,1,Rhodotorula mucilaginosa
124.0,10.0,,0.0,0,Rhodotorula mucilaginosa
124.0,15.0,,0.0,0,Rhodotorula mucilaginosa
124.0,20.0,,0.0,0,Rhodotorula mucilaginosa
124.0,25.0,,0.0,0,Rhodotorula mucilaginosa
124.0,30.0,,0.0,0,Rhodotorula mucilaginosa
125.0,0.0,30.0,0.0,1,Rhodotorula mucilaginosa
125.0,5.0,18.0,0.0,1,Rhodotorula mucilaginosa
125.0,10.0,,0.0,0,Rhodotorula mucilaginosa
125.0,15.0,,0.0,0,Rhodotorula mucilaginosa
125.0,20.0,,0.0,0,Rhodotorula mucilaginosa
125.0,25.0,,0.0,0,Rhodotorula mucilaginosa
125.0,30.0,,6.0,0,Rhodotorula mucilaginosa
126.0,0.0,36.0,0.0,1,Rhodotorula mucilaginosa
126.0,5.0,6.0,0.0,1,Rhodotorula mucilaginosa
126.0,10.0,,0.0,0,Rhodotorula mucilaginosa
126.0,15.0,,0.0,0,Rhodotorula mucilaginosa
126.0,20.0,,0.0,0,Rhodotorula mucilaginosa
126.0,25.0,,0.0,0,Rhodotorula mucilaginosa
126.0,30.0,,0.0,0,Rhodotorula mucilaginosa
127.0,0.0,42.0,0.0,1,Rhodotorula mucilaginosa
127.0,5.0,18.0,0.0,1,Rhodotorula mucilaginosa
127.0,10.0,,0.0,0,Rhodotorula mucilaginosa
127.0,15.0,,0.0,0,Rhodotorula mucilaginosa
127.0,20.0,,0.0,0,Rhodotorula mucilaginosa
127.0,25.0,,0.0,0,Rhodotorula mucilaginosa
127.0,30.0,,0.0,0,Rhodotorula mucilaginosa
128.0,0.0,72.0,0.0,1,Rhodotorula graminis
128.0,5.0,30.0,12.0,1,Rhodotorula graminis
128.0,10.0,,0.0,0,Rhodotorula graminis
128.0,15.0,,6.0,0,Rhodotorula graminis
128.0,20.0,,12.0,0,Rhodotorula graminis
128.0,25.0,,0.0,0,Rhodotorula graminis
128.0,30.0,,6.0,0,Rhodotorula graminis
129.0,0.0,18.0,0.0,1,Rhodotorula mucilaginosa
129.0,5.0,18.0,0.0,1,Rhodotorula mucilaginosa
129.0,10.0,,0.0,0,Rhodotorula mucilaginosa
129.0,15.0,,6.0,0,Rhodotorula mucilaginosa
129.0,20.0,,0.0,0,Rhodotorula mucilaginosa
129.0,25.0,,0.0,0,Rhodotorula mucilaginosa
129.0,30.0,,0.0,0,Rhodotorula mucilaginosa
130.0,0.0,18.0,0.0,1,Rhodotorula mucilaginosa
130.0,5.0,0.0,0.0,1,Rhodotorula mucilaginosa
130.0,10.0,,0.0,0,Rhodotorula mucilaginosa
130.0,15.0,,0.0,0,Rhodotorula mucilaginosa
130.0,20.0,,0.0,0,Rhodotorula mucilaginosa
130.0,25.0,,0.0,0,Rhodotorula mucilaginosa
130.0,30.0,,0.0,0,Rhodotorula mucilaginosa
131.0,0.0,12.0,0.0,1,Rhodotorula mucilaginosa
131.0,5.0,18.0,0.0,1,Rhodotorula mucilaginosa
131.0,10.0,,0.0,0,Rhodotorula mucilaginosa
131.0,15.0,,0.0,0,Rhodotorula mucilaginosa
131.0,20.0,,0.0,0,Rhodotorula mucilaginosa
131.0,25.0,,0.0,0,Rhodotorula mucilaginosa
131.0,30.0,,0.0,0,Rhodotorula mucilaginosa
133.0,0.0,30.0,0.0,1,Rhodotorula mucilaginosa
133.0,5.0,12.0,0.0,1,Rhodotorula mucilaginosa
133.0,10.0,,0.0,0,Rhodotorula mucilaginosa
133.0,15.0,,0.0,0,Rhodotorula mucilaginosa
133.0,20.0,,0.0,0,Rhodotorula mucilaginosa
133.0,25.0,,0.0,0,Rhodotorula mucilaginosa
133.0,30.0,,0.0,0,Rhodotorula mucilaginosa
134.0,0.0,36.0,0.0,1,Rhodotorula mucilaginosa
134.0,5.0,18.0,0.0,1,Rhodotorula mucilaginosa
134.0,10.0,,0.0,0,Rhodotorula mucilaginosa
134.0,15.0,,0.0,0,Rhodotorula mucilaginosa
134.0,20.0,,0.0,0,Rhodotorula mucilaginosa
134.0,25.0,,0.0,0,Rhodotorula mucilaginosa
134.0,30.0,,0.0,0,Rhodotorula mucilaginosa
135.0,0.0,30.0,0.0,1,Rhodotorula mucilaginosa
135.0,5.0,18.0,0.0,1,Rhodotorula mucilaginosa
135.0,10.0,,0.0,0,Rhodotorula mucilaginosa
135.0,15.0,,0.0,0,Rhodotorula mucilaginosa
135.0,20.0,,0.0,0,Rhodotorula mucilaginosa
135.0,25.0,,0.0,0,Rhodotorula mucilaginosa
135.0,30.0,,0.0,0,Rhodotorula mucilaginosa
136.0,0.0,30.0,0.0,1,Rhodotorula sphaerocarpa
136.0,5.0,18.0,0.0,1,Rhodotorula sphaerocarpa
136.0,10.0,,0.0,0,Rhodotorula sphaerocarpa
136.0,15.0,,6.0,0,Rhodotorula sphaerocarpa
136.0,20.0,,0.0,0,Rhodotorula sphaerocarpa
136.0,25.0,,0.0,0,Rhodotorula sphaerocarpa
136.0,30.0,,6.0,0,Rhodotorula sphaerocarpa
137.0,0.0,12.0,0.0,1,Rhodotorula taiwanensis
137.0,5.0,18.0,0.0,1,Rhodotorula taiwanensis
137.0,10.0,,0.0,0,Rhodotorula taiwanensis
137.0,15.0,,0.0,0,Rhodotorula taiwanensis
137.0,20.0,,0.0,0,Rhodotorula taiwanensis
137.0,25.0,,0.0,0,Rhodotorula taiwanensis
137.0,30.0,,6.0,0,Rhodotorula taiwanensis
138.0,0.0,24.0,0.0,1,Rhodotorula paludigena
138.0,5.0,18.0,6.0,1,Rhodotorula paludigena
138.0,10.0,,6.0,0,Rhodotorula paludigena
138.0,15.0,,0.0,0,Rhodotorula paludigena
138.0,20.0,,0.0,0,Rhodotorula paludigena
138.0,25.0,,6.0,0,Rhodotorula paludigena
138.0,30.0,,0.0,0,Rhodotorula paludigena
139.0,0.0,18.0,0.0,1,Rhodotorula sp. clade I
139.0,5.0,18.0,0.0,1,Rhodotorula sp. clade I
139.0,10.0,,0.0,0,Rhodotorula sp. clade I
139.0,15.0,,0.0,0,Rhodotorula sp. clade I
139.0,20.0,,0.0,0,Rhodotorula sp. clade I
139.0,25.0,,0.0,0,Rhodotorula sp. clade I
139.0,30.0,,6.0,0,Rhodotorula sp. clade I
140.0,0.0,6.0,0.0,1,Rhodotorula sp. clade I
140.0,5.0,24.0,0.0,1,Rhodotorula sp. clade I
140.0,10.0,,0.0,0,Rhodotorula sp. clade I
140.0,15.0,,0.0,0,Rhodotorula sp. clade I
140.0,20.0,,0.0,0,Rhodotorula sp. clade I
140.0,25.0,,0.0,0,Rhodotorula sp. clade I
140.0,30.0,,0.0,0,Rhodotorula sp. clade I
141.0,0.0,24.0,0.0,1,Rhodotorula toruloides
141.0,5.0,24.0,0.0,1,Rhodotorula toruloides
141.0,10.0,,0.0,0,Rhodotorula toruloides
141.0,15.0,,0.0,0,Rhodotorula toruloides
141.0,20.0,,0.0,0,Rhodotorula toruloides
141.0,25.0,,0.0,0,Rhodotorula toruloides
141.0,30.0,,0.0,0,Rhodotorula toruloides
142.0,0.0,18.0,0.0,1,Rhodotorula mucilaginosa
142.0,5.0,12.0,0.0,1,Rhodotorula mucilaginosa
142.0,10.0,,0.0,0,Rhodotorula mucilaginosa
142.0,15.0,,0.0,0,Rhodotorula mucilaginosa
142.0,20.0,,0.0,0,Rhodotorula mucilaginosa
142.0,25.0,,0.0,0,Rhodotorula mucilaginosa
142.0,30.0,,0.0,0,Rhodotorula mucilaginosa
143.0,0.0,0.0,0.0,1,Rhodotorula mucilaginosa
143.0,5.0,12.0,0.0,1,Rhodotorula mucilaginosa
143.0,10.0,,0.0,0,Rhodotorula mucilaginosa
143.0,15.0,,0.0,0,Rhodotorula mucilaginosa
143.0,20.0,,0.0,0,Rhodotorula mucilaginosa
143.0,25.0,,0.0,0,Rhodotorula mucilaginosa
143.0,30.0,,0.0,0,Rhodotorula mucilaginosa
144.0,0.0,24.0,0.0,1,Rhodotorula mucilaginosa
144.0,5.0,18.0,0.0,1,Rhodotorula mucilaginosa
144.0,10.0,,0.0,0,Rhodotorula mucilaginosa
144.0,15.0,,0.0,0,Rhodotorula mucilaginosa
144.0,20.0,,0.0,0,Rhodotorula mucilaginosa
144.0,25.0,,0.0,0,Rhodotorula mucilaginosa
144.0,30.0,,0.0,0,Rhodotorula mucilaginosa
145.0,0.0,24.0,0.0,1,Rhodotorula mucilaginosa
145.0,5.0,0.0,0.0,1,Rhodotorula mucilaginosa
145.0,10.0,,0.0,0,Rhodotorula mucilaginosa
145.0,15.0,,0.0,0,Rhodotorula mucilaginosa
145.0,20.0,,0.0,0,Rhodotorula mucilaginosa
145.0,25.0,,0.0,0,Rhodotorula mucilaginosa
145.0,30.0,,0.0,0,Rhodotorula mucilaginosa
146.0,0.0,30.0,0.0,1,Rhodotorula mucilaginosa
146.0,5.0,18.0,0.0,1,Rhodotorula mucilaginosa
146.0,10.0,,0.0,0,Rhodotorula mucilaginosa
146.0,15.0,,0.0,0,Rhodotorula mucilaginosa
146.0,20.0,,0.0,0,Rhodotorula mucilaginosa
146.0,25.0,,0.0,0,Rhodotorula mucilaginosa
146.0,30.0,,0.0,0,Rhodotorula mucilaginosa
147.0,0.0,96.0,0.0,1,Rhodotorula paludigena
147.0,5.0,24.0,6.0,1,Rhodotorula paludigena
147.0,10.0,,0.0,0,Rhodotorula paludigena
147.0,15.0,,0.0,0,Rhodotorula paludigena
147.0,20.0,,0.0,0,Rhodotorula paludigena
147.0,25.0,,0.0,0,Rhodotorula paludigena
147.0,30.0,,0.0,0,Rhodotorula paludigena
148.0,0.0,12.0,0.0,1,Rhodotorula mucilaginosa
148.0,5.0,12.0,0.0,1,Rhodotorula mucilaginosa
148.0,10.0,,0.0,0,Rhodotorula mucilaginosa
148.0,15.0,,0.0,0,Rhodotorula mucilaginosa
148.0,20.0,,0.0,0,Rhodotorula mucilaginosa
148.0,25.0,,0.0,0,Rhodotorula mucilaginosa
148.0,30.0,,0.0,0,Rhodotorula mucilaginosa
149.0,0.0,42.0,0.0,1,Rhodotorula sphaerocarpa
149.0,5.0,6.0,0.0,1,Rhodotorula sphaerocarpa
149.0,10.0,66.0,0.0,1,Rhodotorula sphaerocarpa
149.0,15.0,,0.0,0,Rhodotorula sphaerocarpa
149.0,20.0,,0.0,0,Rhodotorula sphaerocarpa
149.0,25.0,,0.0,0,Rhodotorula sphaerocarpa
149.0,30.0,,0.0,0,Rhodotorula sphaerocarpa
150.0,0.0,30.0,0.0,1,Rhodotorula mucilaginosa
150.0,5.0,12.0,0.0,1,Rhodotorula mucilaginosa
150.0,10.0,,0.0,0,Rhodotorula mucilaginosa
150.0,15.0,,0.0,0,Rhodotorula mucilaginosa
150.0,20.0,,0.0,0,Rhodotorula mucilaginosa
150.0,25.0,,0.0,0,Rhodotorula mucilaginosa
150.0,30.0,,6.0,0,Rhodotorula mucilaginosa
151.0,0.0,24.0,0.0,1,Rhodotorula mucilaginosa
151.0,5.0,12.0,0.0,1,Rhodotorula mucilaginosa
151.0,10.0,,0.0,0,Rhodotorula mucilaginosa
151.0,15.0,,0.0,0,Rhodotorula mucilaginosa
151.0,20.0,,0.0,0,Rhodotorula mucilaginosa
151.0,25.0,,0.0,0,Rhodotorula mucilaginosa
151.0,30.0,,0.0,0,Rhodotorula mucilaginosa
152.0,0.0,0.0,0.0,1,Rhodotorula mucilaginosa
152.0,5.0,18.0,0.0,1,Rhodotorula mucilaginosa
152.0,10.0,,0.0,0,Rhodotorula mucilaginosa
152.0,15.0,,0.0,0,Rhodotorula mucilaginosa
152.0,20.0,,0.0,0,Rhodotorula mucilaginosa
152.0,25.0,,0.0,0,Rhodotorula mucilaginosa
152.0,30.0,,0.0,0,Rhodotorula mucilaginosa
153.0,0.0,48.0,0.0,1,Rhodotorula mucilaginosa
153.0,5.0,18.0,0.0,1,Rhodotorula mucilaginosa
153.0,10.0,,0.0,0,Rhodotorula mucilaginosa
153.0,15.0,,0.0,0,Rhodotorula mucilaginosa
153.0,20.0,,0.0,0,Rhodotorula mucilaginosa
153.0,25.0,,0.0,0,Rhodotorula mucilaginosa
153.0,30.0,,0.0,0,Rhodotorula mucilaginosa
155.0,0.0,36.0,0.0,1,Rhodotorula taiwanensis
155.0,5.0,12.0,0.0,1,Rhodotorula taiwanensis
155.0,10.0,102.0,0.0,1,Rhodotorula taiwanensis
155.0,15.0,,0.0,0,Rhodotorula taiwanensis
155.0,20.0,,0.0,0,Rhodotorula taiwanensis
155.0,25.0,,0.0,0,Rhodotorula taiwanensis
155.0,30.0,,0.0,0,Rhodotorula taiwanensis
156.0,0.0,24.0,0.0,1,Rhodotorula paludigena
156.0,5.0,12.0,0.0,1,Rhodotorula paludigena
156.0,10.0,90.0,0.0,1,Rhodotorula paludigena
156.0,15.0,,0.0,0,Rhodotorula paludigena
156.0,20.0,,0.0,0,Rhodotorula paludigena
156.0,25.0,,0.0,0,Rhodotorula paludigena
156.0,30.0,,0.0,0,Rhodotorula paludigena
157.0,0.0,36.0,0.0,1,Rhodotorula paludigena
157.0,5.0,18.0,0.0,1,Rhodotorula paludigena
157.0,10.0,,0.0,0,Rhodotorula paludigena
157.0,15.0,,0.0,0,Rhodotorula paludigena
157.0,20.0,,0.0,0,Rhodotorula paludigena
157.0,25.0,,0.0,0,Rhodotorula paludigena
157.0,30.0,,6.0,0,Rhodotorula paludigena
158.0,0.0,36.0,0.0,1,Rhodotorula mucilaginosa
158.0,5.0,12.0,0.0,1,Rhodotorula mucilaginosa
158.0,10.0,,0.0,0,Rhodotorula mucilaginosa
158.0,15.0,,0.0,0,Rhodotorula mucilaginosa
158.0,20.0,,0.0,0,Rhodotorula mucilaginosa
158.0,25.0,,0.0,0,Rhodotorula mucilaginosa
158.0,30.0,,0.0,0,Rhodotorula mucilaginosa
159.0,0.0,24.0,0.0,1,Rhodotorula mucilaginosa
159.0,5.0,12.0,0.0,1,Rhodotorula mucilaginosa
159.0,10.0,,0.0,0,Rhodotorula mucilaginosa
159.0,15.0,,0.0,0,Rhodotorula mucilaginosa
159.0,20.0,,0.0,0,Rhodotorula mucilaginosa
159.0,25.0,,0.0,0,Rhodotorula mucilaginosa
159.0,30.0,,0.0,0,Rhodotorula mucilaginosa
161.0,0.0,42.0,0.0,1,Rhodotorula mucilaginosa
161.0,5.0,18.0,0.0,1,Rhodotorula mucilaginosa
161.0,10.0,,0.0,0,Rhodotorula mucilaginosa
161.0,15.0,,0.0,0,Rhodotorula mucilaginosa
161.0,20.0,,0.0,0,Rhodotorula mucilaginosa
161.0,25.0,,0.0,0,Rhodotorula mucilaginosa
161.0,30.0,,6.0,0,Rhodotorula mucilaginosa
162.0,0.0,18.0,0.0,1,Rhodotorula mucilaginosa
162.0,5.0,18.0,0.0,1,Rhodotorula mucilaginosa
162.0,10.0,,0.0,0,Rhodotorula mucilaginosa
162.0,15.0,,6.0,0,Rhodotorula mucilaginosa
162.0,20.0,,0.0,0,Rhodotorula mucilaginosa
162.0,25.0,,0.0,0,Rhodotorula mucilaginosa
162.0,30.0,,6.0,0,Rhodotorula mucilaginosa
163.0,0.0,18.0,0.0,1,Rhodotorula mucilaginosa
163.0,5.0,18.0,0.0,1,Rhodotorula mucilaginosa
163.0,10.0,,0.0,0,Rhodotorula mucilaginosa
163.0,15.0,,0.0,0,Rhodotorula mucilaginosa
163.0,20.0,,0.0,0,Rhodotorula mucilaginosa
163.0,25.0,,0.0,0,Rhodotorula mucilaginosa
163.0,30.0,,0.0,0,Rhodotorula mucilaginosa
164.0,0.0,30.0,0.0,1,Rhodotorula mucilaginosa
164.0,5.0,0.0,0.0,1,Rhodotorula mucilaginosa
164.0,10.0,,0.0,0,Rhodotorula mucilaginosa
164.0,15.0,,0.0,0,Rhodotorula mucilaginosa
164.0,20.0,,0.0,0,Rhodotorula mucilaginosa
164.0,25.0,,0.0,0,Rhodotorula mucilaginosa
164.0,30.0,,0.0,0,Rhodotorula mucilaginosa
165.0,0.0,18.0,0.0,1,
165.0,5.0,18.0,0.0,1,
165.0,10.0,,0.0,0,
165.0,15.0,,0.0,0,
165.0,20.0,,0.0,0,
165.0,25.0,,0.0,0,
165.0,30.0,,0.0,0,
166.0,0.0,30.0,0.0,1,Rhodotorula mucilaginosa
166.0,5.0,18.0,0.0,1,Rhodotorula mucilaginosa
166.0,10.0,,0.0,0,Rhodotorula mucilaginosa
166.0,15.0,,0.0,0,Rhodotorula mucilaginosa
166.0,20.0,,0.0,0,Rhodotorula mucilaginosa
166.0,25.0,,0.0,0,Rhodotorula mucilaginosa
166.0,30.0,,0.0,0,Rhodotorula mucilaginosa
167.0,0.0,18.0,0.0,1,Rhodotorula mucilaginosa
167.0,5.0,18.0,0.0,1,Rhodotorula mucilaginosa
167.0,10.0,,0.0,0,Rhodotorula mucilaginosa
167.0,15.0,,0.0,0,Rhodotorula mucilaginosa
167.0,20.0,,0.0,0,Rhodotorula mucilaginosa
167.0,25.0,,0.0,0,Rhodotorula mucilaginosa
167.0,30.0,,0.0,0,Rhodotorula mucilaginosa
168.0,0.0,24.0,0.0,1,Rhodotorula mucilaginosa
168.0,5.0,18.0,0.0,1,Rhodotorula mucilaginosa
168.0,10.0,,0.0,0,Rhodotorula mucilaginosa
168.0,15.0,,0.0,0,Rhodotorula mucilaginosa
168.0,20.0,,0.0,0,Rhodotorula mucilaginosa
168.0,25.0,,0.0,0,Rhodotorula mucilaginosa
168.0,30.0,,0.0,0,Rhodotorula mucilaginosa
169.0,0.0,18.0,0.0,1,Rhodotorula mucilaginosa
169.0,5.0,18.0,0.0,1,Rhodotorula mucilaginosa
169.0,10.0,,0.0,0,Rhodotorula mucilaginosa
169.0,15.0,,0.0,0,Rhodotorula mucilaginosa
169.0,20.0,,0.0,0,Rhodotorula mucilaginosa
169.0,25.0,,0.0,0,Rhodotorula mucilaginosa
169.0,30.0,,0.0,0,Rhodotorula mucilaginosa
170.0,0.0,0.0,0.0,1,Rhodotorula mucilaginosa
170.0,5.0,18.0,0.0,1,Rhodotorula mucilaginosa
170.0,10.0,,0.0,0,Rhodotorula mucilaginosa
170.0,15.0,,0.0,0,Rhodotorula mucilaginosa
170.0,20.0,,0.0,0,Rhodotorula mucilaginosa
170.0,25.0,,0.0,0,Rhodotorula mucilaginosa
170.0,30.0,,6.0,0,Rhodotorula mucilaginosa
171.0,0.0,24.0,0.0,1,Rhodotorula mucilaginosa
171.0,5.0,12.0,0.0,1,Rhodotorula mucilaginosa
171.0,10.0,84.0,0.0,1,Rhodotorula mucilaginosa
171.0,15.0,,0.0,0,Rhodotorula mucilaginosa
171.0,20.0,,0.0,0,Rhodotorula mucilaginosa
171.0,25.0,,0.0,0,Rhodotorula mucilaginosa
171.0,30.0,,0.0,0,Rhodotorula mucilaginosa
172.0,0.0,24.0,0.0,1,Rhodotorula mucilaginosa
172.0,5.0,12.0,0.0,1,Rhodotorula mucilaginosa
172.0,10.0,,0.0,0,Rhodotorula mucilaginosa
172.0,15.0,,0.0,0,Rhodotorula mucilaginosa
172.0,20.0,,0.0,0,Rhodotorula mucilaginosa
172.0,25.0,,0.0,0,Rhodotorula mucilaginosa
172.0,30.0,,0.0,0,Rhodotorula mucilaginosa
173.0,0.0,36.0,0.0,1,
173.0,5.0,18.0,0.0,1,
173.0,10.0,102.0,0.0,1,
173.0,15.0,,0.0,0,
173.0,20.0,,0.0,0,
173.0,25.0,,0.0,0,
173.0,30.0,,0.0,0,
174.0,0.0,30.0,0.0,1,Rhodotorula mucilaginosa
174.0,5.0,18.0,0.0,1,Rhodotorula mucilaginosa
174.0,10.0,,0.0,0,Rhodotorula mucilaginosa
174.0,15.0,,0.0,0,Rhodotorula mucilaginosa
174.0,20.0,,0.0,0,Rhodotorula mucilaginosa
174.0,25.0,,0.0,0,Rhodotorula mucilaginosa
174.0,30.0,,6.0,0,Rhodotorula mucilaginosa
175.0,0.0,0.0,0.0,1,Rhodotorula mucilaginosa
175.0,5.0,36.0,0.0,1,Rhodotorula mucilaginosa
175.0,10.0,,0.0,0,Rhodotorula mucilaginosa
175.0,15.0,,0.0,0,Rhodotorula mucilaginosa
175.0,20.0,,0.0,0,Rhodotorula mucilaginosa
175.0,25.0,,0.0,0,Rhodotorula mucilaginosa
175.0,30.0,,6.0,0,Rhodotorula mucilaginosa
176.0,0.0,6.0,0.0,1,Rhodotorula mucilaginosa
176.0,5.0,12.0,0.0,1,Rhodotorula mucilaginosa
176.0,10.0,102.0,0.0,1,Rhodotorula mucilaginosa
176.0,15.0,,0.0,0,Rhodotorula mucilaginosa
176.0,20.0,,0.0,0,Rhodotorula mucilaginosa
176.0,25.0,,0.0,0,Rhodotorula mucilaginosa
176.0,30.0,,0.0,0,Rhodotorula mucilaginosa
177.0,0.0,18.0,0.0,1,Rhodotorula mucilaginosa
177.0,5.0,12.0,0.0,1,Rhodotorula mucilaginosa
177.0,10.0,,0.0,0,Rhodotorula mucilaginosa
177.0,15.0,,0.0,0,Rhodotorula mucilaginosa
177.0,20.0,,0.0,0,Rhodotorula mucilaginosa
177.0,25.0,,0.0,0,Rhodotorula mucilaginosa
177.0,30.0,,0.0,0,Rhodotorula mucilaginosa
178.0,0.0,36.0,0.0,1,Rhodotorula mucilaginosa
178.0,5.0,18.0,0.0,1,Rhodotorula mucilaginosa
178.0,10.0,,0.0,0,Rhodotorula mucilaginosa
178.0,15.0,,0.0,0,Rhodotorula mucilaginosa
178.0,20.0,,0.0,0,Rhodotorula mucilaginosa
178.0,25.0,,0.0,0,Rhodotorula mucilaginosa
178.0,30.0,,0.0,0,Rhodotorula mucilaginosa
179.0,0.0,18.0,0.0,1,Rhodotorula mucilaginosa
179.0,5.0,12.0,0.0,1,Rhodotorula mucilaginosa
179.0,10.0,66.0,0.0,1,Rhodotorula mucilaginosa
179.0,15.0,,0.0,0,Rhodotorula mucilaginosa
179.0,20.0,,0.0,0,Rhodotorula mucilaginosa
179.0,25.0,,0.0,0,Rhodotorula mucilaginosa
179.0,30.0,,0.0,0,Rhodotorula mucilaginosa
180.0,20.0,,,0,Rhodotorula sp. clade I
180.0,25.0,,,0,Rhodotorula sp. clade I
180.0,30.0,,,0,Rhodotorula sp. clade I
181.0,0.0,18.0,0.0,1,Rhodotorula mucilaginosa
181.0,5.0,12.0,0.0,1,Rhodotorula mucilaginosa
181.0,10.0,,0.0,0,Rhodotorula mucilaginosa
181.0,15.0,,0.0,0,Rhodotorula mucilaginosa
181.0,20.0,,0.0,0,Rhodotorula mucilaginosa
181.0,25.0,,0.0,0,Rhodotorula mucilaginosa
181.0,30.0,,0.0,0,Rhodotorula mucilaginosa
182.0,0.0,24.0,0.0,1,Rhodotorula mucilaginosa
182.0,5.0,12.0,0.0,1,Rhodotorula mucilaginosa
182.0,10.0,72.0,0.0,1,Rhodotorula mucilaginosa
182.0,15.0,,0.0,0,Rhodotorula mucilaginosa
182.0,20.0,,0.0,0,Rhodotorula mucilaginosa
182.0,25.0,,0.0,0,Rhodotorula mucilaginosa
182.0,30.0,,0.0,0,Rhodotorula mucilaginosa
183.0,0.0,12.0,0.0,1,Rhodotorula mucilaginosa
183.0,5.0,12.0,0.0,1,Rhodotorula mucilaginosa
183.0,10.0,102.0,0.0,1,Rhodotorula mucilaginosa
183.0,15.0,,0.0,0,Rhodotorula mucilaginosa
183.0,20.0,,0.0,0,Rhodotorula mucilaginosa
183.0,25.0,,0.0,0,Rhodotorula mucilaginosa
183.0,30.0,,0.0,0,Rhodotorula mucilaginosa
184.0,0.0,30.0,30.0,1,Rhodotorula glutinis
184.0,5.0,,,0,Rhodotorula glutinis
184.0,10.0,,,0,Rhodotorula glutinis
184.0,20.0,,,0,Rhodotorula glutinis
184.0,25.0,,,0,Rhodotorula glutinis
184.0,30.0,,,0,Rhodotorula glutinis
185.0,0.0,48.0,0.0,1,Rhodotorula dairenensis
185.0,5.0,18.0,0.0,1,Rhodotorula dairenensis
185.0,10.0,,0.0,0,Rhodotorula dairenensis
185.0,15.0,,0.0,0,Rhodotorula dairenensis
185.0,20.0,,0.0,0,Rhodotorula dairenensis
185.0,25.0,,0.0,0,Rhodotorula dairenensis
185.0,30.0,,0.0,0,Rhodotorula dairenensis
186.0,0.0,18.0,0.0,1,Rhodotorula mucilaginosa
186.0,5.0,12.0,0.0,1,Rhodotorula mucilaginosa
186.0,10.0,,0.0,0,Rhodotorula mucilaginosa
186.0,15.0,,0.0,0,Rhodotorula mucilaginosa
186.0,20.0,,0.0,0,Rhodotorula mucilaginosa
186.0,25.0,,0.0,0,Rhodotorula mucilaginosa
186.0,30.0,,0.0,0,Rhodotorula mucilaginosa
187.0,0.0,36.0,0.0,1,Rhodotorula glutinis
187.0,5.0,72.0,,1,Rhodotorula glutinis
187.0,10.0,,,0,Rhodotorula glutinis
187.0,15.0,,,0,Rhodotorula glutinis
187.0,20.0,,,0,Rhodotorula glutinis
187.0,25.0,,,0,Rhodotorula glutinis
187.0,30.0,,,0,Rhodotorula glutinis
188.0,0.0,30.0,0.0,1,Rhodotorula mucilaginosa
188.0,5.0,18.0,0.0,1,Rhodotorula mucilaginosa
188.0,10.0,,0.0,0,Rhodotorula mucilaginosa
188.0,15.0,,0.0,0,Rhodotorula mucilaginosa
188.0,20.0,,0.0,0,Rhodotorula mucilaginosa
188.0,25.0,,0.0,0,Rhodotorula mucilaginosa
188.0,30.0,,0.0,0,Rhodotorula mucilaginosa
189.0,0.0,48.0,0.0,1,Rhodotorula mucilaginosa
189.0,5.0,24.0,0.0,1,Rhodotorula mucilaginosa
189.0,10.0,108.0,0.0,1,Rhodotorula mucilaginosa
189.0,15.0,,0.0,0,Rhodotorula mucilaginosa
189.0,20.0,,0.0,0,Rhodotorula mucilaginosa
189.0,25.0,,0.0,0,Rhodotorula mucilaginosa
189.0,30.0,,6.0,0,Rhodotorula mucilaginosa
190.0,0.0,24.0,0.0,1,Rhodotorula mucilaginosa
190.0,5.0,12.0,0.0,1,Rhodotorula mucilaginosa
190.0,10.0,48.0,0.0,1,Rhodotorula mucilaginosa
190.0,15.0,,0.0,0,Rhodotorula mucilaginosa
190.0,20.0,,0.0,0,Rhodotorula mucilaginosa
190.0,25.0,,0.0,0,Rhodotorula mucilaginosa
190.0,30.0,,0.0,0,Rhodotorula mucilaginosa
191.0,0.0,12.0,0.0,1,
191.0,5.0,12.0,0.0,1,
191.0,10.0,,0.0,0,
191.0,15.0,,0.0,0,
191.0,20.0,,0.0,0,
191.0,25.0,,0.0,0,
191.0,30.0,,12.0,0,
192.0,0.0,24.0,0.0,1,Rhodotorula dairenensis
192.0,5.0,12.0,0.0,1,Rhodotorula dairenensis
192.0,10.0,54.0,0.0,1,Rhodotorula dairenensis
192.0,15.0,102.0,0.0,1,Rhodotorula dairenensis
192.0,20.0,,0.0,0,Rhodotorula dairenensis
192.0,25.0,,0.0,0,Rhodotorula dairenensis
192.0,30.0,,6.0,0,Rhodotorula dairenensis
193.0,0.0,30.0,0.0,1,Rhodotorula mucilaginosa
193.0,5.0,12.0,0.0,1,Rhodotorula mucilaginosa
193.0,10.0,78.0,0.0,1,Rhodotorula mucilaginosa
193.0,15.0,,0.0,0,Rhodotorula mucilaginosa
193.0,20.0,,0.0,0,Rhodotorula mucilaginosa
193.0,25.0,,0.0,0,Rhodotorula mucilaginosa
193.0,30.0,,0.0,0,Rhodotorula mucilaginosa
194.0,0.0,30.0,0.0,1,Rhodotorula dairenensis
194.0,5.0,12.0,0.0,1,Rhodotorula dairenensis
194.0,10.0,66.0,0.0,1,Rhodotorula dairenensis
194.0,15.0,90.0,0.0,1,Rhodotorula dairenensis
194.0,20.0,,0.0,0,Rhodotorula dairenensis
194.0,25.0,,0.0,0,Rhodotorula dairenensis
194.0,30.0,,0.0,0,Rhodotorula dairenensis
195.0,0.0,,,0,Rhodotorula dairenensis
195.0,5.0,,,0,Rhodotorula dairenensis
195.0,10.0,,,0,Rhodotorula dairenensis
195.0,15.0,,,0,Rhodotorula dairenensis
195.0,20.0,,,0,Rhodotorula dairenensis
195.0,25.0,,,0,Rhodotorula dairenensis
195.0,30.0,,,0,Rhodotorula dairenensis
196.0,0.0,18.0,0.0,1,Rhodotorula mucilaginosa
196.0,5.0,0.0,0.0,1,Rhodotorula mucilaginosa
196.0,10.0,,0.0,0,Rhodotorula mucilaginosa
196.0,15.0,,0.0,0,Rhodotorula mucilaginosa
196.0,20.0,,0.0,0,Rhodotorula mucilaginosa
196.0,25.0,,0.0,0,Rhodotorula mucilaginosa
196.0,30.0,,0.0,0,Rhodotorula mucilaginosa
197.0,0.0,24.0,0.0,1,Rhodotorula mucilaginosa
197.0,5.0,12.0,0.0,1,Rhodotorula mucilaginosa
197.0,10.0,,0.0,0,Rhodotorula mucilaginosa
197.0,15.0,,0.0,0,Rhodotorula mucilaginosa
197.0,20.0,,0.0,0,Rhodotorula mucilaginosa
197.0,25.0,,0.0,0,Rhodotorula mucilaginosa
197.0,30.0,,0.0,0,Rhodotorula mucilaginosa
198.0,0.0,12.0,0.0,1,Rhodotorula mucilaginosa
198.0,5.0,12.0,0.0,1,Rhodotorula mucilaginosa
198.0,10.0,36.0,0.0,1,Rhodotorula mucilaginosa
198.0,15.0,66.0,0.0,1,Rhodotorula mucilaginosa
198.0,20.0,,0.0,0,Rhodotorula mucilaginosa
198.0,25.0,,0.0,0,Rhodotorula mucilaginosa
198.0,30.0,,0.0,0,Rhodotorula mucilaginosa
199.0,0.0,24.0,0.0,1,Rhodotorula mucilaginosa
199.0,5.0,12.0,0.0,1,Rhodotorula mucilaginosa
199.0,10.0,102.0,0.0,1,Rhodotorula mucilaginosa
199.0,15.0,,0.0,0,Rhodotorula mucilaginosa
199.0,20.0,,0.0,0,Rhodotorula mucilaginosa
199.0,25.0,,0.0,0,Rhodotorula mucilaginosa
199.0,30.0,,0.0,0,Rhodotorula mucilaginosa
200.0,0.0,42.0,0.0,1,Rhodotorula mucilaginosa
200.0,5.0,6.0,0.0,1,Rhodotorula mucilaginosa
200.0,10.0,78.0,0.0,1,Rhodotorula mucilaginosa
200.0,15.0,,0.0,0,Rhodotorula mucilaginosa
200.0,20.0,,0.0,0,Rhodotorula mucilaginosa
200.0,25.0,,0.0,0,Rhodotorula mucilaginosa
200.0,30.0,,0.0,0,Rhodotorula mucilaginosa
201.0,0.0,6.0,0.0,1,Rhodotorula mucilaginosa
201.0,5.0,36.0,0.0,1,Rhodotorula mucilaginosa
201.0,10.0,,0.0,0,Rhodotorula mucilaginosa
201.0,15.0,,0.0,0,Rhodotorula mucilaginosa
201.0,20.0,,0.0,0,Rhodotorula mucilaginosa
201.0,25.0,,0.0,0,Rhodotorula mucilaginosa
201.0,30.0,,6.0,0,Rhodotorula mucilaginosa
202.0,0.0,18.0,0.0,1,Rhodotorula mucilaginosa
202.0,5.0,12.0,0.0,1,Rhodotorula mucilaginosa
202.0,10.0,72.0,0.0,1,Rhodotorula mucilaginosa
202.0,15.0,78.0,0.0,1,Rhodotorula mucilaginosa
202.0,20.0,,0.0,0,Rhodotorula mucilaginosa
202.0,25.0,,0.0,0,Rhodotorula mucilaginosa
202.0,30.0,,0.0,0,Rhodotorula mucilaginosa
203.0,0.0,12.0,0.0,1,Rhodotorula dairenensis
203.0,5.0,6.0,0.0,1,Rhodotorula dairenensis
203.0,10.0,84.0,0.0,1,Rhodotorula dairenensis
203.0,15.0,,0.0,0,Rhodotorula dairenensis
203.0,20.0,,0.0,0,Rhodotorula dairenensis
203.0,25.0,,0.0,0,Rhodotorula dairenensis
203.0,30.0,,6.0,0,Rhodotorula dairenensis
204.0,0.0,24.0,0.0,1,Rhodotorula mucilaginosa
204.0,5.0,0.0,0.0,1,Rhodotorula mucilaginosa
204.0,10.0,,0.0,0,Rhodotorula mucilaginosa
204.0,15.0,,0.0,0,Rhodotorula mucilaginosa
204.0,20.0,,0.0,0,Rhodotorula mucilaginosa
204.0,25.0,,0.0,0,Rhodotorula mucilaginosa
204.0,30.0,,0.0,0,Rhodotorula mucilaginosa
205.0,0.0,30.0,0.0,1,Rhodotorula mucilaginosa
205.0,5.0,12.0,0.0,1,Rhodotorula mucilaginosa
205.0,10.0,,0.0,0,Rhodotorula mucilaginosa
205.0,15.0,,0.0,0,Rhodotorula mucilaginosa
205.0,20.0,,0.0,0,Rhodotorula mucilaginosa
205.0,25.0,,0.0,0,Rhodotorula mucilaginosa
205.0,30.0,,0.0,0,Rhodotorula mucilaginosa
206.0,0.0,24.0,0.0,1,Rhodotorula mucilaginosa
206.0,5.0,6.0,0.0,1,Rhodotorula mucilaginosa
206.0,10.0,72.0,0.0,1,Rhodotorula mucilaginosa
206.0,15.0,108.0,0.0,1,Rhodotorula mucilaginosa
206.0,20.0,,0.0,0,Rhodotorula mucilaginosa
206.0,25.0,,0.0,0,Rhodotorula mucilaginosa
206.0,30.0,,0.0,0,Rhodotorula mucilaginosa
207.0,0.0,18.0,0.0,1,Rhodotorula mucilaginosa
207.0,5.0,12.0,0.0,1,Rhodotorula mucilaginosa
207.0,10.0,,0.0,0,Rhodotorula mucilaginosa
207.0,15.0,,0.0,0,Rhodotorula mucilaginosa
207.0,20.0,,0.0,0,Rhodotorula mucilaginosa
207.0,25.0,,0.0,0,Rhodotorula mucilaginosa
207.0,30.0,,0.0,0,Rhodotorula mucilaginosa
208.0,0.0,18.0,0.0,1,Rhodotorula mucilaginosa
208.0,5.0,6.0,0.0,1,Rhodotorula mucilaginosa
208.0,10.0,60.0,0.0,1,Rhodotorula mucilaginosa
208.0,15.0,,0.0,0,Rhodotorula mucilaginosa
208.0,20.0,,0.0,0,Rhodotorula mucilaginosa
208.0,25.0,,0.0,0,Rhodotorula mucilaginosa
208.0,30.0,,0.0,0,Rhodotorula mucilaginosa
209.0,0.0,18.0,0.0,1,Rhodotorula mucilaginosa
209.0,5.0,12.0,0.0,1,Rhodotorula mucilaginosa
209.0,10.0,,0.0,0,Rhodotorula mucilaginosa
209.0,15.0,,0.0,0,Rhodotorula mucilaginosa
209.0,20.0,,0.0,0,Rhodotorula mucilaginosa
209.0,25.0,,0.0,0,Rhodotorula mucilaginosa
209.0,30.0,,0.0,0,Rhodotorula mucilaginosa
210.0,0.0,6.0,0.0,1,Rhodotorula mucilaginosa
210.0,5.0,24.0,0.0,1,Rhodotorula mucilaginosa
210.0,10.0,,0.0,0,Rhodotorula mucilaginosa
210.0,15.0,,0.0,0,Rhodotorula mucilaginosa
210.0,20.0,,0.0,0,Rhodotorula mucilaginosa
210.0,25.0,,0.0,0,Rhodotorula mucilaginosa
210.0,30.0,,0.0,0,Rhodotorula mucilaginosa
211.0,0.0,12.0,0.0,1,Rhodotorula mucilaginosa
211.0,5.0,12.0,0.0,1,Rhodotorula mucilaginosa
211.0,10.0,36.0,0.0,1,Rhodotorula mucilaginosa
211.0,15.0,72.0,0.0,1,Rhodotorula mucilaginosa
211.0,20.0,,0.0,0,Rhodotorula mucilaginosa
211.0,25.0,,0.0,0,Rhodotorula mucilaginosa
211.0,30.0,,0.0,0,Rhodotorula mucilaginosa
212.0,0.0,,,0,Rhodotorula dairenensis
212.0,5.0,,,0,Rhodotorula dairenensis
212.0,10.0,,,0,Rhodotorula dairenensis
212.0,15.0,,,0,Rhodotorula dairenensis
212.0,20.0,,,0,Rhodotorula dairenensis
212.0,25.0,,,0,Rhodotorula dairenensis
212.0,30.0,,0.0,0,Rhodotorula dairenensis
213.0,0.0,24.0,0.0,1,Rhodotorula mucilaginosa
213.0,5.0,18.0,0.0,1,Rhodotorula mucilaginosa
213.0,10.0,,0.0,0,Rhodotorula mucilaginosa
213.0,15.0,,0.0,0,Rhodotorula mucilaginosa
213.0,20.0,,0.0,0,Rhodotorula mucilaginosa
213.0,25.0,,0.0,0,Rhodotorula mucilaginosa
213.0,30.0,,6.0,0,Rhodotorula mucilaginosa
214.0,0.0,18.0,0.0,1,Rhodotorula mucilaginosa
214.0,5.0,0.0,0.0,1,Rhodotorula mucilaginosa
214.0,10.0,,0.0,0,Rhodotorula mucilaginosa
214.0,15.0,,0.0,0,Rhodotorula mucilaginosa
214.0,20.0,,0.0,0,Rhodotorula mucilaginosa
214.0,25.0,,0.0,0,Rhodotorula mucilaginosa
214.0,30.0,,0.0,0,Rhodotorula mucilaginosa
215.0,0.0,30.0,0.0,1,Rhodotorula taiwanensis
215.0,5.0,36.0,0.0,1,Rhodotorula taiwanensis
215.0,10.0,,0.0,0,Rhodotorula taiwanensis
215.0,15.0,,0.0,0,Rhodotorula taiwanensis
215.0,20.0,,,0,Rhodotorula taiwanensis
215.0,25.0,,0.0,0,Rhodotorula taiwanensis
215.0,30.0,,6.0,0,Rhodotorula taiwanensis
216.0,0.0,12.0,0.0,1,Rhodotorula mucilaginosa
216.0,5.0,12.0,0.0,1,Rhodotorula mucilaginosa
216.0,10.0,,0.0,0,Rhodotorula mucilaginosa
216.0,15.0,,0.0,0,Rhodotorula mucilaginosa
216.0,20.0,,0.0,0,Rhodotorula mucilaginosa
216.0,25.0,,0.0,0,Rhodotorula mucilaginosa
216.0,30.0,,0.0,0,Rhodotorula mucilaginosa
217.0,0.0,18.0,0.0,1,Rhodotorula mucilaginosa
217.0,5.0,12.0,0.0,1,Rhodotorula mucilaginosa
217.0,10.0,102.0,0.0,1,Rhodotorula mucilaginosa
217.0,15.0,,0.0,0,Rhodotorula mucilaginosa
217.0,20.0,,0.0,0,Rhodotorula mucilaginosa
217.0,25.0,,0.0,0,Rhodotorula mucilaginosa
217.0,30.0,,0.0,0,Rhodotorula mucilaginosa
218.0,0.0,24.0,0.0,1,Rhodotorula mucilaginosa
218.0,5.0,18.0,0.0,1,Rhodotorula mucilaginosa
218.0,10.0,,0.0,0,Rhodotorula mucilaginosa
218.0,15.0,,0.0,0,Rhodotorula mucilaginosa
218.0,20.0,,0.0,0,Rhodotorula mucilaginosa
218.0,25.0,,0.0,0,Rhodotorula mucilaginosa
218.0,30.0,,0.0,0,Rhodotorula mucilaginosa
219.0,0.0,24.0,0.0,1,Rhodotorula mucilaginosa
219.0,5.0,12.0,0.0,1,Rhodotorula mucilaginosa
219.0,10.0,66.0,0.0,1,Rhodotorula mucilaginosa
219.0,15.0,,0.0,0,Rhodotorula mucilaginosa
219.0,20.0,,0.0,0,Rhodotorula mucilaginosa
219.0,25.0,,0.0,0,Rhodotorula mucilaginosa
219.0,30.0,,0.0,0,Rhodotorula mucilaginosa
220.0,0.0,18.0,0.0,1,Rhodotorula mucilaginosa
220.0,5.0,12.0,0.0,1,Rhodotorula mucilaginosa
220.0,10.0,36.0,0.0,1,Rhodotorula mucilaginosa
220.0,15.0,48.0,0.0,1,Rhodotorula mucilaginosa
220.0,20.0,,0.0,0,Rhodotorula mucilaginosa
220.0,25.0,,0.0,0,Rhodotorula mucilaginosa
220.0,30.0,,0.0,0,Rhodotorula mucilaginosa
221.0,0.0,24.0,0.0,1,Rhodotorula dairenensis
221.0,5.0,12.0,0.0,1,Rhodotorula dairenensis
221.0,10.0,36.0,0.0,1,Rhodotorula dairenensis
221.0,15.0,42.0,0.0,1,Rhodotorula dairenensis
221.0,20.0,,0.0,0,Rhodotorula dairenensis
221.0,25.0,,0.0,0,Rhodotorula dairenensis
221.0,30.0,,0.0,0,Rhodotorula dairenensis
222.0,0.0,24.0,0.0,1,Rhodotorula mucilaginosa
222.0,5.0,18.0,0.0,1,Rhodotorula mucilaginosa
222.0,10.0,,0.0,0,Rhodotorula mucilaginosa
222.0,15.0,,0.0,0,Rhodotorula mucilaginosa
222.0,20.0,,0.0,0,Rhodotorula mucilaginosa
222.0,25.0,,0.0,0,Rhodotorula mucilaginosa
222.0,30.0,,6.0,0,Rhodotorula mucilaginosa
223.0,0.0,18.0,0.0,1,Rhodotorula mucilaginosa
223.0,5.0,6.0,0.0,1,Rhodotorula mucilaginosa
223.0,10.0,108.0,0.0,1,Rhodotorula mucilaginosa
223.0,15.0,,0.0,0,Rhodotorula mucilaginosa
223.0,20.0,,0.0,0,Rhodotorula mucilaginosa
223.0,25.0,,0.0,0,Rhodotorula mucilaginosa
223.0,30.0,,0.0,0,Rhodotorula mucilaginosa
224.0,0.0,12.0,0.0,1,Rhodotorula taiwanensis
224.0,5.0,6.0,0.0,1,Rhodotorula taiwanensis
224.0,10.0,,0.0,0,Rhodotorula taiwanensis
224.0,15.0,,0.0,0,Rhodotorula taiwanensis
224.0,20.0,,0.0,0,Rhodotorula taiwanensis
224.0,25.0,,0.0,0,Rhodotorula taiwanensis
224.0,30.0,,6.0,0,Rhodotorula taiwanensis
225.0,0.0,24.0,0.0,1,Rhodotorula mucilaginosa
225.0,5.0,12.0,0.0,1,Rhodotorula mucilaginosa
225.0,10.0,,0.0,0,Rhodotorula mucilaginosa
225.0,15.0,,0.0,0,Rhodotorula mucilaginosa
225.0,20.0,,0.0,0,Rhodotorula mucilaginosa
225.0,25.0,,0.0,0,Rhodotorula mucilaginosa
225.0,30.0,,0.0,0,Rhodotorula mucilaginosa
227.0,0.0,24.0,0.0,1,Rhodotorula mucilaginosa
227.0,5.0,12.0,0.0,1,Rhodotorula mucilaginosa
227.0,10.0,,0.0,0,Rhodotorula mucilaginosa
227.0,15.0,,0.0,0,Rhodotorula mucilaginosa
227.0,20.0,,0.0,0,Rhodotorula mucilaginosa
227.0,25.0,,0.0,0,Rhodotorula mucilaginosa
227.0,30.0,,6.0,0,Rhodotorula mucilaginosa
228.0,0.0,48.0,0.0,1,Rhodotorula mucilaginosa
228.0,5.0,0.0,0.0,1,Rhodotorula mucilaginosa
228.0,10.0,,0.0,0,Rhodotorula mucilaginosa
228.0,15.0,,0.0,0,Rhodotorula mucilaginosa
228.0,20.0,,0.0,0,Rhodotorula mucilaginosa
228.0,25.0,,0.0,0,Rhodotorula mucilaginosa
228.0,30.0,,0.0,0,Rhodotorula mucilaginosa
229.0,0.0,42.0,0.0,1,Rhodotorula mucilaginosa
229.0,5.0,18.0,0.0,1,Rhodotorula mucilaginosa
229.0,10.0,,0.0,0,Rhodotorula mucilaginosa
229.0,15.0,,0.0,0,Rhodotorula mucilaginosa
229.0,20.0,,0.0,0,Rhodotorula mucilaginosa
229.0,25.0,,0.0,0,Rhodotorula mucilaginosa
229.0,30.0,,0.0,0,Rhodotorula mucilaginosa
230.0,0.0,24.0,0.0,1,Rhodotorula dairenensis
230.0,5.0,30.0,0.0,1,Rhodotorula dairenensis
230.0,10.0,,0.0,0,Rhodotorula dairenensis
230.0,15.0,,0.0,0,Rhodotorula dairenensis
230.0,20.0,,0.0,0,Rhodotorula dairenensis
230.0,25.0,,0.0,0,Rhodotorula dairenensis
230.0,30.0,,0.0,0,Rhodotorula dairenensis
231.0,0.0,12.0,0.0,1,Rhodotorula mucilaginosa
231.0,5.0,12.0,0.0,1,Rhodotorula mucilaginosa
231.0,10.0,66.0,0.0,1,Rhodotorula mucilaginosa
231.0,15.0,84.0,0.0,1,Rhodotorula mucilaginosa
231.0,20.0,,0.0,0,Rhodotorula mucilaginosa
231.0,25.0,,0.0,0,Rhodotorula mucilaginosa
231.0,30.0,,0.0,0,Rhodotorula mucilaginosa
232.0,0.0,18.0,0.0,1,Rhodotorula mucilaginosa
232.0,5.0,6.0,0.0,1,Rhodotorula mucilaginosa
232.0,10.0,,0.0,0,Rhodotorula mucilaginosa
232.0,15.0,,0.0,0,Rhodotorula mucilaginosa
232.0,20.0,,0.0,0,Rhodotorula mucilaginosa
232.0,25.0,,0.0,0,Rhodotorula mucilaginosa
232.0,30.0,,6.0,0,Rhodotorula mucilaginosa
233.0,0.0,18.0,0.0,1,Rhodotorula mucilaginosa
233.0,5.0,0.0,0.0,1,Rhodotorula mucilaginosa
233.0,10.0,,0.0,0,Rhodotorula mucilaginosa
233.0,15.0,,0.0,0,Rhodotorula mucilaginosa
233.0,20.0,,0.0,0,Rhodotorula mucilaginosa
233.0,25.0,,0.0,0,Rhodotorula mucilaginosa
233.0,30.0,,0.0,0,Rhodotorula mucilaginosa
234.0,0.0,48.0,0.0,1,Rhodotorula mucilaginosa
234.0,5.0,12.0,0.0,1,Rhodotorula mucilaginosa
234.0,10.0,,0.0,0,Rhodotorula mucilaginosa
234.0,15.0,,0.0,0,Rhodotorula mucilaginosa
234.0,20.0,,0.0,0,Rhodotorula mucilaginosa
234.0,25.0,,0.0,0,Rhodotorula mucilaginosa
234.0,30.0,,0.0,0,Rhodotorula mucilaginosa
235.0,0.0,30.0,0.0,1,Rhodotorula mucilaginosa
235.0,5.0,18.0,0.0,1,Rhodotorula mucilaginosa
235.0,10.0,42.0,0.0,1,Rhodotorula mucilaginosa
235.0,15.0,,0.0,0,Rhodotorula mucilaginosa
235.0,20.0,,0.0,0,Rhodotorula mucilaginosa
235.0,25.0,,0.0,0,Rhodotorula mucilaginosa
235.0,30.0,,0.0,0,Rhodotorula mucilaginosa
236.0,0.0,18.0,0.0,1,Rhodotorula mucilaginosa
236.0,5.0,12.0,0.0,1,Rhodotorula mucilaginosa
236.0,10.0,,0.0,0,Rhodotorula mucilaginosa
236.0,15.0,,0.0,0,Rhodotorula mucilaginosa
236.0,20.0,,0.0,0,Rhodotorula mucilaginosa
236.0,25.0,,0.0,0,Rhodotorula mucilaginosa
236.0,30.0,,0.0,0,Rhodotorula mucilaginosa
237.0,0.0,24.0,0.0,1,Rhodotorula mucilaginosa
237.0,5.0,12.0,0.0,1,Rhodotorula mucilaginosa
237.0,10.0,,0.0,0,Rhodotorula mucilaginosa
237.0,15.0,,0.0,0,Rhodotorula mucilaginosa
237.0,20.0,,0.0,0,Rhodotorula mucilaginosa
237.0,25.0,,0.0,0,Rhodotorula mucilaginosa
237.0,30.0,,0.0,0,Rhodotorula mucilaginosa
238.0,0.0,18.0,0.0,1,Rhodotorula mucilaginosa
238.0,5.0,18.0,0.0,1,Rhodotorula mucilaginosa
238.0,10.0,54.0,0.0,1,Rhodotorula mucilaginosa
238.0,15.0,,0.0,0,Rhodotorula mucilaginosa
238.0,20.0,,0.0,0,Rhodotorula mucilaginosa
238.0,25.0,,0.0,0,Rhodotorula mucilaginosa
238.0,30.0,,0.0,0,Rhodotorula mucilaginosa
239.0,0.0,0.0,0.0,1,Rhodotorula mucilaginosa
239.0,5.0,30.0,0.0,1,Rhodotorula mucilaginosa
239.0,10.0,,0.0,0,Rhodotorula mucilaginosa
239.0,15.0,,0.0,0,Rhodotorula mucilaginosa
239.0,20.0,,0.0,0,Rhodotorula mucilaginosa
239.0,25.0,,0.0,0,Rhodotorula mucilaginosa
239.0,30.0,,0.0,0,Rhodotorula mucilaginosa
240.0,0.0,24.0,0.0,1,Rhodotorula mucilaginosa
240.0,5.0,0.0,0.0,1,Rhodotorula mucilaginosa
240.0,10.0,,0.0,0,Rhodotorula mucilaginosa
240.0,15.0,,0.0,0,Rhodotorula mucilaginosa
240.0,20.0,,0.0,0,Rhodotorula mucilaginosa
240.0,25.0,,0.0,0,Rhodotorula mucilaginosa
240.0,30.0,,0.0,0,Rhodotorula mucilaginosa
241.0,0.0,18.0,0.0,1,Rhodotorula mucilaginosa
241.0,5.0,18.0,0.0,1,Rhodotorula mucilaginosa
241.0,10.0,,0.0,0,Rhodotorula mucilaginosa
241.0,15.0,,0.0,0,Rhodotorula mucilaginosa
241.0,20.0,,0.0,0,Rhodotorula mucilaginosa
241.0,25.0,,0.0,0,Rhodotorula mucilaginosa
241.0,30.0,,0.0,0,Rhodotorula mucilaginosa
242.0,0.0,,6.0,0,Rhodotorula paludigena
242.0,5.0,,,0,Rhodotorula paludigena
242.0,10.0,,,0,Rhodotorula paludigena
242.0,15.0,,,0,Rhodotorula paludigena
242.0,20.0,,,0,Rhodotorula paludigena
242.0,25.0,,,0,Rhodotorula paludigena
242.0,30.0,,,0,Rhodotorula paludigena
243.0,0.0,12.0,0.0,1,Rhodotorula mucilaginosa
243.0,5.0,18.0,0.0,1,Rhodotorula mucilaginosa
243.0,10.0,,0.0,0,Rhodotorula mucilaginosa
243.0,15.0,,0.0,0,Rhodotorula mucilaginosa
243.0,20.0,,0.0,0,Rhodotorula mucilaginosa
243.0,25.0,,0.0,0,Rhodotorula mucilaginosa
243.0,30.0,,0.0,0,Rhodotorula mucilaginosa
244.0,0.0,,,0,Rhodotorula mucilaginosa
244.0,5.0,,,0,Rhodotorula mucilaginosa
244.0,15.0,,,0,Rhodotorula mucilaginosa
244.0,20.0,,0.0,0,Rhodotorula mucilaginosa
244.0,25.0,,,0,Rhodotorula mucilaginosa
244.0,30.0,,12.0,0,Rhodotorula mucilaginosa
245.0,0.0,30.0,0.0,1,Rhodotorula mucilaginosa
245.0,5.0,12.0,0.0,1,Rhodotorula mucilaginosa
245.0,10.0,78.0,0.0,1,Rhodotorula mucilaginosa
245.0,15.0,,0.0,0,Rhodotorula mucilaginosa
245.0,20.0,,0.0,0,Rhodotorula mucilaginosa
245.0,25.0,,0.0,0,Rhodotorula mucilaginosa
245.0,30.0,,0.0,0,Rhodotorula mucilaginosa
246.0,0.0,12.0,0.0,1,Rhodotorula mucilaginosa
246.0,5.0,6.0,0.0,1,Rhodotorula mucilaginosa
246.0,10.0,,0.0,0,Rhodotorula mucilaginosa
246.0,15.0,,0.0,0,Rhodotorula mucilaginosa
246.0,20.0,,0.0,0,Rhodotorula mucilaginosa
246.0,25.0,,0.0,0,Rhodotorula mucilaginosa
246.0,30.0,,0.0,0,Rhodotorula mucilaginosa
247.0,0.0,18.0,0.0,1,Rhodotorula toruloides
247.0,5.0,42.0,0.0,1,Rhodotorula toruloides
247.0,10.0,,0.0,0,Rhodotorula toruloides
247.0,15.0,,0.0,0,Rhodotorula toruloides
247.0,20.0,,0.0,0,Rhodotorula toruloides
247.0,25.0,,0.0,0,Rhodotorula toruloides
247.0,30.0,,0.0,0,Rhodotorula toruloides
248.0,0.0,18.0,0.0,1,Rhodotorula sp. clade XIII
248.0,5.0,48.0,0.0,1,Rhodotorula sp. clade XIII
248.0,10.0,,0.0,0,Rhodotorula sp. clade XIII
248.0,15.0,,0.0,0,Rhodotorula sp. clade XIII
248.0,20.0,,0.0,0,Rhodotorula sp. clade XIII
248.0,25.0,,0.0,0,Rhodotorula sp. clade XIII
248.0,30.0,,6.0,0,Rhodotorula sp. clade XIII
249.0,0.0,24.0,0.0,1,Rhodotorula mucilaginosa
249.0,5.0,18.0,0.0,1,Rhodotorula mucilaginosa
249.0,10.0,,0.0,0,Rhodotorula mucilaginosa
249.0,15.0,,,0,Rhodotorula mucilaginosa
249.0,20.0,,18.0,0,Rhodotorula mucilaginosa
249.0,25.0,,,0,Rhodotorula mucilaginosa
249.0,30.0,,6.0,0,Rhodotorula mucilaginosa
250.0,0.0,24.0,0.0,1,Rhodotorula paludigena
250.0,5.0,30.0,0.0,1,Rhodotorula paludigena
250.0,10.0,,0.0,0,Rhodotorula paludigena
250.0,15.0,,0.0,0,Rhodotorula paludigena
250.0,20.0,,0.0,0,Rhodotorula paludigena
250.0,25.0,,0.0,0,Rhodotorula paludigena
250.0,30.0,,0.0,0,Rhodotorula paludigena
251.0,0.0,12.0,0.0,1,
251.0,5.0,24.0,0.0,1,
251.0,10.0,,0.0,0,
251.0,15.0,,0.0,0,
251.0,20.0,,0.0,0,
251.0,25.0,,0.0,0,
251.0,30.0,,0.0,0,
252.0,0.0,18.0,0.0,1,
252.0,5.0,12.0,0.0,1,
252.0,10.0,84.0,0.0,1,
252.0,15.0,,0.0,0,
252.0,20.0,,0.0,0,
252.0,25.0,,0.0,0,
252.0,30.0,,0.0,0,
253.0,0.0,18.0,0.0,1,Rhodotorula mucilaginosa
253.0,5.0,12.0,0.0,1,Rhodotorula mucilaginosa
253.0,10.0,102.0,0.0,1,Rhodotorula mucilaginosa
253.0,15.0,,0.0,0,Rhodotorula mucilaginosa
253.0,20.0,,0.0,0,Rhodotorula mucilaginosa
253.0,25.0,,0.0,0,Rhodotorula mucilaginosa
253.0,30.0,,0.0,0,Rhodotorula mucilaginosa
254.0,0.0,24.0,0.0,1,Rhodotorula mucilaginosa
254.0,5.0,0.0,0.0,1,Rhodotorula mucilaginosa
254.0,10.0,,0.0,0,Rhodotorula mucilaginosa
254.0,15.0,,0.0,0,Rhodotorula mucilaginosa
254.0,20.0,,0.0,0,Rhodotorula mucilaginosa
254.0,25.0,,0.0,0,Rhodotorula mucilaginosa
254.0,30.0,,6.0,0,Rhodotorula mucilaginosa
255.0,0.0,36.0,0.0,1,Rhodotorula mucilaginosa
255.0,5.0,30.0,0.0,1,Rhodotorula mucilaginosa
255.0,10.0,,0.0,0,Rhodotorula mucilaginosa
255.0,15.0,,0.0,0,Rhodotorula mucilaginosa
255.0,20.0,,0.0,0,Rhodotorula mucilaginosa
255.0,25.0,,0.0,0,Rhodotorula mucilaginosa
255.0,30.0,,0.0,0,Rhodotorula mucilaginosa
256.0,0.0,24.0,0.0,1,Rhodotorula mucilaginosa
256.0,5.0,12.0,0.0,1,Rhodotorula mucilaginosa
256.0,10.0,66.0,0.0,1,Rhodotorula mucilaginosa
256.0,15.0,,0.0,0,Rhodotorula mucilaginosa
256.0,20.0,,0.0,0,Rhodotorula mucilaginosa
256.0,25.0,,0.0,0,Rhodotorula mucilaginosa
256.0,30.0,,0.0,0,Rhodotorula mucilaginosa
257.0,0.0,24.0,0.0,1,Rhodotorula mucilaginosa
257.0,5.0,6.0,0.0,1,Rhodotorula mucilaginosa
257.0,10.0,78.0,0.0,1,Rhodotorula mucilaginosa
257.0,15.0,,0.0,0,Rhodotorula mucilaginosa
257.0,20.0,,0.0,0,Rhodotorula mucilaginosa
257.0,25.0,,0.0,0,Rhodotorula mucilaginosa
257.0,30.0,,0.0,0,Rhodotorula mucilaginosa
258.0,0.0,24.0,0.0,1,Rhodotorula mucilaginosa
258.0,5.0,18.0,0.0,1,Rhodotorula mucilaginosa
258.0,10.0,54.0,0.0,1,Rhodotorula mucilaginosa
258.0,15.0,,0.0,0,Rhodotorula mucilaginosa
258.0,20.0,,0.0,0,Rhodotorula mucilaginosa
258.0,25.0,,0.0,0,Rhodotorula mucilaginosa
258.0,30.0,,0.0,0,Rhodotorula mucilaginosa
259.0,0.0,18.0,0.0,1,
259.0,5.0,18.0,0.0,1,
259.0,10.0,102.0,0.0,1,
259.0,15.0,,0.0,0,
259.0,20.0,,0.0,0,
259.0,25.0,,0.0,0,
259.0,30.0,,0.0,0,
260.0,0.0,24.0,0.0,1,
260.0,5.0,18.0,0.0,1,
260.0,10.0,,0.0,0,
260.0,15.0,,0.0,0,
260.0,20.0,,0.0,0,
260.0,25.0,,0.0,0,
260.0,30.0,,0.0,0,
261.0,0.0,24.0,0.0,1,Rhodotorula sphaerocarpa
261.0,5.0,18.0,0.0,1,Rhodotorula sphaerocarpa
261.0,10.0,,0.0,0,Rhodotorula sphaerocarpa
261.0,15.0,,0.0,0,Rhodotorula sphaerocarpa
261.0,20.0,,0.0,0,Rhodotorula sphaerocarpa
261.0,25.0,,0.0,0,Rhodotorula sphaerocarpa
261.0,30.0,,6.0,0,Rhodotorula sphaerocarpa
262.0,0.0,12.0,0.0,1,Rhodotorula mucilaginosa
262.0,5.0,0.0,0.0,1,Rhodotorula mucilaginosa
262.0,10.0,,0.0,0,Rhodotorula mucilaginosa
262.0,15.0,,0.0,0,Rhodotorula mucilaginosa
262.0,20.0,,0.0,0,Rhodotorula mucilaginosa
262.0,25.0,,0.0,0,Rhodotorula mucilaginosa
262.0,30.0,,6.0,0,Rhodotorula mucilaginosa
263.0,0.0,30.0,0.0,1,Rhodotorula mucilaginosa
263.0,5.0,18.0,0.0,1,Rhodotorula mucilaginosa
263.0,10.0,,0.0,0,Rhodotorula mucilaginosa
263.0,15.0,,0.0,0,Rhodotorula mucilaginosa
263.0,20.0,,0.0,0,Rhodotorula mucilaginosa
263.0,25.0,,0.0,0,Rhodotorula mucilaginosa
263.0,30.0,,0.0,0,Rhodotorula mucilaginosa
264.0,0.0,30.0,0.0,1,Rhodotorula mucilaginosa
264.0,5.0,18.0,0.0,1,Rhodotorula mucilaginosa
264.0,10.0,,0.0,0,Rhodotorula mucilaginosa
264.0,15.0,,0.0,0,Rhodotorula mucilaginosa
264.0,20.0,,0.0,0,Rhodotorula mucilaginosa
264.0,25.0,,0.0,0,Rhodotorula mucilaginosa
264.0,30.0,,0.0,0,Rhodotorula mucilaginosa
265.0,0.0,24.0,0.0,1,Rhodotorula mucilaginosa
265.0,5.0,18.0,0.0,1,Rhodotorula mucilaginosa
265.0,10.0,,0.0,0,Rhodotorula mucilaginosa
265.0,15.0,,0.0,0,Rhodotorula mucilaginosa
265.0,20.0,,0.0,0,Rhodotorula mucilaginosa
265.0,25.0,,0.0,0,Rhodotorula mucilaginosa
265.0,30.0,,0.0,0,Rhodotorula mucilaginosa
266.0,0.0,24.0,0.0,1,Rhodotorula sp. clade I
266.0,5.0,18.0,0.0,1,Rhodotorula sp. clade I
266.0,10.0,,0.0,0,Rhodotorula sp. clade I
266.0,15.0,,0.0,0,Rhodotorula sp. clade I
266.0,20.0,,0.0,0,Rhodotorula sp. clade I
266.0,25.0,,0.0,0,Rhodotorula sp. clade I
266.0,30.0,,0.0,0,Rhodotorula sp. clade I
267.0,0.0,48.0,0.0,1,Rhodotorula mucilaginosa
267.0,5.0,0.0,0.0,1,Rhodotorula mucilaginosa
267.0,10.0,,0.0,0,Rhodotorula mucilaginosa
267.0,15.0,,0.0,0,Rhodotorula mucilaginosa
267.0,20.0,,0.0,0,Rhodotorula mucilaginosa
267.0,25.0,,0.0,0,Rhodotorula mucilaginosa
267.0,30.0,,0.0,0,Rhodotorula mucilaginosa
268.0,0.0,36.0,0.0,1,Rhodotorula mucilaginosa
268.0,5.0,24.0,0.0,1,Rhodotorula mucilaginosa
268.0,10.0,,0.0,0,Rhodotorula mucilaginosa
268.0,15.0,,0.0,0,Rhodotorula mucilaginosa
268.0,20.0,,0.0,0,Rhodotorula mucilaginosa
268.0,25.0,,0.0,0,Rhodotorula mucilaginosa
268.0,30.0,,0.0,0,Rhodotorula mucilaginosa
269.0,0.0,30.0,0.0,1,
269.0,5.0,18.0,0.0,1,
269.0,10.0,,0.0,0,
269.0,15.0,,0.0,0,
269.0,20.0,,0.0,0,
269.0,25.0,,0.0,0,
269.0,30.0,,0.0,0,
270.0,0.0,66.0,0.0,1,Rhodotorula diobovata
270.0,5.0,18.0,0.0,1,Rhodotorula diobovata
270.0,10.0,,0.0,0,Rhodotorula diobovata
270.0,15.0,,0.0,0,Rhodotorula diobovata
270.0,20.0,,0.0,0,Rhodotorula diobovata
270.0,25.0,,0.0,0,Rhodotorula diobovata
270.0,30.0,,0.0,0,Rhodotorula diobovata
271.0,0.0,36.0,0.0,1,Rhodotorula mucilaginosa
271.0,5.0,18.0,0.0,1,Rhodotorula mucilaginosa
271.0,10.0,,0.0,0,Rhodotorula mucilaginosa
271.0,15.0,,0.0,0,Rhodotorula mucilaginosa
271.0,20.0,,0.0,0,Rhodotorula mucilaginosa
271.0,25.0,,0.0,0,Rhodotorula mucilaginosa
271.0,30.0,,0.0,0,Rhodotorula mucilaginosa
272.0,0.0,30.0,0.0,1,Rhodotorula mucilaginosa
272.0,5.0,18.0,0.0,1,Rhodotorula mucilaginosa
272.0,10.0,,0.0,0,Rhodotorula mucilaginosa
272.0,15.0,,0.0,0,Rhodotorula mucilaginosa
272.0,20.0,,0.0,0,Rhodotorula mucilaginosa
272.0,25.0,,0.0,0,Rhodotorula mucilaginosa
272.0,30.0,,6.0,0,Rhodotorula mucilaginosa
273.0,0.0,24.0,0.0,1,Rhodotorula toruloides
273.0,5.0,18.0,0.0,1,Rhodotorula toruloides
273.0,10.0,,0.0,0,Rhodotorula toruloides
273.0,15.0,,0.0,0,Rhodotorula toruloides
273.0,20.0,,0.0,0,Rhodotorula toruloides
273.0,25.0,,0.0,0,Rhodotorula toruloides
273.0,30.0,,0.0,0,Rhodotorula toruloides
274.0,0.0,48.0,0.0,1,Rhodotorula mucilaginosa
274.0,5.0,30.0,0.0,1,Rhodotorula mucilaginosa
274.0,10.0,,0.0,0,Rhodotorula mucilaginosa
274.0,15.0,,0.0,0,Rhodotorula mucilaginosa
274.0,20.0,,0.0,0,Rhodotorula mucilaginosa
274.0,25.0,,0.0,0,Rhodotorula mucilaginosa
274.0,30.0,,6.0,0,Rhodotorula mucilaginosa
275.0,0.0,36.0,0.0,1,Cystobasidium sp.
275.0,5.0,30.0,0.0,1,Cystobasidium sp.
275.0,10.0,,0.0,0,Cystobasidium sp.
275.0,15.0,,0.0,0,Cystobasidium sp.
275.0,20.0,,0.0,0,Cystobasidium sp.
275.0,25.0,,0.0,0,Cystobasidium sp.
275.0,30.0,,0.0,0,Cystobasidium sp.
276.0,0.0,24.0,0.0,1,Rhodotorula mucilaginosa
276.0,5.0,12.0,0.0,1,Rhodotorula mucilaginosa
276.0,10.0,,0.0,0,Rhodotorula mucilaginosa
276.0,15.0,,0.0,0,Rhodotorula mucilaginosa
276.0,20.0,,0.0,0,Rhodotorula mucilaginosa
276.0,25.0,,0.0,0,Rhodotorula mucilaginosa
276.0,30.0,,0.0,0,Rhodotorula mucilaginosa
277.0,0.0,36.0,0.0,1,Rhodotorula mucilaginosa
277.0,5.0,12.0,0.0,1,Rhodotorula mucilaginosa
277.0,10.0,48.0,0.0,1,Rhodotorula mucilaginosa
277.0,15.0,42.0,0.0,1,Rhodotorula mucilaginosa
277.0,20.0,,0.0,0,Rhodotorula mucilaginosa
277.0,25.0,,0.0,0,Rhodotorula mucilaginosa
277.0,30.0,,0.0,0,Rhodotorula mucilaginosa
278.0,0.0,24.0,0.0,1,Rhodotorula sphaerocarpa
278.0,5.0,24.0,0.0,1,Rhodotorula sphaerocarpa
278.0,10.0,,0.0,0,Rhodotorula sphaerocarpa
278.0,15.0,,0.0,0,Rhodotorula sphaerocarpa
278.0,20.0,,0.0,0,Rhodotorula sphaerocarpa
278.0,25.0,,0.0,0,Rhodotorula sphaerocarpa
278.0,30.0,,0.0,0,Rhodotorula sphaerocarpa
279.0,0.0,36.0,0.0,1,Rhodotorula mucilaginosa
279.0,5.0,18.0,0.0,1,Rhodotorula mucilaginosa
279.0,10.0,,0.0,0,Rhodotorula mucilaginosa
279.0,15.0,,0.0,0,Rhodotorula mucilaginosa
279.0,20.0,,0.0,0,Rhodotorula mucilaginosa
279.0,25.0,,0.0,0,Rhodotorula mucilaginosa
279.0,30.0,,0.0,0,Rhodotorula mucilaginosa
280.0,0.0,24.0,0.0,1,Rhodotorula mucilaginosa
280.0,5.0,0.0,0.0,1,Rhodotorula mucilaginosa
280.0,10.0,,0.0,0,Rhodotorula mucilaginosa
280.0,15.0,,0.0,0,Rhodotorula mucilaginosa
280.0,20.0,,0.0,0,Rhodotorula mucilaginosa
280.0,25.0,,0.0,0,Rhodotorula mucilaginosa
280.0,30.0,,0.0,0,Rhodotorula mucilaginosa
281.0,0.0,18.0,0.0,1,Rhodotorula mucilaginosa
281.0,5.0,18.0,0.0,1,Rhodotorula mucilaginosa
281.0,10.0,,0.0,0,Rhodotorula mucilaginosa
281.0,15.0,,0.0,0,Rhodotorula mucilaginosa
281.0,20.0,,0.0,0,Rhodotorula mucilaginosa
281.0,25.0,,0.0,0,Rhodotorula mucilaginosa
281.0,30.0,,0.0,0,Rhodotorula mucilaginosa
282.0,0.0,54.0,0.0,1,Rhodotorula diobovata
282.0,5.0,12.0,0.0,1,Rhodotorula diobovata
282.0,10.0,,0.0,0,Rhodotorula diobovata
282.0,15.0,,0.0,0,Rhodotorula diobovata
282.0,20.0,,0.0,0,Rhodotorula diobovata
282.0,25.0,,0.0,0,Rhodotorula diobovata
282.0,30.0,,12.0,0,Rhodotorula diobovata
283.0,0.0,30.0,0.0,1,Rhodotorula mucilaginosa
283.0,5.0,18.0,0.0,1,Rhodotorula mucilaginosa
283.0,10.0,,0.0,0,Rhodotorula mucilaginosa
283.0,15.0,,0.0,0,Rhodotorula mucilaginosa
283.0,20.0,,0.0,0,Rhodotorula mucilaginosa
283.0,25.0,,0.0,0,Rhodotorula mucilaginosa
283.0,30.0,,0.0,0,Rhodotorula mucilaginosa
284.0,0.0,66.0,0.0,1,Rhodotorula kratochvilovae
284.0,5.0,12.0,0.0,1,Rhodotorula kratochvilovae
284.0,10.0,,0.0,0,Rhodotorula kratochvilovae
284.0,15.0,,0.0,0,Rhodotorula kratochvilovae
284.0,20.0,,0.0,0,Rhodotorula kratochvilovae
284.0,25.0,,0.0,0,Rhodotorula kratochvilovae
284.0,30.0,,0.0,0,Rhodotorula kratochvilovae
285.0,0.0,30.0,0.0,1,Rhodotorula mucilaginosa
285.0,5.0,12.0,0.0,1,Rhodotorula mucilaginosa
285.0,10.0,,0.0,0,Rhodotorula mucilaginosa
285.0,15.0,,0.0,0,Rhodotorula mucilaginosa
285.0,20.0,,0.0,0,Rhodotorula mucilaginosa
285.0,25.0,,0.0,0,Rhodotorula mucilaginosa
285.0,30.0,,0.0,0,Rhodotorula mucilaginosa
286.0,0.0,24.0,0.0,1,Rhodotorula mucilaginosa
286.0,5.0,18.0,0.0,1,Rhodotorula mucilaginosa
286.0,10.0,,0.0,0,Rhodotorula mucilaginosa
286.0,15.0,,0.0,0,Rhodotorula mucilaginosa
286.0,20.0,,0.0,0,Rhodotorula mucilaginosa
286.0,25.0,,0.0,0,Rhodotorula mucilaginosa
286.0,30.0,,0.0,0,Rhodotorula mucilaginosa
287.0,0.0,84.0,0.0,1,Rhodotorula toruloides
287.0,5.0,18.0,0.0,1,Rhodotorula toruloides
287.0,10.0,,0.0,0,Rhodotorula toruloides
287.0,15.0,,0.0,0,Rhodotorula toruloides
287.0,20.0,,0.0,0,Rhodotorula toruloides
287.0,25.0,,0.0,0,Rhodotorula toruloides
287.0,30.0,,12.0,0,Rhodotorula toruloides
288.0,0.0,24.0,0.0,1,Rhodotorula pacifica
288.0,5.0,18.0,0.0,1,Rhodotorula pacifica
288.0,10.0,,0.0,0,Rhodotorula pacifica
288.0,15.0,,0.0,0,Rhodotorula pacifica
288.0,20.0,,0.0,0,Rhodotorula pacifica
288.0,25.0,,0.0,0,Rhodotorula pacifica
288.0,30.0,,0.0,0,Rhodotorula pacifica
289.0,0.0,24.0,0.0,1,Rhodotorula mucilaginosa
289.0,5.0,18.0,0.0,1,Rhodotorula mucilaginosa
289.0,10.0,,0.0,0,Rhodotorula mucilaginosa
289.0,15.0,,0.0,0,Rhodotorula mucilaginosa
289.0,20.0,,0.0,0,Rhodotorula mucilaginosa
289.0,25.0,,0.0,0,Rhodotorula mucilaginosa
289.0,30.0,,0.0,0,Rhodotorula mucilaginosa
290.0,0.0,30.0,0.0,1,Rhodotorula mucilaginosa
290.0,5.0,18.0,0.0,1,Rhodotorula mucilaginosa
290.0,10.0,,0.0,0,Rhodotorula mucilaginosa
290.0,15.0,,0.0,0,Rhodotorula mucilaginosa
290.0,20.0,,0.0,0,Rhodotorula mucilaginosa
290.0,25.0,,0.0,0,Rhodotorula mucilaginosa
290.0,30.0,,12.0,0,Rhodotorula mucilaginosa
291.0,0.0,54.0,0.0,1,Rhodotorula diobovata
291.0,5.0,18.0,0.0,1,Rhodotorula diobovata
291.0,10.0,,0.0,0,Rhodotorula diobovata
291.0,15.0,,0.0,0,Rhodotorula diobovata
291.0,20.0,,0.0,0,Rhodotorula diobovata
291.0,25.0,,0.0,0,Rhodotorula diobovata
291.0,30.0,,0.0,0,Rhodotorula diobovata
292.0,0.0,,,0,Rhodotorula graminis
292.0,10.0,,24.0,0,Rhodotorula graminis
292.0,15.0,24.0,24.0,1,Rhodotorula graminis
292.0,20.0,,0.0,0,Rhodotorula graminis
292.0,25.0,,0.0,0,Rhodotorula graminis
292.0,30.0,,12.0,0,Rhodotorula graminis
293.0,0.0,24.0,0.0,1,Rhodotorula mucilaginosa
293.0,5.0,18.0,0.0,1,Rhodotorula mucilaginosa
293.0,10.0,,0.0,0,Rhodotorula mucilaginosa
293.0,15.0,,0.0,0,Rhodotorula mucilaginosa
293.0,20.0,,0.0,0,Rhodotorula mucilaginosa
293.0,25.0,,0.0,0,Rhodotorula mucilaginosa
293.0,30.0,,0.0,0,Rhodotorula mucilaginosa
294.0,0.0,18.0,0.0,1,Rhodotorula graminis
294.0,5.0,18.0,0.0,1,Rhodotorula graminis
294.0,10.0,,6.0,0,Rhodotorula graminis
294.0,15.0,,0.0,0,Rhodotorula graminis
294.0,20.0,,0.0,0,Rhodotorula graminis
294.0,25.0,,6.0,0,Rhodotorula graminis
294.0,30.0,,0.0,0,Rhodotorula graminis
295.0,0.0,18.0,0.0,1,Rhodotorula mucilaginosa
295.0,5.0,18.0,0.0,1,Rhodotorula mucilaginosa
295.0,10.0,102.0,0.0,1,Rhodotorula mucilaginosa
295.0,15.0,,0.0,0,Rhodotorula mucilaginosa
295.0,20.0,,0.0,0,Rhodotorula mucilaginosa
295.0,25.0,,0.0,0,Rhodotorula mucilaginosa
295.0,30.0,,0.0,0,Rhodotorula mucilaginosa
296.0,0.0,24.0,0.0,1,Rhodotorula mucilaginosa
296.0,5.0,18.0,0.0,1,Rhodotorula mucilaginosa
296.0,10.0,,0.0,0,Rhodotorula mucilaginosa
296.0,15.0,,0.0,0,Rhodotorula mucilaginosa
296.0,20.0,,0.0,0,Rhodotorula mucilaginosa
296.0,25.0,,0.0,0,Rhodotorula mucilaginosa
296.0,30.0,,6.0,0,Rhodotorula mucilaginosa
297.0,0.0,66.0,6.0,1,Rhodotorula diobovata
297.0,5.0,48.0,0.0,1,Rhodotorula diobovata
297.0,10.0,,0.0,0,Rhodotorula diobovata
297.0,15.0,,0.0,0,Rhodotorula diobovata
297.0,20.0,,0.0,0,Rhodotorula diobovata
297.0,25.0,,0.0,0,Rhodotorula diobovata
297.0,30.0,,0.0,0,Rhodotorula diobovata
298.0,0.0,0.0,0.0,1,Rhodotorula mucilaginosa
298.0,5.0,18.0,0.0,1,Rhodotorula mucilaginosa
298.0,10.0,,0.0,0,Rhodotorula mucilaginosa
298.0,15.0,,0.0,0,Rhodotorula mucilaginosa
298.0,20.0,,0.0,0,Rhodotorula mucilaginosa
298.0,25.0,,0.0,0,Rhodotorula mucilaginosa
298.0,30.0,,0.0,0,Rhodotorula mucilaginosa
299.0,0.0,30.0,0.0,1,Rhodotorula mucilaginosa
299.0,5.0,18.0,0.0,1,Rhodotorula mucilaginosa
299.0,10.0,,0.0,0,Rhodotorula mucilaginosa
299.0,15.0,,0.0,0,Rhodotorula mucilaginosa
299.0,20.0,,0.0,0,Rhodotorula mucilaginosa
299.0,25.0,,0.0,0,Rhodotorula mucilaginosa
299.0,30.0,,0.0,0,Rhodotorula mucilaginosa
300.0,0.0,30.0,0.0,1,Rhodotorula mucilaginosa
300.0,5.0,18.0,0.0,1,Rhodotorula mucilaginosa
300.0,10.0,,0.0,0,Rhodotorula mucilaginosa
300.0,15.0,,0.0,0,Rhodotorula mucilaginosa
300.0,20.0,,0.0,0,Rhodotorula mucilaginosa
300.0,25.0,,0.0,0,Rhodotorula mucilaginosa
300.0,30.0,,0.0,0,Rhodotorula mucilaginosa
301.0,0.0,36.0,0.0,1,Rhodotorula paludigena
301.0,5.0,24.0,0.0,1,Rhodotorula paludigena
301.0,10.0,,0.0,0,Rhodotorula paludigena
301.0,15.0,,0.0,0,Rhodotorula paludigena
301.0,20.0,,0.0,0,Rhodotorula paludigena
301.0,25.0,,0.0,0,Rhodotorula paludigena
301.0,30.0,,0.0,0,Rhodotorula paludigena
302.0,0.0,90.0,0.0,1,Rhodotorula sp. clade XI
302.0,5.0,24.0,0.0,1,Rhodotorula sp. clade XI
302.0,10.0,,0.0,0,Rhodotorula sp. clade XI
302.0,15.0,,0.0,0,Rhodotorula sp. clade XI
302.0,20.0,,0.0,0,Rhodotorula sp. clade XI
302.0,25.0,,0.0,0,Rhodotorula sp. clade XI
302.0,30.0,,0.0,0,Rhodotorula sp. clade XI
303.0,0.0,30.0,0.0,1,Rhodotorula mucilaginosa
303.0,5.0,24.0,0.0,1,Rhodotorula mucilaginosa
303.0,10.0,,0.0,0,Rhodotorula mucilaginosa
303.0,15.0,,6.0,0,Rhodotorula mucilaginosa
303.0,20.0,,0.0,0,Rhodotorula mucilaginosa
303.0,25.0,,0.0,0,Rhodotorula mucilaginosa
303.0,30.0,,0.0,0,Rhodotorula mucilaginosa
304.0,0.0,12.0,0.0,1,Rhodotorula mucilaginosa
304.0,5.0,18.0,0.0,1,Rhodotorula mucilaginosa
304.0,10.0,,0.0,0,Rhodotorula mucilaginosa
304.0,15.0,,0.0,0,Rhodotorula mucilaginosa
304.0,20.0,,0.0,0,Rhodotorula mucilaginosa
304.0,25.0,,0.0,0,Rhodotorula mucilaginosa
304.0,30.0,,0.0,0,Rhodotorula mucilaginosa
305.0,0.0,36.0,0.0,1,
305.0,5.0,18.0,0.0,1,
305.0,10.0,,0.0,0,
305.0,15.0,,0.0,0,
305.0,20.0,,0.0,0,
305.0,25.0,,0.0,0,
305.0,30.0,,0.0,0,
306.0,0.0,24.0,0.0,1,
306.0,5.0,18.0,0.0,1,
306.0,10.0,,0.0,0,
306.0,15.0,,0.0,0,
306.0,20.0,,0.0,0,
306.0,25.0,,0.0,0,
306.0,30.0,,0.0,0,
307.0,0.0,72.0,0.0,1,Rhodotorula mucilaginosa
307.0,5.0,24.0,0.0,1,Rhodotorula mucilaginosa
307.0,10.0,,0.0,0,Rhodotorula mucilaginosa
307.0,15.0,,0.0,0,Rhodotorula mucilaginosa
307.0,20.0,,0.0,0,Rhodotorula mucilaginosa
307.0,25.0,,0.0,0,Rhodotorula mucilaginosa
307.0,30.0,,0.0,0,Rhodotorula mucilaginosa
308.0,0.0,12.0,0.0,1,Rhodotorula mucilaginosa
308.0,5.0,0.0,0.0,1,Rhodotorula mucilaginosa
308.0,10.0,,0.0,0,Rhodotorula mucilaginosa
308.0,15.0,,0.0,0,Rhodotorula mucilaginosa
308.0,20.0,,0.0,0,Rhodotorula mucilaginosa
308.0,25.0,,0.0,0,Rhodotorula mucilaginosa
308.0,30.0,,12.0,0,Rhodotorula mucilaginosa
309.0,0.0,12.0,0.0,1,Rhodotorula mucilaginosa
309.0,5.0,18.0,0.0,1,Rhodotorula mucilaginosa
309.0,10.0,,0.0,0,Rhodotorula mucilaginosa
309.0,15.0,,0.0,0,Rhodotorula mucilaginosa
309.0,20.0,,0.0,0,Rhodotorula mucilaginosa
309.0,25.0,,0.0,0,Rhodotorula mucilaginosa
309.0,30.0,,6.0,0,Rhodotorula mucilaginosa
310.0,0.0,72.0,0.0,1,Rhodotorula kratochvilovae
310.0,5.0,18.0,0.0,1,Rhodotorula kratochvilovae
310.0,10.0,,0.0,0,Rhodotorula kratochvilovae
310.0,15.0,,0.0,0,Rhodotorula kratochvilovae
310.0,20.0,,0.0,0,Rhodotorula kratochvilovae
310.0,25.0,,0.0,0,Rhodotorula kratochvilovae
310.0,30.0,,0.0,0,Rhodotorula kratochvilovae
311.0,0.0,12.0,0.0,1,Rhodotorula kratochvilovae
311.0,5.0,12.0,0.0,1,Rhodotorula kratochvilovae
311.0,10.0,,0.0,0,Rhodotorula kratochvilovae
311.0,15.0,,0.0,0,Rhodotorula kratochvilovae
311.0,20.0,,0.0,0,Rhodotorula kratochvilovae
311.0,25.0,,6.0,0,Rhodotorula kratochvilovae
311.0,30.0,,24.0,0,Rhodotorula kratochvilovae
312.0,0.0,18.0,0.0,1,Pseudomicrostroma phylloplanum
312.0,5.0,18.0,0.0,1,Pseudomicrostroma phylloplanum
312.0,10.0,,0.0,0,Pseudomicrostroma phylloplanum
312.0,15.0,,0.0,0,Pseudomicrostroma phylloplanum
312.0,20.0,,0.0,0,Pseudomicrostroma phylloplanum
312.0,25.0,,0.0,0,Pseudomicrostroma phylloplanum
312.0,30.0,,0.0,0,Pseudomicrostroma phylloplanum
313.0,0.0,42.0,0.0,1,Rhodotorula mucilaginosa
313.0,5.0,12.0,0.0,1,Rhodotorula mucilaginosa
313.0,10.0,,0.0,0,Rhodotorula mucilaginosa
313.0,15.0,,0.0,0,Rhodotorula mucilaginosa
313.0,20.0,,0.0,0,Rhodotorula mucilaginosa
313.0,25.0,,0.0,0,Rhodotorula mucilaginosa
313.0,30.0,,6.0,0,Rhodotorula mucilaginosa
314.0,0.0,24.0,0.0,1,Rhodotorula glutinis
314.0,5.0,18.0,0.0,1,Rhodotorula glutinis
314.0,10.0,,0.0,0,Rhodotorula glutinis
314.0,15.0,,0.0,0,Rhodotorula glutinis
314.0,20.0,,0.0,0,Rhodotorula glutinis
314.0,25.0,,0.0,0,Rhodotorula glutinis
314.0,30.0,,0.0,0,Rhodotorula glutinis
315.0,0.0,24.0,0.0,1,Rhodotorula mucilaginosa
315.0,5.0,18.0,0.0,1,Rhodotorula mucilaginosa
315.0,10.0,,0.0,0,Rhodotorula mucilaginosa
315.0,15.0,,0.0,0,Rhodotorula mucilaginosa
315.0,20.0,,0.0,0,Rhodotorula mucilaginosa
315.0,25.0,,0.0,0,Rhodotorula mucilaginosa
315.0,30.0,,0.0,0,Rhodotorula mucilaginosa
316.0,5.0,42.0,0.0,1,Rhodotorula evergladensis
316.0,10.0,,0.0,0,Rhodotorula evergladensis
316.0,15.0,,0.0,0,Rhodotorula evergladensis
316.0,20.0,,0.0,0,Rhodotorula evergladensis
316.0,25.0,,0.0,0,Rhodotorula evergladensis
316.0,30.0,,90.0,0,Rhodotorula evergladensis
317.0,0.0,18.0,0.0,1,Rhodotorula mucilaginosa
317.0,5.0,6.0,0.0,1,Rhodotorula mucilaginosa
317.0,10.0,,0.0,0,Rhodotorula mucilaginosa
317.0,15.0,,0.0,0,Rhodotorula mucilaginosa
317.0,20.0,,0.0,0,Rhodotorula mucilaginosa
317.0,25.0,,0.0,0,Rhodotorula mucilaginosa
317.0,30.0,,0.0,0,Rhodotorula mucilaginosa
318.0,0.0,24.0,0.0,1,Rhodotorula mucilaginosa
318.0,5.0,18.0,0.0,1,Rhodotorula mucilaginosa
318.0,10.0,,0.0,0,Rhodotorula mucilaginosa
318.0,15.0,,0.0,0,Rhodotorula mucilaginosa
318.0,20.0,,0.0,0,Rhodotorula mucilaginosa
318.0,25.0,,0.0,0,Rhodotorula mucilaginosa
318.0,30.0,,0.0,0,Rhodotorula mucilaginosa
319.0,0.0,42.0,0.0,1,
319.0,5.0,18.0,0.0,1,
319.0,10.0,,0.0,0,
319.0,15.0,,0.0,0,
319.0,20.0,,0.0,0,
319.0,25.0,,0.0,0,
319.0,30.0,,12.0,0,
320.0,0.0,18.0,12.0,1,Rhodotorula graminis
320.0,5.0,18.0,0.0,1,Rhodotorula graminis
320.0,10.0,,0.0,0,Rhodotorula graminis
320.0,15.0,,0.0,0,Rhodotorula graminis
320.0,20.0,,12.0,0,Rhodotorula graminis
320.0,25.0,,0.0,0,Rhodotorula graminis
320.0,30.0,,6.0,0,Rhodotorula graminis
321.0,0.0,36.0,0.0,1,Rhodotorula dairenensis
321.0,5.0,18.0,0.0,1,Rhodotorula dairenensis
321.0,10.0,,0.0,0,Rhodotorula dairenensis
321.0,15.0,,0.0,0,Rhodotorula dairenensis
321.0,20.0,,0.0,0,Rhodotorula dairenensis
321.0,25.0,,0.0,0,Rhodotorula dairenensis
321.0,30.0,,0.0,0,Rhodotorula dairenensis
322.0,0.0,6.0,6.0,1,Rhodotorula mucilaginosa
322.0,5.0,84.0,0.0,1,Rhodotorula mucilaginosa
322.0,10.0,,0.0,0,Rhodotorula mucilaginosa
322.0,15.0,,12.0,0,Rhodotorula mucilaginosa
322.0,20.0,,0.0,0,Rhodotorula mucilaginosa
322.0,25.0,,0.0,0,Rhodotorula mucilaginosa
322.0,30.0,,12.0,0,Rhodotorula mucilaginosa
323.0,0.0,36.0,0.0,1,Rhodotorula sphaerocarpa
323.0,5.0,24.0,0.0,1,Rhodotorula sphaerocarpa
323.0,10.0,,0.0,0,Rhodotorula sphaerocarpa
323.0,15.0,,0.0,0,Rhodotorula sphaerocarpa
323.0,20.0,,0.0,0,Rhodotorula sphaerocarpa
323.0,25.0,,0.0,0,Rhodotorula sphaerocarpa
323.0,30.0,,6.0,0,Rhodotorula sphaerocarpa
324.0,0.0,18.0,0.0,1,Rhodotorula diobovata
324.0,5.0,18.0,0.0,1,Rhodotorula diobovata
324.0,10.0,,6.0,0,Rhodotorula diobovata
324.0,15.0,,24.0,0,Rhodotorula diobovata
324.0,20.0,,0.0,0,Rhodotorula diobovata
324.0,25.0,,6.0,0,Rhodotorula diobovata
324.0,30.0,,12.0,0,Rhodotorula diobovata
325.0,0.0,18.0,0.0,1,Rhodotorula paludigena
325.0,5.0,24.0,6.0,1,Rhodotorula paludigena
325.0,10.0,,0.0,0,Rhodotorula paludigena
325.0,15.0,,0.0,0,Rhodotorula paludigena
325.0,20.0,,12.0,0,Rhodotorula paludigena
325.0,25.0,,0.0,0,Rhodotorula paludigena
325.0,30.0,,0.0,0,Rhodotorula paludigena
326.0,0.0,30.0,0.0,1,Rhodotorula araucariae
326.0,5.0,18.0,0.0,1,Rhodotorula araucariae
326.0,10.0,,0.0,0,Rhodotorula araucariae
326.0,15.0,,0.0,0,Rhodotorula araucariae
326.0,20.0,,0.0,0,Rhodotorula araucariae
326.0,25.0,,0.0,0,Rhodotorula araucariae
326.0,30.0,,12.0,0,Rhodotorula araucariae
327.0,0.0,24.0,0.0,1,Rhodotorula evergladensis
327.0,5.0,12.0,0.0,1,Rhodotorula evergladensis
327.0,10.0,108.0,0.0,1,Rhodotorula evergladensis
327.0,15.0,,0.0,0,Rhodotorula evergladensis
327.0,20.0,,0.0,0,Rhodotorula evergladensis
327.0,25.0,,0.0,0,Rhodotorula evergladensis
327.0,30.0,,0.0,0,Rhodotorula evergladensis
334.0,0.0,24.0,0.0,1,Rhodotorula mucilaginosa
334.0,5.0,18.0,0.0,1,Rhodotorula mucilaginosa
334.0,10.0,,0.0,0,Rhodotorula mucilaginosa
334.0,15.0,,0.0,0,Rhodotorula mucilaginosa
334.0,20.0,,0.0,0,Rhodotorula mucilaginosa
334.0,25.0,,0.0,0,Rhodotorula mucilaginosa
334.0,30.0,,0.0,0,Rhodotorula mucilaginosa
