run_number,plate_position,conc,imgs,span_h,T=66h,T=80h,T=90h,T=107.6h
d000388,38,0.0,20,113.54888888888888,80,80,80,80
d000388,39,5.0,20,113.54888888888888,80,80,80,80
d000388,40,10.0,20,113.54888888888888,80,80,80,80
d000388,41,15.0,15,83.7311111111111,80,80,80,0
d000390,96,10.0,7,35.819722222222225,0,0,0,0
d000390,97,15.0,19,107.55222222222223,69,69,70,70
d000390,98,20.0,19,107.55222222222223,69,67,67,68
d000390,99,25.0,18,107.55222222222223,65,65,66,66
d000390,100,30.0,16,89.73611111111111,69,67,68,61
