"Metal","population","n_strains","slope_full_range","se","z_p","vs_pop1_p"
"Chromium","pop1",75,-8.29453561073699,1.03711841165202,1.26790879368929e-15,NA
"Chromium","pop2",28,-8.81841163136816,1.11356071597736,2.39213489619011e-15,0.393273684322685
"Chromium","pop3",25,-6.07626067324264,1.1017022935816,3.48110007612589e-08,0.000311492118348496
"Chromium","pop4",36,-9.28770108738448,1.08194378310744,9.14124505864701e-18,0.0451853954985492
"Chromium","pop5",16,-5.43412383859577,1.17065821886432,3.45155058914544e-06,4.46516168951938e-05
"Chromium","pop6",20,-5.68679300847235,1.13946781817626,6.01469417460411e-07,2.03341214505086e-05
"Copper","pop1",75,-13.8040996964682,0.392708899302127,1.12332385868552e-270,NA
"Copper","pop2",28,-15.2227348766027,0.540681199747835,2.09707500905316e-174,0.0169207568676929
"Copper","pop3",25,-12.7932244697792,0.571445717475775,5.21342282274702e-111,0.0966769788134298
"Copper","pop4",36,-15.2560580158981,0.49812576092592,5.36378232962077e-206,0.0042885122368625
"Copper","pop5",16,-11.9596983939178,0.714118958580031,5.90687498607046e-63,0.0117785071664254
"Copper","pop6",20,-13.1033800031684,0.632427377912965,2.32587783653352e-95,0.267897217331191
"Iron","pop1",69,3.39513670662649,0.428514000647262,2.31759317718857e-15,NA
"Iron","pop2",15,2.86565078540968,0.941618136314967,0.00233978849559007,0.574726971823322
"Iron","pop3",16,3.86140019800977,0.889332675186078,1.412510139228e-05,0.601564127797682
"Iron","pop4",32,6.56716128800583,0.545248796939119,2.07735176629319e-33,2.53416429257459e-07
"Iron","pop5",15,5.04023923998911,0.854791497577757,3.71394928821968e-09,0.0582494441195897
"Iron","pop6",20,3.95415874181333,0.64165480633248,7.16328313216846e-10,0.403750692024453
"Lead","pop1",75,-5.68892395209203,1.39968224392352,4.81480029914968e-05,NA
"Lead","pop2",28,-6.60864454952141,1.47309738032453,7.24965861743392e-06,0.244552612303426
"Lead","pop3",24,-5.55909390807503,1.51876660518581,0.000251950873697907,0.877298643334078
"Lead","pop4",36,-7.5414734792666,1.43076457765688,1.35727231886218e-07,0.00214544740862842
"Lead","pop5",16,-1.86767814602388,1.55454034308109,0.229582763377323,1.89795256083732e-05
"Lead","pop6",20,-5.00715518100052,1.49779721569927,0.000828740936105349,0.333428269285176
