Metal,conc,unfiltered,main,retained_%
Chromium,0.0,1197,1188,99.24812030075188
Chromium,0.2,1192,1188,99.66442953020135
Chromium,0.4,1188,1186,99.83164983164983
Chromium,0.6,1171,1166,99.57301451750641
Chromium,0.8,1179,1172,99.40627650551315
Chromium,1.0,1129,899,79.62798937112488
Chromium,1.2,1052,488,46.38783269961977
Copper,0.0,1138,1116,98.06678383128295
Copper,5.0,1124,1106,98.39857651245552
Copper,10.0,1106,1097,99.18625678119349
Copper,15.0,1107,1079,97.4706413730804
Copper,20.0,1078,1054,97.77365491651206
Copper,25.0,1061,1038,97.83223374175306
Copper,30.0,1038,994,95.76107899807322
Iron,0.0,605,601,99.33884297520662
Iron,5.0,606,601,99.17491749174917
Iron,10.0,601,601,100.0
Iron,15.0,601,601,100.0
Iron,20.0,601,601,100.0
Iron,25.0,530,530,100.0
Iron,30.0,529,529,100.0
Lead,0.0,1023,978,95.60117302052785
Lead,5.0,1025,972,94.82926829268293
Lead,10.0,1013,979,96.64363277393879
Lead,15.0,1004,925,92.13147410358566
Lead,20.0,891,242,27.160493827160494
Lead,25.0,924,245,26.515151515151516
Lead,30.0,875,265,30.285714285714285
Zinc,0.0,80,80,100.0
Zinc,5.0,80,80,100.0
Zinc,10.0,80,78,97.5
Zinc,15.0,149,140,93.95973154362416
Zinc,20.0,67,54,80.59701492537313
Zinc,25.0,65,34,52.30769230769231
Zinc,30.0,67,36,53.73134328358209
