Metal,conc,wells,kept,lost
Chromium,0.0,1196,1187,9
Chromium,0.2,1190,1187,3
Chromium,0.4,1188,1183,5
Chromium,0.6,1155,1140,15
Chromium,0.8,1165,1131,34
Chromium,1.0,684,491,193
Chromium,1.2,302,98,204
Copper,0.0,1119,1112,7
Copper,5.0,1109,1103,6
Copper,10.0,1094,1091,3
Copper,15.0,1076,1068,8
Copper,20.0,1048,1044,4
Copper,25.0,1035,1029,6
Copper,30.0,940,910,30
Iron,0.0,603,600,3
Iron,5.0,601,601,0
Iron,10.0,603,601,2
Iron,15.0,602,601,1
Iron,20.0,605,598,7
Iron,25.0,600,529,71
Iron,30.0,530,527,3
Lead,0.0,975,974,1
Lead,5.0,963,958,5
Lead,10.0,974,971,3
Lead,15.0,889,864,25
Lead,20.0,28,13,15
Lead,25.0,29,17,12
Lead,30.0,18,8,10
Zinc,0.0,80,80,0
Zinc,5.0,80,80,0
Zinc,10.0,145,75,70
Zinc,15.0,132,64,68
Zinc,20.0,40,32,8
Zinc,25.0,26,23,3
Zinc,30.0,20,15,5
