profile,n_total_hits,gap_threshold_bitscore,n_above_threshold,calibratable
ayg1,6,18.7,4,True
crtO,45,38.2,12,True
crtP,400,174.7,12,True
crtQ,159,41.5,1,True
crtR,31,32.2,3,True
crt_fungal_lcy,24,290.0,12,True
crt_fungal_pds,261,430.2,12,True
crt_fungal_psy,24,268.3,12,True
hgd,6,204.3,3,True
laccase,42,205.8,32,True
mysA,17,343.0,4,True
mysB,1,15.7,1,False
mysC,4,180.7,3,True
mysD,7,35.4,2,True
mysE,217,260.5,21,True
pks_melanin,662,123.8,1,True
scyA,28,90.3,13,True
scyD,15,23.4,3,True
scyF,6,16.1,5,True
t3hnr,558,191.6,1,True
t3hnr_disc_top20_f4,38,23.5,7,True
t4hnr,692,287.9,1,True
tyrosinase,8,223.8,5,True
