col_idx	seed_consensus	seed_conservation	fp_consensus	fp_conservation	discriminative_score
508	N	0.9923	A	0.6959	0.9923
647	N	0.9962	V	0.4667	0.9911
484	N	0.9885	T	0.8802	0.9885
754	W	0.9847	R	0.3650	0.9847
514	F	0.9732	V	0.7344	0.9732
651	P	0.9731	V	0.3980	0.9731
658	M	0.9732	F	0.3782	0.9631
725	R	0.9847	E	0.2300	0.9552
483	S	0.9389	V	0.7158	0.9389
512	Q	0.9425	A	0.6406	0.9376
499	E	0.9351	I	0.7062	0.9351
739	L	0.9885	D	0.3150	0.9341
513	F	0.9310	R	0.2188	0.9262
653	G	0.9500	A	0.2959	0.9258
502	D	0.9160	A	0.6495	0.9160
646	V	0.9160	A	0.2755	0.9067
652	G	0.9500	A	0.2564	0.9062
645	T	0.9580	D	0.2806	0.9042
657	D	0.9502	E	0.2448	0.8958
504	V	0.9195	A	0.8918	0.8816
485	S	0.8779	G	0.9637	0.8779
736	V	0.8731	E	0.4050	0.8731
644	I	0.8626	P	0.2640	0.8582
741	S	0.8774	V	0.3500	0.8467
655	K	0.8659	V	0.2147	0.8432
480	I	0.8702	V	0.4360	0.8399
505	F	0.8462	R	0.2887	0.8374
642	K	0.8282	T	0.3046	0.8198
497	T	0.8435	S	0.3990	0.8085
479	D	0.8206	K	0.3742	0.7954
650	A	0.9808	L	0.4154	0.7344
510	R	0.8429	E	0.2371	0.7169
738	F	0.8544	W	0.4450	0.6878
740	A	0.8008	R	0.3150	0.6686
481	V	0.8779	A	0.6359	0.6441
